sample_id,dataset,label,label_int,repo_rel_path,original_filename,file_ext,sha256,split,seed,sampling_version,source_index,truth_tier,policy_use
train_00001,mnist,0,0,data/images/mnist-classification/source-datasets/mnist/0/f192.png,f192.png,png,6c1a0565769b34d947d4635fb455f87cc6a9b8ee3dea5559d04022eeddc266ce,train,20260703,mnist-sampling-v1,192,gold_candidate,develop_policy
train_00002,mnist,0,0,data/images/mnist-classification/source-datasets/mnist/0/f206.png,f206.png,png,7e7cb60b059d35d261974e64c413048a8b090f27a4a3b79f720facdab56dbdfd,train,20260703,mnist-sampling-v1,206,gold_candidate,develop_policy
train_00003,mnist,0,0,data/images/mnist-classification/source-datasets/mnist/0/f667.png,f667.png,png,9b7cc8adb24f05fdd338f9c5140a85a1dc485d72bb27d23f2113351a792e6ea7,train,20260703,mnist-sampling-v1,667,gold_candidate,develop_policy
train_00004,mnist,0,0,data/images/mnist-classification/source-datasets/mnist/0/f712.png,f712.png,png,63f01b9050fdc4f422b29e56619de04e738ef697dbc4af35f837dbdf3b2a9e06,train,20260703,mnist-sampling-v1,712,gold_candidate,develop_policy
train_00005,mnist,0,0,data/images/mnist-classification/source-datasets/mnist/0/f957.png,f957.png,png,fd080c73dcefebe54bfe71a7a01b93170d8cbd0555e13a59b82f0b7e17316903,train,20260703,mnist-sampling-v1,957,gold_candidate,develop_policy
train_00006,mnist,0,0,data/images/mnist-classification/source-datasets/mnist/0/f1040.png,f1040.png,png,6eb4fac5261cdb922841c534a7b16691de5339b36830593c843d7249fdf57d6c,train,20260703,mnist-sampling-v1,1040,gold_candidate,develop_policy
train_00007,mnist,0,0,data/images/mnist-classification/source-datasets/mnist/0/f1049.png,f1049.png,png,e6be0ed1655a4ddcc696dd35116b8ec4f5da69dc9ab3b04696fa99020b34cb05,train,20260703,mnist-sampling-v1,1049,gold_candidate,develop_policy
train_00008,mnist,0,0,data/images/mnist-classification/source-datasets/mnist/0/f1403.png,f1403.png,png,3226c86e817db9940f9649ff180f09bb24d9ac8074a3dd9f6a68464c71d2477a,train,20260703,mnist-sampling-v1,1403,gold_candidate,develop_policy
train_00009,mnist,0,0,data/images/mnist-classification/source-datasets/mnist/0/f1495.png,f1495.png,png,1afd9681ae0b7826d70aeb75ce95e12af7ff8b90f29e3e1097d951df6005595e,train,20260703,mnist-sampling-v1,1495,gold_candidate,develop_policy
train_00010,mnist,0,0,data/images/mnist-classification/source-datasets/mnist/0/f1532.png,f1532.png,png,df985880c82441a3901d08ad425abc72ed7e3615a4bacd1b919c2645a78fb9dd,train,20260703,mnist-sampling-v1,1532,gold_candidate,develop_policy
train_00011,mnist,0,0,data/images/mnist-classification/source-datasets/mnist/0/f1645.png,f1645.png,png,2f08fdbb704a94675ba2d04cfc661bc9abac84273ab3540feb389c2e970442ee,train,20260703,mnist-sampling-v1,1645,gold_candidate,develop_policy
train_00012,mnist,0,0,data/images/mnist-classification/source-datasets/mnist/0/f1868.png,f1868.png,png,4400478cc3f9eee5c26fd7b5fa731d1302be68e600e57f0df37f7c1c7bc57a91,train,20260703,mnist-sampling-v1,1868,gold_candidate,develop_policy
train_00013,mnist,0,0,data/images/mnist-classification/source-datasets/mnist/0/f1956.png,f1956.png,png,f8c139515e8152a82ecc2049c9a84c2e5b415ff31ce7fc3a5e2a9e86773c84fb,train,20260703,mnist-sampling-v1,1956,gold_candidate,develop_policy
train_00014,mnist,0,0,data/images/mnist-classification/source-datasets/mnist/0/f1995.png,f1995.png,png,75b0f2f627188ab44a250510bf83d4d46dc81ea70527bd545e5d5a45acca098f,train,20260703,mnist-sampling-v1,1995,gold_candidate,develop_policy
train_00015,mnist,0,0,data/images/mnist-classification/source-datasets/mnist/0/f2144.png,f2144.png,png,3d904ad1486e88e1cd6b95662a5fe863762a03afb81469af971c98284c580253,train,20260703,mnist-sampling-v1,2144,gold_candidate,develop_policy
train_00016,mnist,0,0,data/images/mnist-classification/source-datasets/mnist/0/f2606.png,f2606.png,png,0b393e6614a21fabc446378c008dd672a361f3634a6201f892c491bc5d677aa3,train,20260703,mnist-sampling-v1,2606,gold_candidate,develop_policy
train_00017,mnist,0,0,data/images/mnist-classification/source-datasets/mnist/0/f2839.png,f2839.png,png,bb041e5693149daeba17d5e3738040d923403f3a25a6204d8ec5f943f8e19dc7,train,20260703,mnist-sampling-v1,2839,gold_candidate,develop_policy
train_00018,mnist,0,0,data/images/mnist-classification/source-datasets/mnist/0/f3015.png,f3015.png,png,b8bd71377346d879ef3a47e46d2c0dcd0d08ce14643bc0f1cd476bf8a7765c07,train,20260703,mnist-sampling-v1,3015,gold_candidate,develop_policy
train_00019,mnist,0,0,data/images/mnist-classification/source-datasets/mnist/0/f3367.png,f3367.png,png,461b085cc20f935cccde62e9ddef030ea97cf7d292c2a9b92bd117ab3fe0ceeb,train,20260703,mnist-sampling-v1,3367,gold_candidate,develop_policy
train_00020,mnist,0,0,data/images/mnist-classification/source-datasets/mnist/0/f3443.png,f3443.png,png,dab3dcd6c791be86c165af17ff47887fdc4e4da11b60550745ca402103972914,train,20260703,mnist-sampling-v1,3443,gold_candidate,develop_policy
train_00021,mnist,0,0,data/images/mnist-classification/source-datasets/mnist/0/f3612.png,f3612.png,png,a346297622f152bb90551cce40ee134c3863e1710a8976207a2972c31c982539,train,20260703,mnist-sampling-v1,3612,gold_candidate,develop_policy
train_00022,mnist,0,0,data/images/mnist-classification/source-datasets/mnist/0/f3661.png,f3661.png,png,c0fb9c61988a034cf2ab57cfa6fcf5ad469ee9cd3ae1e4ae4cdebf9108ba5930,train,20260703,mnist-sampling-v1,3661,gold_candidate,develop_policy
train_00023,mnist,0,0,data/images/mnist-classification/source-datasets/mnist/0/f3698.png,f3698.png,png,cdafd16c04023767912e924e6d2cd89652ce72be6f3c6e9e440861b26d56dffa,train,20260703,mnist-sampling-v1,3698,gold_candidate,develop_policy
train_00024,mnist,0,0,data/images/mnist-classification/source-datasets/mnist/0/f3929.png,f3929.png,png,05faf64d1945d2ca6b4729e608e6b226fca43ce3be54eba769063a80e00799eb,train,20260703,mnist-sampling-v1,3929,gold_candidate,develop_policy
train_00025,mnist,0,0,data/images/mnist-classification/source-datasets/mnist/0/f4216.png,f4216.png,png,c5dd528734a3aa870a074e9f18d9e143fada39f2f0ccb0e6708f2ac8ef0df356,train,20260703,mnist-sampling-v1,4216,gold_candidate,develop_policy
train_00026,mnist,0,0,data/images/mnist-classification/source-datasets/mnist/0/f4642.png,f4642.png,png,e3b61e6b86734711130e0cf27691acf2f51775fb7702f3459d8974748b04922f,train,20260703,mnist-sampling-v1,4642,gold_candidate,develop_policy
train_00027,mnist,0,0,data/images/mnist-classification/source-datasets/mnist/0/f4994.png,f4994.png,png,14b9efed36c2983298dd15d9b2295a3e2581ca653864c0ca1919886717ce06a0,train,20260703,mnist-sampling-v1,4994,gold_candidate,develop_policy
train_00028,mnist,0,0,data/images/mnist-classification/source-datasets/mnist/0/f5373.png,f5373.png,png,c5ad70e9c4762e4646c9c9e06ea301848fe374a025f4c80655b82451f9c2bdc1,train,20260703,mnist-sampling-v1,5373,gold_candidate,develop_policy
train_00029,mnist,0,0,data/images/mnist-classification/source-datasets/mnist/0/f5929.png,f5929.png,png,e1a0ad83cd866434b95d00c5b5bcbb8a7c0189677ed054e76cad230b5372271b,train,20260703,mnist-sampling-v1,5929,gold_candidate,develop_policy
train_00030,mnist,0,0,data/images/mnist-classification/source-datasets/mnist/0/f6326.png,f6326.png,png,16edbf295269b9a39e599edc8f7500794ef8c11ab08cad4f70d09f10d8cca2bc,train,20260703,mnist-sampling-v1,6326,gold_candidate,develop_policy
train_00031,mnist,0,0,data/images/mnist-classification/source-datasets/mnist/0/f6406.png,f6406.png,png,fb767d7619e8f52be04ec7ac08dfdf7b3cfbcb12860c99fd429cac3dd89fb084,train,20260703,mnist-sampling-v1,6406,gold_candidate,develop_policy
train_00032,mnist,0,0,data/images/mnist-classification/source-datasets/mnist/0/f6496.png,f6496.png,png,60747596f83adb8a93c8ac6897933210dae67cf633ce1b14a3cddcca16f656cf,train,20260703,mnist-sampling-v1,6496,gold_candidate,develop_policy
train_00033,mnist,0,0,data/images/mnist-classification/source-datasets/mnist/0/f6611.png,f6611.png,png,b6f24a95a648cabdc6336003fe1adfc8d59fee7ef81be221e733755d3f65c382,train,20260703,mnist-sampling-v1,6611,gold_candidate,develop_policy
train_00034,mnist,0,0,data/images/mnist-classification/source-datasets/mnist/0/f6737.png,f6737.png,png,16cb3c351eca0d160a66eda74252cea0db6bb50eb9980fcb73b051d2fbbee77e,train,20260703,mnist-sampling-v1,6737,gold_candidate,develop_policy
train_00035,mnist,0,0,data/images/mnist-classification/source-datasets/mnist/0/f6973.png,f6973.png,png,0e028ec74f76164f53931b9692015d22b29b843e2c416caa699a4c486313b215,train,20260703,mnist-sampling-v1,6973,gold_candidate,develop_policy
train_00036,mnist,0,0,data/images/mnist-classification/source-datasets/mnist/0/f7325.png,f7325.png,png,492a96687c874b9e2e1f6ccfc47596bf25d51748b2f0a601d947d12c66150e09,train,20260703,mnist-sampling-v1,7325,gold_candidate,develop_policy
train_00037,mnist,0,0,data/images/mnist-classification/source-datasets/mnist/0/f7648.png,f7648.png,png,ebf9ebfafe805e7a12d9f82e560e85bbb158d23d1c6e4078eb517a4aa243b87a,train,20260703,mnist-sampling-v1,7648,gold_candidate,develop_policy
train_00038,mnist,0,0,data/images/mnist-classification/source-datasets/mnist/0/f8134.png,f8134.png,png,5ac665051aae914963336454919729157d4f55276e87c3956e3607da2cb53e51,train,20260703,mnist-sampling-v1,8134,gold_candidate,develop_policy
train_00039,mnist,0,0,data/images/mnist-classification/source-datasets/mnist/0/f8385.png,f8385.png,png,a8a5b9e89740310f4d6126270d4a6f66c40fd2412b69887fda9a175307e6f972,train,20260703,mnist-sampling-v1,8385,gold_candidate,develop_policy
train_00040,mnist,0,0,data/images/mnist-classification/source-datasets/mnist/0/f8540.png,f8540.png,png,03f24bec3099dbe9a4aec42aa47add0c177e3a63ae2c736f8eeb8fe4d2982fef,train,20260703,mnist-sampling-v1,8540,gold_candidate,develop_policy
train_00041,mnist,0,0,data/images/mnist-classification/source-datasets/mnist/0/f9195.png,f9195.png,png,edbec39cd0947565ffc6dcd587f78e409eed9981f451dde08514ab2faf34d31f,train,20260703,mnist-sampling-v1,9195,gold_candidate,develop_policy
train_00042,mnist,0,0,data/images/mnist-classification/source-datasets/mnist/0/f9478.png,f9478.png,png,a393ccded82e99ad2ba2c90231c31f5fa39e30a27736387b1cff2fa4eaf9c8c1,train,20260703,mnist-sampling-v1,9478,gold_candidate,develop_policy
train_00043,mnist,0,0,data/images/mnist-classification/source-datasets/mnist/0/f9695.png,f9695.png,png,9bdc601814515f270bbfbdb4905dd7ed7055ef8a67acfea0ad870eb783f951bb,train,20260703,mnist-sampling-v1,9695,gold_candidate,develop_policy
train_00044,mnist,0,0,data/images/mnist-classification/source-datasets/mnist/0/f10204.png,f10204.png,png,ebdb9572de243a0edaff003e9ac41a15d0b831f17f459c56f591cd93b4355034,train,20260703,mnist-sampling-v1,10204,gold_candidate,develop_policy
train_00045,mnist,0,0,data/images/mnist-classification/source-datasets/mnist/0/f10531.png,f10531.png,png,b464ab9b5e520d39de9c9d2ce0c2a10c40ddbc8797fc52b478829c948b875e31,train,20260703,mnist-sampling-v1,10531,gold_candidate,develop_policy
train_00046,mnist,0,0,data/images/mnist-classification/source-datasets/mnist/0/f10781.png,f10781.png,png,9b29bcfa204d795728ed30ef3ca8e1390da30141db04972e307a5078ffb2e78f,train,20260703,mnist-sampling-v1,10781,gold_candidate,develop_policy
train_00047,mnist,0,0,data/images/mnist-classification/source-datasets/mnist/0/f10992.png,f10992.png,png,980f11ea6f4fb225c57bda99a8c681c07d0dee7f244e2a17d87af31a63a90288,train,20260703,mnist-sampling-v1,10992,gold_candidate,develop_policy
train_00048,mnist,0,0,data/images/mnist-classification/source-datasets/mnist/0/f11269.png,f11269.png,png,21aae6edd9b1de1fe8a46c3008dd8f56fb98eb83963688a31321c25473827b9f,train,20260703,mnist-sampling-v1,11269,gold_candidate,develop_policy
train_00049,mnist,0,0,data/images/mnist-classification/source-datasets/mnist/0/f11361.png,f11361.png,png,a168bbcb41c99281aafb6ac64035258017e9b571547e83881faf50f5040dc29b,train,20260703,mnist-sampling-v1,11361,gold_candidate,develop_policy
train_00050,mnist,0,0,data/images/mnist-classification/source-datasets/mnist/0/f11462.png,f11462.png,png,1d240022e303cbe5d636ade925c16dba9d830628ed8d3058ed69dcabde6c8178,train,20260703,mnist-sampling-v1,11462,gold_candidate,develop_policy
train_00051,mnist,0,0,data/images/mnist-classification/source-datasets/mnist/0/f12550.png,f12550.png,png,c578997af10198671295656a9d2cc496a5b3ad7f86da7b73c9843b2f5c3aaa41,train,20260703,mnist-sampling-v1,12550,gold_candidate,develop_policy
train_00052,mnist,0,0,data/images/mnist-classification/source-datasets/mnist/0/f12839.png,f12839.png,png,b5e4e02fb1a823027abc0c07b319345322db9c70455b01f18349305667eea5fa,train,20260703,mnist-sampling-v1,12839,gold_candidate,develop_policy
train_00053,mnist,0,0,data/images/mnist-classification/source-datasets/mnist/0/f13214.png,f13214.png,png,b79f1f4d3bfb981a5ea803bef65239b4563a6b68288b3f9eb5c4237ff1b90a69,train,20260703,mnist-sampling-v1,13214,gold_candidate,develop_policy
train_00054,mnist,0,0,data/images/mnist-classification/source-datasets/mnist/0/f14773.png,f14773.png,png,abecee6acb1fdb11cd47d48ecb910212004b29c86c543a74a42ed400b9dcb52d,train,20260703,mnist-sampling-v1,14773,gold_candidate,develop_policy
train_00055,mnist,0,0,data/images/mnist-classification/source-datasets/mnist/0/f15242.png,f15242.png,png,3d2ecaafbe9cce2af212374d11705bc9c5c76d2bef1a9d7f08d3d953ec96b22a,train,20260703,mnist-sampling-v1,15242,gold_candidate,develop_policy
train_00056,mnist,0,0,data/images/mnist-classification/source-datasets/mnist/0/f15275.png,f15275.png,png,867c4274940a2e653b02f5c7b75cb2c8a8e74474bb86f707fc44c8dffd25b5b9,train,20260703,mnist-sampling-v1,15275,gold_candidate,develop_policy
train_00057,mnist,0,0,data/images/mnist-classification/source-datasets/mnist/0/f15828.png,f15828.png,png,33b16d38fe26923809ec96942b576249512e958a56f16ff471a262c37c683271,train,20260703,mnist-sampling-v1,15828,gold_candidate,develop_policy
train_00058,mnist,0,0,data/images/mnist-classification/source-datasets/mnist/0/f16679.png,f16679.png,png,2778880f842e696f08469bb2d38365dc88dba16d303c33a47e21984e4ba8b7a5,train,20260703,mnist-sampling-v1,16679,gold_candidate,develop_policy
train_00059,mnist,0,0,data/images/mnist-classification/source-datasets/mnist/0/f16787.png,f16787.png,png,71e0ac4f49b32c0079fda5ead9fc2aff078eb6eb7603b61ee49f82fb2bdb96d7,train,20260703,mnist-sampling-v1,16787,gold_candidate,develop_policy
train_00060,mnist,0,0,data/images/mnist-classification/source-datasets/mnist/0/f17106.png,f17106.png,png,f49bed5ba99772b4c22816d3ba4739ac0e0639e00ac8e86939438f008126a361,train,20260703,mnist-sampling-v1,17106,gold_candidate,develop_policy
train_00061,mnist,0,0,data/images/mnist-classification/source-datasets/mnist/0/f17200.png,f17200.png,png,59020319ebe6f172ee9dcf16263ac0d44e529ef4dff57d1a5880b11a3abf6628,train,20260703,mnist-sampling-v1,17200,gold_candidate,develop_policy
train_00062,mnist,0,0,data/images/mnist-classification/source-datasets/mnist/0/f17625.png,f17625.png,png,245f5cacd9074a7cff191ba9616d4c3be556632e0c576768f30db42824f3cef6,train,20260703,mnist-sampling-v1,17625,gold_candidate,develop_policy
train_00063,mnist,0,0,data/images/mnist-classification/source-datasets/mnist/0/f17738.png,f17738.png,png,ab79bfa24ec600566259888fceca384533f0e80b48fd5943a4bf4290500ddfdb,train,20260703,mnist-sampling-v1,17738,gold_candidate,develop_policy
train_00064,mnist,0,0,data/images/mnist-classification/source-datasets/mnist/0/f18371.png,f18371.png,png,168563061a5153ef2356354ae00576cf9d54c40f420f775cbabbb07cf51a2b87,train,20260703,mnist-sampling-v1,18371,gold_candidate,develop_policy
train_00065,mnist,0,0,data/images/mnist-classification/source-datasets/mnist/0/f19117.png,f19117.png,png,a4f3d1e1d75df74e5449a15b9947488f36109cd9fc194f22811bebc8469e4317,train,20260703,mnist-sampling-v1,19117,gold_candidate,develop_policy
train_00066,mnist,0,0,data/images/mnist-classification/source-datasets/mnist/0/f19535.png,f19535.png,png,3ba3e32fe99f6c35f1c71ecde8f6faef5366ed98407f327ee2a13df23a9800a9,train,20260703,mnist-sampling-v1,19535,gold_candidate,develop_policy
train_00067,mnist,0,0,data/images/mnist-classification/source-datasets/mnist/0/f20095.png,f20095.png,png,0fc8b4f36aa442375ad5c86cf20a06d1c607472eb5974b2ac0921eba646bdc9d,train,20260703,mnist-sampling-v1,20095,gold_candidate,develop_policy
train_00068,mnist,0,0,data/images/mnist-classification/source-datasets/mnist/0/f20369.png,f20369.png,png,1edb5af86c6d180c10418450c9f80dbaa8e3fc5132e6e4d413f0516722b97848,train,20260703,mnist-sampling-v1,20369,gold_candidate,develop_policy
train_00069,mnist,0,0,data/images/mnist-classification/source-datasets/mnist/0/f20979.png,f20979.png,png,b7056f9ebfda41df5825826c23d6d5659de5af8d48f3d65c99dd4adbfd5692fd,train,20260703,mnist-sampling-v1,20979,gold_candidate,develop_policy
train_00070,mnist,0,0,data/images/mnist-classification/source-datasets/mnist/0/f21028.png,f21028.png,png,9184f0e4a23f749d3d9e1352280d19f1d9d9e2ce7dcdb91c3a86b970f4018391,train,20260703,mnist-sampling-v1,21028,gold_candidate,develop_policy
train_00071,mnist,0,0,data/images/mnist-classification/source-datasets/mnist/0/f21273.png,f21273.png,png,518d9e9114d80b485221198aea2701284cb447abaed3e852e22f57c3a828df78,train,20260703,mnist-sampling-v1,21273,gold_candidate,develop_policy
train_00072,mnist,0,0,data/images/mnist-classification/source-datasets/mnist/0/f21299.png,f21299.png,png,e67024926987af7b5f7eccd482c907a17460081ee9604001cb8a72b335ada616,train,20260703,mnist-sampling-v1,21299,gold_candidate,develop_policy
train_00073,mnist,0,0,data/images/mnist-classification/source-datasets/mnist/0/f22245.png,f22245.png,png,6e95d7322e92a39fcbd55055809a4b82ff3b129a0b61f17e89f53e204d2d2241,train,20260703,mnist-sampling-v1,22245,gold_candidate,develop_policy
train_00074,mnist,0,0,data/images/mnist-classification/source-datasets/mnist/0/f22429.png,f22429.png,png,dd8c79dae32515d8964727b1d1b2943d06aef6bb4a7325f7a65f76b1e8c2462a,train,20260703,mnist-sampling-v1,22429,gold_candidate,develop_policy
train_00075,mnist,0,0,data/images/mnist-classification/source-datasets/mnist/0/f22752.png,f22752.png,png,e567fcf133f81da9a6a73468e6a92e921fcd509174ae976df19c79cd233557ae,train,20260703,mnist-sampling-v1,22752,gold_candidate,develop_policy
train_00076,mnist,0,0,data/images/mnist-classification/source-datasets/mnist/0/f23088.png,f23088.png,png,cc35a79d6161cec40c89468884f34fab26bf659035f17157329e94636f54e8d2,train,20260703,mnist-sampling-v1,23088,gold_candidate,develop_policy
train_00077,mnist,0,0,data/images/mnist-classification/source-datasets/mnist/0/f23331.png,f23331.png,png,7bc0e103b76432b2735cdd70261341c4b1075845ff9afe011ce14ee135d93801,train,20260703,mnist-sampling-v1,23331,gold_candidate,develop_policy
train_00078,mnist,0,0,data/images/mnist-classification/source-datasets/mnist/0/f23943.png,f23943.png,png,d087d575d496a02ebf9d246464f1c103a5c544c089ee320f84356aedadf99eca,train,20260703,mnist-sampling-v1,23943,gold_candidate,develop_policy
train_00079,mnist,0,0,data/images/mnist-classification/source-datasets/mnist/0/f24343.png,f24343.png,png,e18f0f5a6c7fd2b86233fc4b2883d3d752bc0d532240fd7ac07d629221498bad,train,20260703,mnist-sampling-v1,24343,gold_candidate,develop_policy
train_00080,mnist,0,0,data/images/mnist-classification/source-datasets/mnist/0/f24525.png,f24525.png,png,b2eedc25115ef472f8ec705fdc7b0bd0916e01013bf31d277131c997f901f587,train,20260703,mnist-sampling-v1,24525,gold_candidate,develop_policy
train_00081,mnist,0,0,data/images/mnist-classification/source-datasets/mnist/0/f24693.png,f24693.png,png,2cf3a68e99721d38592cf6861ab0bc0d6b4be5c8941589962be00699762eb6f4,train,20260703,mnist-sampling-v1,24693,gold_candidate,develop_policy
train_00082,mnist,0,0,data/images/mnist-classification/source-datasets/mnist/0/f24892.png,f24892.png,png,c13dbc925219188c62610d670a36e4c01e75e96c0b924f9092ac17c10a47c82e,train,20260703,mnist-sampling-v1,24892,gold_candidate,develop_policy
train_00083,mnist,0,0,data/images/mnist-classification/source-datasets/mnist/0/f25082.png,f25082.png,png,c1188d9661663bf7c19a41798297d1235418eab65019b607a5e2cfbda2c0b5b9,train,20260703,mnist-sampling-v1,25082,gold_candidate,develop_policy
train_00084,mnist,0,0,data/images/mnist-classification/source-datasets/mnist/0/f25461.png,f25461.png,png,dd9116ff4d29d5fe4313add18c00de360d3d7b272da6f2c19e0e3e4337a7e858,train,20260703,mnist-sampling-v1,25461,gold_candidate,develop_policy
train_00085,mnist,0,0,data/images/mnist-classification/source-datasets/mnist/0/f25567.png,f25567.png,png,c72735e0f4a2498829b9915fd069d7c8ebbbd1e38cafe9afaae4f2f93382a9e8,train,20260703,mnist-sampling-v1,25567,gold_candidate,develop_policy
train_00086,mnist,0,0,data/images/mnist-classification/source-datasets/mnist/0/f26040.png,f26040.png,png,5060a6e8a6e165f085df770ca7b40a5288439576b5f1c841e1bac5b5f2cb6ddb,train,20260703,mnist-sampling-v1,26040,gold_candidate,develop_policy
train_00087,mnist,0,0,data/images/mnist-classification/source-datasets/mnist/0/f26338.png,f26338.png,png,a55c51283f9874a99f87f32a6e80bf332d0f9bfd93b3baba8560168d7604baf9,train,20260703,mnist-sampling-v1,26338,gold_candidate,develop_policy
train_00088,mnist,0,0,data/images/mnist-classification/source-datasets/mnist/0/f26608.png,f26608.png,png,a4c78089468954ec2633ff69c0ec3640e4295f55578975d10dd2cbf1bfef58c0,train,20260703,mnist-sampling-v1,26608,gold_candidate,develop_policy
train_00089,mnist,0,0,data/images/mnist-classification/source-datasets/mnist/0/f26619.png,f26619.png,png,d93176887858e145bf7f9363804e2a6d1943ceaecc978c0c851c5515c1373361,train,20260703,mnist-sampling-v1,26619,gold_candidate,develop_policy
train_00090,mnist,0,0,data/images/mnist-classification/source-datasets/mnist/0/f26859.png,f26859.png,png,99f00912619cbe57da5711c4c43e830293399031317a752ac0de648e88f02375,train,20260703,mnist-sampling-v1,26859,gold_candidate,develop_policy
train_00091,mnist,0,0,data/images/mnist-classification/source-datasets/mnist/0/f27492.png,f27492.png,png,4b70e3c8221028c1098b2e4fcd98c4bd55f60f6d4875f94090e14264ffcc4bad,train,20260703,mnist-sampling-v1,27492,gold_candidate,develop_policy
train_00092,mnist,0,0,data/images/mnist-classification/source-datasets/mnist/0/f27580.png,f27580.png,png,a8e25c784b44582f179d6c4b73aff663f350abdd21f84b591dd5c94efb959e24,train,20260703,mnist-sampling-v1,27580,gold_candidate,develop_policy
train_00093,mnist,0,0,data/images/mnist-classification/source-datasets/mnist/0/f28230.png,f28230.png,png,8ec20ea1cdd0ddd1e99aef535e963a47178ead9140bd2a6581876373f17543f4,train,20260703,mnist-sampling-v1,28230,gold_candidate,develop_policy
train_00094,mnist,0,0,data/images/mnist-classification/source-datasets/mnist/0/f29055.png,f29055.png,png,d0acab3de054a2e2835d6aa7ca682b255cdcaeb05f9f79edcae2a81b26bbe80b,train,20260703,mnist-sampling-v1,29055,gold_candidate,develop_policy
train_00095,mnist,0,0,data/images/mnist-classification/source-datasets/mnist/0/f29148.png,f29148.png,png,e6ff4227ab625ded79613989e083ffafbd513b962046ac7ac5e50332c9f034ba,train,20260703,mnist-sampling-v1,29148,gold_candidate,develop_policy
train_00096,mnist,0,0,data/images/mnist-classification/source-datasets/mnist/0/f29477.png,f29477.png,png,3421a2d3f351fa7dc8d3b4dc6b928494ea899d56e70a37fe581e2125b04964fc,train,20260703,mnist-sampling-v1,29477,gold_candidate,develop_policy
train_00097,mnist,0,0,data/images/mnist-classification/source-datasets/mnist/0/f29860.png,f29860.png,png,b81e56336818e0b01e845862a1573850a39ccca68619f0c9c27420dd1f750d63,train,20260703,mnist-sampling-v1,29860,gold_candidate,develop_policy
train_00098,mnist,0,0,data/images/mnist-classification/source-datasets/mnist/0/f30170.png,f30170.png,png,14616bf330167b77e6c9dcacc2b932a9b50a6a644d5f18852ccf501f2a28bac7,train,20260703,mnist-sampling-v1,30170,gold_candidate,develop_policy
train_00099,mnist,0,0,data/images/mnist-classification/source-datasets/mnist/0/f30438.png,f30438.png,png,057cca137c7bc1878960d45fea497a62e432ccbc09540288036d394dd06a6c4f,train,20260703,mnist-sampling-v1,30438,gold_candidate,develop_policy
train_00100,mnist,0,0,data/images/mnist-classification/source-datasets/mnist/0/f30480.png,f30480.png,png,c788b8da9816529886f64a68bc4bd5baad2ce464e3bfa676cc53395b664b8ab3,train,20260703,mnist-sampling-v1,30480,gold_candidate,develop_policy
train_00101,mnist,0,0,data/images/mnist-classification/source-datasets/mnist/0/f32313.png,f32313.png,png,02ae2553991b363b36674627b6022cf94f6b8d2ecb06825d3b5698f2104c0035,train,20260703,mnist-sampling-v1,32313,gold_candidate,develop_policy
train_00102,mnist,0,0,data/images/mnist-classification/source-datasets/mnist/0/f32336.png,f32336.png,png,bb26a8181f200f09e1a40f3116a85d8f6308ac91af0e23d3018b6ce8bbebf3aa,train,20260703,mnist-sampling-v1,32336,gold_candidate,develop_policy
train_00103,mnist,0,0,data/images/mnist-classification/source-datasets/mnist/0/f32574.png,f32574.png,png,be8a27a92b218b774fbee829bc97b235530f83ceb391b87ebf1b25b4457c8545,train,20260703,mnist-sampling-v1,32574,gold_candidate,develop_policy
train_00104,mnist,0,0,data/images/mnist-classification/source-datasets/mnist/0/f32867.png,f32867.png,png,c39f4e57e59b98dcdcc458dc2de4f450e59e131834afe43972f294a4d742545f,train,20260703,mnist-sampling-v1,32867,gold_candidate,develop_policy
train_00105,mnist,0,0,data/images/mnist-classification/source-datasets/mnist/0/f32966.png,f32966.png,png,2ca180566946b1e787eff07fb9170794f859138135cfa2c031d94e48fd85c37e,train,20260703,mnist-sampling-v1,32966,gold_candidate,develop_policy
train_00106,mnist,0,0,data/images/mnist-classification/source-datasets/mnist/0/f33230.png,f33230.png,png,676c3280f346e955df9a7454c938f656810b70cb388a49e862eb869d6a1611b6,train,20260703,mnist-sampling-v1,33230,gold_candidate,develop_policy
train_00107,mnist,0,0,data/images/mnist-classification/source-datasets/mnist/0/f33327.png,f33327.png,png,0bca70a1d3e7083038f88496720377642718b542e7193acda401245eff5f7197,train,20260703,mnist-sampling-v1,33327,gold_candidate,develop_policy
train_00108,mnist,0,0,data/images/mnist-classification/source-datasets/mnist/0/f33496.png,f33496.png,png,3ceca3f20418701391a3844f05f751f8243dbec9d28b0334a9cf66ccdc680cfc,train,20260703,mnist-sampling-v1,33496,gold_candidate,develop_policy
train_00109,mnist,0,0,data/images/mnist-classification/source-datasets/mnist/0/f33723.png,f33723.png,png,f48f4a4b99ec2a75396b0fbcb1ca73dc71e76807cb751cbd110f660c8334cffb,train,20260703,mnist-sampling-v1,33723,gold_candidate,develop_policy
train_00110,mnist,0,0,data/images/mnist-classification/source-datasets/mnist/0/f34097.png,f34097.png,png,1cac4a9a7549c06161ae23e032c0b72f6295e238e8ac8ccc2b5f1ffbf6417cad,train,20260703,mnist-sampling-v1,34097,gold_candidate,develop_policy
train_00111,mnist,0,0,data/images/mnist-classification/source-datasets/mnist/0/f34392.png,f34392.png,png,f638e2292063dbf5b07cfa7f792a4a46af2617db0b69572c5ca0d0bfce8a43c2,train,20260703,mnist-sampling-v1,34392,gold_candidate,develop_policy
train_00112,mnist,0,0,data/images/mnist-classification/source-datasets/mnist/0/f34737.png,f34737.png,png,86955934ba328c6861b24af1aa4a4d89b8a20b9470601167ddda32a588c1a61e,train,20260703,mnist-sampling-v1,34737,gold_candidate,develop_policy
train_00113,mnist,0,0,data/images/mnist-classification/source-datasets/mnist/0/f35067.png,f35067.png,png,8c59756b93bc000d86d1d87b6d0675e3dbc5c7d154e52edaefe22d905c56ceb3,train,20260703,mnist-sampling-v1,35067,gold_candidate,develop_policy
train_00114,mnist,0,0,data/images/mnist-classification/source-datasets/mnist/0/f35217.png,f35217.png,png,43981019a05d801a30d809537e0ae5e5d519817578322382a41de92759bf571e,train,20260703,mnist-sampling-v1,35217,gold_candidate,develop_policy
train_00115,mnist,0,0,data/images/mnist-classification/source-datasets/mnist/0/f35632.png,f35632.png,png,4d8e5a518a59b009b7989f04e353ae6f02a74ecedbbebbfa819c19b2a42ff918,train,20260703,mnist-sampling-v1,35632,gold_candidate,develop_policy
train_00116,mnist,0,0,data/images/mnist-classification/source-datasets/mnist/0/f35697.png,f35697.png,png,f1593ef279c6f1d22f47f9fa047008291e2cb5ae27d2d6df694defd0ff10bac4,train,20260703,mnist-sampling-v1,35697,gold_candidate,develop_policy
train_00117,mnist,0,0,data/images/mnist-classification/source-datasets/mnist/0/f36689.png,f36689.png,png,c049bda16fd461654e107ee7f9d4ccbc2c63a56f6cf7ce1c46708be8ff8e739c,train,20260703,mnist-sampling-v1,36689,gold_candidate,develop_policy
train_00118,mnist,0,0,data/images/mnist-classification/source-datasets/mnist/0/f36788.png,f36788.png,png,267fabdbf34a6fac4a07b453b066ed4d90063845fa764cfb6fe4e6cd6b72ed8f,train,20260703,mnist-sampling-v1,36788,gold_candidate,develop_policy
train_00119,mnist,0,0,data/images/mnist-classification/source-datasets/mnist/0/f37183.png,f37183.png,png,ddb57589405f957e0d86d46508d81348831755dbd4a30514d9fbd54ad494d57d,train,20260703,mnist-sampling-v1,37183,gold_candidate,develop_policy
train_00120,mnist,0,0,data/images/mnist-classification/source-datasets/mnist/0/f37269.png,f37269.png,png,e629c886c6fd9b2ae25a1c0aafb5cb6f25351dda359fc1b265bf39a58dcd38c0,train,20260703,mnist-sampling-v1,37269,gold_candidate,develop_policy
train_00121,mnist,0,0,data/images/mnist-classification/source-datasets/mnist/0/f37759.png,f37759.png,png,974a3c3ffaccfff4d2d02f547e484b1e93ddf5841694733d0bf95c6032062a6a,train,20260703,mnist-sampling-v1,37759,gold_candidate,develop_policy
train_00122,mnist,0,0,data/images/mnist-classification/source-datasets/mnist/0/f38335.png,f38335.png,png,0eb3694fc4ec018dd8187ecbddb1b47dfb49938919f1e013072fa9ea52852cf8,train,20260703,mnist-sampling-v1,38335,gold_candidate,develop_policy
train_00123,mnist,0,0,data/images/mnist-classification/source-datasets/mnist/0/f38473.png,f38473.png,png,967d93a815e93b5035e1ad706bcd537c6dfeba5f0f9039b0f736f1b92e321cca,train,20260703,mnist-sampling-v1,38473,gold_candidate,develop_policy
train_00124,mnist,0,0,data/images/mnist-classification/source-datasets/mnist/0/f38543.png,f38543.png,png,1ac1dcbbf7dfa71fbdc7e30a5d37542f86bf12cf07f6a5cb6ef62b49d2b5b595,train,20260703,mnist-sampling-v1,38543,gold_candidate,develop_policy
train_00125,mnist,0,0,data/images/mnist-classification/source-datasets/mnist/0/f38963.png,f38963.png,png,660d649bd7249634187071956853b58e4422e00a645c1c1b7dcbf94579e7ae2c,train,20260703,mnist-sampling-v1,38963,gold_candidate,develop_policy
train_00126,mnist,0,0,data/images/mnist-classification/source-datasets/mnist/0/f39309.png,f39309.png,png,5f149d56e4e3f06844a875f2bc24b718493f4938e489ffb74bca22265b07481b,train,20260703,mnist-sampling-v1,39309,gold_candidate,develop_policy
train_00127,mnist,0,0,data/images/mnist-classification/source-datasets/mnist/0/f39801.png,f39801.png,png,ccb68ea4c982fadfb255b9b474597250e9614b5fbd578f3059ff850385fd9355,train,20260703,mnist-sampling-v1,39801,gold_candidate,develop_policy
train_00128,mnist,0,0,data/images/mnist-classification/source-datasets/mnist/0/f39992.png,f39992.png,png,8a56cf9b050d3b8caaa2ecbe3cbabd4fb92fcbf1052ad4437b730496090dfe3d,train,20260703,mnist-sampling-v1,39992,gold_candidate,develop_policy
train_00129,mnist,0,0,data/images/mnist-classification/source-datasets/mnist/0/f40091.png,f40091.png,png,1b55891995ca8454c7791ee595b27387d1681fb5a30f2510e61b5da232846b17,train,20260703,mnist-sampling-v1,40091,gold_candidate,develop_policy
train_00130,mnist,0,0,data/images/mnist-classification/source-datasets/mnist/0/f40122.png,f40122.png,png,553122bc1e70a49358328ec65bf86eb7c10b0af2f0828b458815b276cabb2700,train,20260703,mnist-sampling-v1,40122,gold_candidate,develop_policy
train_00131,mnist,0,0,data/images/mnist-classification/source-datasets/mnist/0/f40218.png,f40218.png,png,b1db6a0fdfe4b6734ff806f30ab43c68e0dc61777b00b5c6ca1383b4130e1e64,train,20260703,mnist-sampling-v1,40218,gold_candidate,develop_policy
train_00132,mnist,0,0,data/images/mnist-classification/source-datasets/mnist/0/f40322.png,f40322.png,png,46fc94b75ae9d38fdf1d2a5053ab47a406be14803cd58ab8dd4aa4ebc389eee9,train,20260703,mnist-sampling-v1,40322,gold_candidate,develop_policy
train_00133,mnist,0,0,data/images/mnist-classification/source-datasets/mnist/0/f40479.png,f40479.png,png,eb802e7d935c6ad2530663ccff790b9a31541540fafa6413f553d24e95c26dd8,train,20260703,mnist-sampling-v1,40479,gold_candidate,develop_policy
train_00134,mnist,0,0,data/images/mnist-classification/source-datasets/mnist/0/f40563.png,f40563.png,png,d819b208f2f3a9ed31fff638830f01ffb00c2ade56cd1f714e43efbef05051ff,train,20260703,mnist-sampling-v1,40563,gold_candidate,develop_policy
train_00135,mnist,0,0,data/images/mnist-classification/source-datasets/mnist/0/f40746.png,f40746.png,png,df9120df51ae340b2b832ddbb6540913cbf54a7b3fa0cad1106b2334d2a7320a,train,20260703,mnist-sampling-v1,40746,gold_candidate,develop_policy
train_00136,mnist,0,0,data/images/mnist-classification/source-datasets/mnist/0/f40859.png,f40859.png,png,eb06237b1a28b80a0c749727f350f66a7d3b69b0af4524efecab7fcbeef002bf,train,20260703,mnist-sampling-v1,40859,gold_candidate,develop_policy
train_00137,mnist,0,0,data/images/mnist-classification/source-datasets/mnist/0/f41137.png,f41137.png,png,84825976178c65e6036c7baa5edf3e372f3adf119aea0ab061d5affeed2c4e4e,train,20260703,mnist-sampling-v1,41137,gold_candidate,develop_policy
train_00138,mnist,0,0,data/images/mnist-classification/source-datasets/mnist/0/f41341.png,f41341.png,png,06b94435cd584bb041a4276cd16ae5d3645e71e91ac23dc568df2c8940549d60,train,20260703,mnist-sampling-v1,41341,gold_candidate,develop_policy
train_00139,mnist,0,0,data/images/mnist-classification/source-datasets/mnist/0/f41352.png,f41352.png,png,3964d4dee34650cf6c7f52d91b0c469b6b7eebfc49de39ee8aa83f471eb99157,train,20260703,mnist-sampling-v1,41352,gold_candidate,develop_policy
train_00140,mnist,0,0,data/images/mnist-classification/source-datasets/mnist/0/f41357.png,f41357.png,png,25b7c6f410d205d289a0ee57db50fa82d2887d308385bd435b475e92499b2730,train,20260703,mnist-sampling-v1,41357,gold_candidate,develop_policy
train_00141,mnist,0,0,data/images/mnist-classification/source-datasets/mnist/0/f41634.png,f41634.png,png,6bd45f377e690fd39c59fb441551f59301ba449a1b2cb2d7298f206479fb381f,train,20260703,mnist-sampling-v1,41634,gold_candidate,develop_policy
train_00142,mnist,0,0,data/images/mnist-classification/source-datasets/mnist/0/f41667.png,f41667.png,png,c3dbd18d6e79d43b2d898a5b3f90e2d20f22adcf395821c97090a6f3b9994570,train,20260703,mnist-sampling-v1,41667,gold_candidate,develop_policy
train_00143,mnist,0,0,data/images/mnist-classification/source-datasets/mnist/0/f41807.png,f41807.png,png,2591433502652e709954de29c33602cf020d425d786feb6dcd1b46bf08558a8d,train,20260703,mnist-sampling-v1,41807,gold_candidate,develop_policy
train_00144,mnist,0,0,data/images/mnist-classification/source-datasets/mnist/0/f42185.png,f42185.png,png,fb7c62fd326fb391fa76838149ae4cbaea3808c84b167138048d5b64bd43ca0d,train,20260703,mnist-sampling-v1,42185,gold_candidate,develop_policy
train_00145,mnist,0,0,data/images/mnist-classification/source-datasets/mnist/0/f42817.png,f42817.png,png,fcfd00fd5a5255f756d97745c07f6bdbfb5dfa4756cf2d819c70c71832b5e7da,train,20260703,mnist-sampling-v1,42817,gold_candidate,develop_policy
train_00146,mnist,0,0,data/images/mnist-classification/source-datasets/mnist/0/f43092.png,f43092.png,png,82d2e9970c6ac21ef5a056ed0fab4289a5c267c3537e58211eff1cddb63fd02f,train,20260703,mnist-sampling-v1,43092,gold_candidate,develop_policy
train_00147,mnist,0,0,data/images/mnist-classification/source-datasets/mnist/0/f43347.png,f43347.png,png,ac4c15046dec5a11dd351105493138c118fc8dd288050e3ce2fedf85859a46d4,train,20260703,mnist-sampling-v1,43347,gold_candidate,develop_policy
train_00148,mnist,0,0,data/images/mnist-classification/source-datasets/mnist/0/f43549.png,f43549.png,png,634d26e3fd9a0b0c39f1a409afaecd3c9b66f3d5d9deaf074e0d6715ec3a16ff,train,20260703,mnist-sampling-v1,43549,gold_candidate,develop_policy
train_00149,mnist,0,0,data/images/mnist-classification/source-datasets/mnist/0/f43624.png,f43624.png,png,3e68b3e036c40190a8f3a2194eb227b7aa687b154830eefe08988571b6a42f6b,train,20260703,mnist-sampling-v1,43624,gold_candidate,develop_policy
train_00150,mnist,0,0,data/images/mnist-classification/source-datasets/mnist/0/f44029.png,f44029.png,png,6bd00e94cd2c8cbb84384bab3d9ce8ebd1f1597fb6dadb768aad44eae18b715f,train,20260703,mnist-sampling-v1,44029,gold_candidate,develop_policy
train_00151,mnist,0,0,data/images/mnist-classification/source-datasets/mnist/0/f45061.png,f45061.png,png,617b19666d3679766cbbc9c4bc7195a76c3fb35dd77b55204991f1c0cdccc282,train,20260703,mnist-sampling-v1,45061,gold_candidate,develop_policy
train_00152,mnist,0,0,data/images/mnist-classification/source-datasets/mnist/0/f45152.png,f45152.png,png,55a60ff9b3f77eb9f61542bcee4e1dce40420d596a6d4d3a4c5a50555c8be6c7,train,20260703,mnist-sampling-v1,45152,gold_candidate,develop_policy
train_00153,mnist,0,0,data/images/mnist-classification/source-datasets/mnist/0/f45589.png,f45589.png,png,54dc4f7642d173299c93b810de6a9660646ab8afefb823ee1d4c3c26db9dd654,train,20260703,mnist-sampling-v1,45589,gold_candidate,develop_policy
train_00154,mnist,0,0,data/images/mnist-classification/source-datasets/mnist/0/f46683.png,f46683.png,png,adc00e65b49dab6512078798370427a1705045b7d8bb471f6bc6081a352faeee,train,20260703,mnist-sampling-v1,46683,gold_candidate,develop_policy
train_00155,mnist,0,0,data/images/mnist-classification/source-datasets/mnist/0/f47470.png,f47470.png,png,efe3d16d69e330f512090b6906b7b86ab9516a841470c7605bb1e92d72104366,train,20260703,mnist-sampling-v1,47470,gold_candidate,develop_policy
train_00156,mnist,0,0,data/images/mnist-classification/source-datasets/mnist/0/f47820.png,f47820.png,png,b93bd1874fd4d131c95f2c5aea3864e775fee7b19c71a97dabfdf072b1ba4b67,train,20260703,mnist-sampling-v1,47820,gold_candidate,develop_policy
train_00157,mnist,0,0,data/images/mnist-classification/source-datasets/mnist/0/f47867.png,f47867.png,png,9a72a7456a4cd31b2fcc77d99dd47f8087543aba91cf5ad079759db9480a571d,train,20260703,mnist-sampling-v1,47867,gold_candidate,develop_policy
train_00158,mnist,0,0,data/images/mnist-classification/source-datasets/mnist/0/f48023.png,f48023.png,png,f017d2ca7ade4bc685e2ed89cc2697fad08c14dc66da81a32cd6f3d9740006fe,train,20260703,mnist-sampling-v1,48023,gold_candidate,develop_policy
train_00159,mnist,0,0,data/images/mnist-classification/source-datasets/mnist/0/f48180.png,f48180.png,png,070c7e736b583bc589f1bc624d160c080f839fd2783c4bfaefaf50e2b3a6298d,train,20260703,mnist-sampling-v1,48180,gold_candidate,develop_policy
train_00160,mnist,0,0,data/images/mnist-classification/source-datasets/mnist/0/f48200.png,f48200.png,png,41e20d62358bf7dc324aeada57cdf144466ef396f88ece6c9651e72523ec720c,train,20260703,mnist-sampling-v1,48200,gold_candidate,develop_policy
train_00161,mnist,0,0,data/images/mnist-classification/source-datasets/mnist/0/f48403.png,f48403.png,png,6710324a38c5c0839146416f82b2e5c20b68f3fdb027bf54cf579f87c3664f4a,train,20260703,mnist-sampling-v1,48403,gold_candidate,develop_policy
train_00162,mnist,0,0,data/images/mnist-classification/source-datasets/mnist/0/f48419.png,f48419.png,png,124308e50ae56bdac971f368c8977e6693c5b24df5c76558d5dd6b7b1452e7ab,train,20260703,mnist-sampling-v1,48419,gold_candidate,develop_policy
train_00163,mnist,0,0,data/images/mnist-classification/source-datasets/mnist/0/f48780.png,f48780.png,png,8aaad8656eb803fcceff558b254dc008f49ed116e131380efec190712afa462c,train,20260703,mnist-sampling-v1,48780,gold_candidate,develop_policy
train_00164,mnist,0,0,data/images/mnist-classification/source-datasets/mnist/0/f49013.png,f49013.png,png,ce499507e2ffa2be2ac85c84286f3bc847d082696bea45816ad2e217729360eb,train,20260703,mnist-sampling-v1,49013,gold_candidate,develop_policy
train_00165,mnist,0,0,data/images/mnist-classification/source-datasets/mnist/0/f49214.png,f49214.png,png,5fc8258044850cfa660773d8a996f0521e2d54ff8c55ec2de7078ba4ac8dfb64,train,20260703,mnist-sampling-v1,49214,gold_candidate,develop_policy
train_00166,mnist,0,0,data/images/mnist-classification/source-datasets/mnist/0/f49244.png,f49244.png,png,f21de3408250c322d529634eb6b91d3b204720375b0212f4dcb61da57d3718ea,train,20260703,mnist-sampling-v1,49244,gold_candidate,develop_policy
train_00167,mnist,0,0,data/images/mnist-classification/source-datasets/mnist/0/f49533.png,f49533.png,png,fe8181a74b3a26d148b83e8d3d866ad09f57a89d2d7d6c324b06a18e35da030e,train,20260703,mnist-sampling-v1,49533,gold_candidate,develop_policy
train_00168,mnist,0,0,data/images/mnist-classification/source-datasets/mnist/0/f50081.png,f50081.png,png,e6baa38da9acc6dd4ca0506838ed4ba5ab25cd66d725a89a7c716c24096fa8c8,train,20260703,mnist-sampling-v1,50081,gold_candidate,develop_policy
train_00169,mnist,0,0,data/images/mnist-classification/source-datasets/mnist/0/f50157.png,f50157.png,png,ca5cf3f40be7b8c96991078b5da367d1253b01ec4e0de5bf2b4f8ae0ec42f074,train,20260703,mnist-sampling-v1,50157,gold_candidate,develop_policy
train_00170,mnist,0,0,data/images/mnist-classification/source-datasets/mnist/0/f50281.png,f50281.png,png,6da60d82552cb05437d0ddeb76af8d6b8260c8c88ee540d6e089f4151926f190,train,20260703,mnist-sampling-v1,50281,gold_candidate,develop_policy
train_00171,mnist,0,0,data/images/mnist-classification/source-datasets/mnist/0/f50424.png,f50424.png,png,8a699ec01cffc9fc349f02f2d31f157a242ad13eca4ce288ce3c0b06980177d7,train,20260703,mnist-sampling-v1,50424,gold_candidate,develop_policy
train_00172,mnist,0,0,data/images/mnist-classification/source-datasets/mnist/0/f50480.png,f50480.png,png,8faa0649d4865076856f2e86c609b0a03dae82c6ebbdcca4ebfe258783834dab,train,20260703,mnist-sampling-v1,50480,gold_candidate,develop_policy
train_00173,mnist,0,0,data/images/mnist-classification/source-datasets/mnist/0/f50813.png,f50813.png,png,7f0e73c45b47cbe003e6636057e96b9c8c5b54156cf79aa142fb82de5f27bfe8,train,20260703,mnist-sampling-v1,50813,gold_candidate,develop_policy
train_00174,mnist,0,0,data/images/mnist-classification/source-datasets/mnist/0/f51150.png,f51150.png,png,e9b2c394a3e69c34a9ee43c8b67b416fbbec96f0feed312604be841d569b97e7,train,20260703,mnist-sampling-v1,51150,gold_candidate,develop_policy
train_00175,mnist,0,0,data/images/mnist-classification/source-datasets/mnist/0/f51308.png,f51308.png,png,4be8efa718bebe3f096bf27da257d90792cbece2bc4a5842e1bec107743a0459,train,20260703,mnist-sampling-v1,51308,gold_candidate,develop_policy
train_00176,mnist,0,0,data/images/mnist-classification/source-datasets/mnist/0/f52130.png,f52130.png,png,39e814c073e55467324ee261eda8783f8733787511e82d355e18ac0eb500b5e9,train,20260703,mnist-sampling-v1,52130,gold_candidate,develop_policy
train_00177,mnist,0,0,data/images/mnist-classification/source-datasets/mnist/0/f52508.png,f52508.png,png,97dad3eeb5fb297e916727f614edbae3acc6b51ef9f73dc0dfadcd94115c6b3a,train,20260703,mnist-sampling-v1,52508,gold_candidate,develop_policy
train_00178,mnist,0,0,data/images/mnist-classification/source-datasets/mnist/0/f53124.png,f53124.png,png,73c93fa8a1039ab54f62258a5da692f05a19d0bc60b0736f28a5868ee13f1a18,train,20260703,mnist-sampling-v1,53124,gold_candidate,develop_policy
train_00179,mnist,0,0,data/images/mnist-classification/source-datasets/mnist/0/f53173.png,f53173.png,png,a842ec2753be74fbdd273fa4400d09b03a88f96ef3cde75025daaddca3d821ff,train,20260703,mnist-sampling-v1,53173,gold_candidate,develop_policy
train_00180,mnist,0,0,data/images/mnist-classification/source-datasets/mnist/0/f53407.png,f53407.png,png,5f6f230e5a695e93b5ee9db5cc15705b25dd9c83b67c46368a6a9fe26b4192f3,train,20260703,mnist-sampling-v1,53407,gold_candidate,develop_policy
train_00181,mnist,0,0,data/images/mnist-classification/source-datasets/mnist/0/f53487.png,f53487.png,png,b8ecd5043840ebf93e47aec78f4fa08c277a0840990bda4942193a3d5c1efd90,train,20260703,mnist-sampling-v1,53487,gold_candidate,develop_policy
train_00182,mnist,0,0,data/images/mnist-classification/source-datasets/mnist/0/f53934.png,f53934.png,png,e9853fa7dfa9a463794776fe2137d6c7e0919926276c71077345ab1d85d2ef3d,train,20260703,mnist-sampling-v1,53934,gold_candidate,develop_policy
train_00183,mnist,0,0,data/images/mnist-classification/source-datasets/mnist/0/f55251.png,f55251.png,png,50594f4a57cf5c3c2a3eed00a559293f37f9dfd509bbbc6bfb27c4dced3391ef,train,20260703,mnist-sampling-v1,55251,gold_candidate,develop_policy
train_00184,mnist,0,0,data/images/mnist-classification/source-datasets/mnist/0/f55582.png,f55582.png,png,94eadc51f835c74b508a437bd38350300d570961e5d5fb4b6202485fd89de527,train,20260703,mnist-sampling-v1,55582,gold_candidate,develop_policy
train_00185,mnist,0,0,data/images/mnist-classification/source-datasets/mnist/0/f55765.png,f55765.png,png,dd804e2a98f2766f0a4ee25f1521e6b68577c05a0fbb5009265db22265192379,train,20260703,mnist-sampling-v1,55765,gold_candidate,develop_policy
train_00186,mnist,0,0,data/images/mnist-classification/source-datasets/mnist/0/f55967.png,f55967.png,png,ab0d1166bfeecfa545ceae8b016405540eb034b74ea1e822d93d3c8a9dc00e4c,train,20260703,mnist-sampling-v1,55967,gold_candidate,develop_policy
train_00187,mnist,0,0,data/images/mnist-classification/source-datasets/mnist/0/f56454.png,f56454.png,png,75767c2459424de82c5038bc01027ca5d68801d4e71f15d56a6a87dff50d5f14,train,20260703,mnist-sampling-v1,56454,gold_candidate,develop_policy
train_00188,mnist,0,0,data/images/mnist-classification/source-datasets/mnist/0/f56969.png,f56969.png,png,605c9d8d6f94f3c79cc9744ed9bb05be560056d54e3841c99cf6760c5bb9808e,train,20260703,mnist-sampling-v1,56969,gold_candidate,develop_policy
train_00189,mnist,0,0,data/images/mnist-classification/source-datasets/mnist/0/f57027.png,f57027.png,png,687997bc0640eb255631a24df0b9909ce5b64cfac63f71338fdc8ab4fc0268c7,train,20260703,mnist-sampling-v1,57027,gold_candidate,develop_policy
train_00190,mnist,0,0,data/images/mnist-classification/source-datasets/mnist/0/f57543.png,f57543.png,png,438cc66fc01a5504778aa92a2c7ed27ec149345cb6c652e21eba7d1c508843ff,train,20260703,mnist-sampling-v1,57543,gold_candidate,develop_policy
train_00191,mnist,0,0,data/images/mnist-classification/source-datasets/mnist/0/f57700.png,f57700.png,png,082573aeb7256d8f09e4ac34dbdf1d8b62e0ba6224cafc0c043a11e375ff1eca,train,20260703,mnist-sampling-v1,57700,gold_candidate,develop_policy
train_00192,mnist,0,0,data/images/mnist-classification/source-datasets/mnist/0/f58658.png,f58658.png,png,04a819e4f9b56646ae2dba464a1d8959cffe14c5d459836d5d1fa89733a72eea,train,20260703,mnist-sampling-v1,58658,gold_candidate,develop_policy
train_00193,mnist,0,0,data/images/mnist-classification/source-datasets/mnist/0/f58665.png,f58665.png,png,60a87f9456388fb2ac9e1f262be0bc53b221166c217df3f8858eac092747fa32,train,20260703,mnist-sampling-v1,58665,gold_candidate,develop_policy
train_00194,mnist,0,0,data/images/mnist-classification/source-datasets/mnist/0/f58829.png,f58829.png,png,2f1f590af248a8894a07a21e8129a839a53136df41ecb6442c9500db0c0ccc98,train,20260703,mnist-sampling-v1,58829,gold_candidate,develop_policy
train_00195,mnist,0,0,data/images/mnist-classification/source-datasets/mnist/0/f58879.png,f58879.png,png,30adc006bf64254d57c06f2876ea4db9e67a06fe7c8e442189067a664c0e7782,train,20260703,mnist-sampling-v1,58879,gold_candidate,develop_policy
train_00196,mnist,0,0,data/images/mnist-classification/source-datasets/mnist/0/f59095.png,f59095.png,png,a6a4889ed6128518957ef782ba5d3a42d11e012987f97a059c87b8b309e4365f,train,20260703,mnist-sampling-v1,59095,gold_candidate,develop_policy
train_00197,mnist,0,0,data/images/mnist-classification/source-datasets/mnist/0/f59197.png,f59197.png,png,1cb9fb7df280a140e7985d178f27def7ba4bd959c53d037e51ce3ede4efe054f,train,20260703,mnist-sampling-v1,59197,gold_candidate,develop_policy
train_00198,mnist,0,0,data/images/mnist-classification/source-datasets/mnist/0/f59336.png,f59336.png,png,1a67ce0a1617b08f31f9347922a6a2ee7a01126ca7eaf52283b3dbaf0fa3d179,train,20260703,mnist-sampling-v1,59336,gold_candidate,develop_policy
train_00199,mnist,0,0,data/images/mnist-classification/source-datasets/mnist/0/f59363.png,f59363.png,png,f632f2d0de2a9c14416733db0bb6e395c1806880d2d0c90d24ef2455b0801937,train,20260703,mnist-sampling-v1,59363,gold_candidate,develop_policy
train_00200,mnist,0,0,data/images/mnist-classification/source-datasets/mnist/0/f59558.png,f59558.png,png,f1e28b128c9d8c2a1997a04eb02e3d7872954e3c9d015e7a027ee38394b9b31f,train,20260703,mnist-sampling-v1,59558,gold_candidate,develop_policy
train_00201,mnist,1,1,data/images/mnist-classification/source-datasets/mnist/1/f604.png,f604.png,png,b006681b9491cb5ce3262e22ff1b577f090f00e4ae92bb674fbf4c7ed4229de6,train,20260703,mnist-sampling-v1,604,gold_candidate,develop_policy
train_00202,mnist,1,1,data/images/mnist-classification/source-datasets/mnist/1/f1579.png,f1579.png,png,f7a1203bcbabe2e2b569a3499f7cc2998a782b4a523b1e2bd995fd77c8263b2e,train,20260703,mnist-sampling-v1,1579,gold_candidate,develop_policy
train_00203,mnist,1,1,data/images/mnist-classification/source-datasets/mnist/1/f1816.png,f1816.png,png,743823474a9b88ebace01b85a4d95df9287bb3fc2dfa0e30eed7151c17844f2e,train,20260703,mnist-sampling-v1,1816,gold_candidate,develop_policy
train_00204,mnist,1,1,data/images/mnist-classification/source-datasets/mnist/1/f2227.png,f2227.png,png,71b6d10a85f4534ae45b608a38b11d63fb6cdaa3bfbbf6ce4f3b82ff740b1818,train,20260703,mnist-sampling-v1,2227,gold_candidate,develop_policy
train_00205,mnist,1,1,data/images/mnist-classification/source-datasets/mnist/1/f2426.png,f2426.png,png,d3eaf05d257b2eecbd3e34e13bbc5e158175403e1fa0a79bd8c9b3ac6aa6726b,train,20260703,mnist-sampling-v1,2426,gold_candidate,develop_policy
train_00206,mnist,1,1,data/images/mnist-classification/source-datasets/mnist/1/f2572.png,f2572.png,png,fa1ce037321a2cc8e57da09eba0d24b891895187227b266d37242729c9cee3c5,train,20260703,mnist-sampling-v1,2572,gold_candidate,develop_policy
train_00207,mnist,1,1,data/images/mnist-classification/source-datasets/mnist/1/f2853.png,f2853.png,png,1603e234c224b377e4d231e50e475b63564ad40630d4f916df4f1061ec30be1f,train,20260703,mnist-sampling-v1,2853,gold_candidate,develop_policy
train_00208,mnist,1,1,data/images/mnist-classification/source-datasets/mnist/1/f3602.png,f3602.png,png,db32828f39313bbf043a2fa89b5e6d025b29e31969cd916c6caaa8df14525c44,train,20260703,mnist-sampling-v1,3602,gold_candidate,develop_policy
train_00209,mnist,1,1,data/images/mnist-classification/source-datasets/mnist/1/f4149.png,f4149.png,png,41173255ca4724a01a138e12ff513e04d85e285c9fa71bf7f81053328c6bfef5,train,20260703,mnist-sampling-v1,4149,gold_candidate,develop_policy
train_00210,mnist,1,1,data/images/mnist-classification/source-datasets/mnist/1/f4775.png,f4775.png,png,e29480005047f3aad5461eda267bd27853b60afbfa52fe402a6750559ac57bd9,train,20260703,mnist-sampling-v1,4775,gold_candidate,develop_policy
train_00211,mnist,1,1,data/images/mnist-classification/source-datasets/mnist/1/f4813.png,f4813.png,png,bc4e1816a4598a77cf89ced5ea13c6a57153c6c159428ae82ff01ee6903e5630,train,20260703,mnist-sampling-v1,4813,gold_candidate,develop_policy
train_00212,mnist,1,1,data/images/mnist-classification/source-datasets/mnist/1/f4960.png,f4960.png,png,6574eada183a9c87aafc0772c3a25578db5a845fb73ce857053a5a32b18267be,train,20260703,mnist-sampling-v1,4960,gold_candidate,develop_policy
train_00213,mnist,1,1,data/images/mnist-classification/source-datasets/mnist/1/f5107.png,f5107.png,png,75f7b721cc9bbfd98257a79e7518d36dce40c7a55a9cd8492bcdbd0c2b8c3130,train,20260703,mnist-sampling-v1,5107,gold_candidate,develop_policy
train_00214,mnist,1,1,data/images/mnist-classification/source-datasets/mnist/1/f5667.png,f5667.png,png,ee84121f47ea06d25799d7a8e47c9aa1d4593112fdd4375a132bdcb3c04621aa,train,20260703,mnist-sampling-v1,5667,gold_candidate,develop_policy
train_00215,mnist,1,1,data/images/mnist-classification/source-datasets/mnist/1/f6209.png,f6209.png,png,8cc5ce7e972a0565f77b87e27f840a33256b64ead9f11b285234c6a30171bbbd,train,20260703,mnist-sampling-v1,6209,gold_candidate,develop_policy
train_00216,mnist,1,1,data/images/mnist-classification/source-datasets/mnist/1/f6262.png,f6262.png,png,84a84c8df15eb3a8cf3bcd32af8a191f30d0e3d790e21d5aabfe0b013fbf5d6c,train,20260703,mnist-sampling-v1,6262,gold_candidate,develop_policy
train_00217,mnist,1,1,data/images/mnist-classification/source-datasets/mnist/1/f6384.png,f6384.png,png,9a1fa8bcf268eeb6fbb2aa565b5597f1c80e5c1685103b1cb458adb13d5fb239,train,20260703,mnist-sampling-v1,6384,gold_candidate,develop_policy
train_00218,mnist,1,1,data/images/mnist-classification/source-datasets/mnist/1/f6682.png,f6682.png,png,aa6c0488e2967af88fd2a11c3c815eb4295b85846fb9247e2598c86abac4c79a,train,20260703,mnist-sampling-v1,6682,gold_candidate,develop_policy
train_00219,mnist,1,1,data/images/mnist-classification/source-datasets/mnist/1/f6698.png,f6698.png,png,4ccf2a8464a7262f0108c507336b5ee8e984e88986abbbfd2fa401b584c779fd,train,20260703,mnist-sampling-v1,6698,gold_candidate,develop_policy
train_00220,mnist,1,1,data/images/mnist-classification/source-datasets/mnist/1/f6736.png,f6736.png,png,5ffc72490121840cf4bec7b8f2ec9393fe285f4718ed7ae164a640ac2d472c97,train,20260703,mnist-sampling-v1,6736,gold_candidate,develop_policy
train_00221,mnist,1,1,data/images/mnist-classification/source-datasets/mnist/1/f6946.png,f6946.png,png,e5faaa7fa0202e72a07824455e9d390f37c4b28558b2446601b72bc53ddeccbc,train,20260703,mnist-sampling-v1,6946,gold_candidate,develop_policy
train_00222,mnist,1,1,data/images/mnist-classification/source-datasets/mnist/1/f7317.png,f7317.png,png,6bbf661f3584d64399dd19059c10e4a5a884181bdd0ada553407147561c1c5f1,train,20260703,mnist-sampling-v1,7317,gold_candidate,develop_policy
train_00223,mnist,1,1,data/images/mnist-classification/source-datasets/mnist/1/f7542.png,f7542.png,png,1dbfc0a1e122e814eccb922c762b968023e8cef0a8d8906992de3442809d1e7a,train,20260703,mnist-sampling-v1,7542,gold_candidate,develop_policy
train_00224,mnist,1,1,data/images/mnist-classification/source-datasets/mnist/1/f7574.png,f7574.png,png,f5c16b88f4a72063a32105e6e4b996e02ec12c268817eeeed3d64ad6dcc90a56,train,20260703,mnist-sampling-v1,7574,gold_candidate,develop_policy
train_00225,mnist,1,1,data/images/mnist-classification/source-datasets/mnist/1/f7622.png,f7622.png,png,a1d0b6240759ea8613d0218ebdc77d6acac4e4bd8b33f7f864ec58896656ccd9,train,20260703,mnist-sampling-v1,7622,gold_candidate,develop_policy
train_00226,mnist,1,1,data/images/mnist-classification/source-datasets/mnist/1/f8258.png,f8258.png,png,08c55c223cfdc4565002fbeb5988173f4946a2d522fe7b2830573c45d6003603,train,20260703,mnist-sampling-v1,8258,gold_candidate,develop_policy
train_00227,mnist,1,1,data/images/mnist-classification/source-datasets/mnist/1/f8422.png,f8422.png,png,6e36318bcf28c7641de5daa38f7978a0395b2caf95380117924f2261cad3673c,train,20260703,mnist-sampling-v1,8422,gold_candidate,develop_policy
train_00228,mnist,1,1,data/images/mnist-classification/source-datasets/mnist/1/f9260.png,f9260.png,png,5d0cfc4c7ff7e520e32437a585bf33d7afdd86b19f43639de5651f61bebc4585,train,20260703,mnist-sampling-v1,9260,gold_candidate,develop_policy
train_00229,mnist,1,1,data/images/mnist-classification/source-datasets/mnist/1/f9562.png,f9562.png,png,e8f162a616367f3a15efb2e8b375c7d73e95a70eeebb4bb8c5693e8d3ba59261,train,20260703,mnist-sampling-v1,9562,gold_candidate,develop_policy
train_00230,mnist,1,1,data/images/mnist-classification/source-datasets/mnist/1/f10110.png,f10110.png,png,18f2db08a8204a0a9206f03fae9ff3a155afd930a41c533c72f19df901a7e90c,train,20260703,mnist-sampling-v1,10110,gold_candidate,develop_policy
train_00231,mnist,1,1,data/images/mnist-classification/source-datasets/mnist/1/f10983.png,f10983.png,png,39ba7428787c0b4f2389b0d6c6772ea0072bbbabaa841f45a724c7d35f3d48d5,train,20260703,mnist-sampling-v1,10983,gold_candidate,develop_policy
train_00232,mnist,1,1,data/images/mnist-classification/source-datasets/mnist/1/f11043.png,f11043.png,png,43c44673cf532f6b85798188007883e6b4e13132164315c5173a51b54f87d6d8,train,20260703,mnist-sampling-v1,11043,gold_candidate,develop_policy
train_00233,mnist,1,1,data/images/mnist-classification/source-datasets/mnist/1/f11157.png,f11157.png,png,69a936903fafc760871c774da9f8c113abec7ba3534a132ec19889d780378318,train,20260703,mnist-sampling-v1,11157,gold_candidate,develop_policy
train_00234,mnist,1,1,data/images/mnist-classification/source-datasets/mnist/1/f11433.png,f11433.png,png,c13045685c6f8288d3a34ce9f9bcaa3cd8edf7ba05f8e65ee7c7af7fcad6a5ca,train,20260703,mnist-sampling-v1,11433,gold_candidate,develop_policy
train_00235,mnist,1,1,data/images/mnist-classification/source-datasets/mnist/1/f11522.png,f11522.png,png,2f7b8125126d34a66a8958ebdb5d6b771eb996aeb4681d12fdc1d4ea42453368,train,20260703,mnist-sampling-v1,11522,gold_candidate,develop_policy
train_00236,mnist,1,1,data/images/mnist-classification/source-datasets/mnist/1/f11533.png,f11533.png,png,e15217e5d96ea9d7d815bd14aba626b240412d8dde11f59cb8673e38bc4ed334,train,20260703,mnist-sampling-v1,11533,gold_candidate,develop_policy
train_00237,mnist,1,1,data/images/mnist-classification/source-datasets/mnist/1/f11676.png,f11676.png,png,a86082a7c92a8903a680da908946518ba4ab9314674a91815c079b79c69b3bb9,train,20260703,mnist-sampling-v1,11676,gold_candidate,develop_policy
train_00238,mnist,1,1,data/images/mnist-classification/source-datasets/mnist/1/f11895.png,f11895.png,png,8d9029753642cfad3ace3ad47c6a952fc840e3ea72dbe8e36d2a0c08ab4fa1ae,train,20260703,mnist-sampling-v1,11895,gold_candidate,develop_policy
train_00239,mnist,1,1,data/images/mnist-classification/source-datasets/mnist/1/f12809.png,f12809.png,png,a838cdaa5228a2a141f46c646daba3c0ef8b5a63ef267cdafabd069a7cb79b3f,train,20260703,mnist-sampling-v1,12809,gold_candidate,develop_policy
train_00240,mnist,1,1,data/images/mnist-classification/source-datasets/mnist/1/f13003.png,f13003.png,png,4b602ffbb4b812be3d0d2d42df638bc8479ef06c118450e3246a7a0ac7383554,train,20260703,mnist-sampling-v1,13003,gold_candidate,develop_policy
train_00241,mnist,1,1,data/images/mnist-classification/source-datasets/mnist/1/f13154.png,f13154.png,png,dc3925b883467b0f8405c5f48029849705d5c589c86ae2cb593a143d42d5a68e,train,20260703,mnist-sampling-v1,13154,gold_candidate,develop_policy
train_00242,mnist,1,1,data/images/mnist-classification/source-datasets/mnist/1/f13372.png,f13372.png,png,2483f3001ca6a2f5e615aba1c3def25a6cfb9007dbb3a9485f3cdc2b522f95f3,train,20260703,mnist-sampling-v1,13372,gold_candidate,develop_policy
train_00243,mnist,1,1,data/images/mnist-classification/source-datasets/mnist/1/f13950.png,f13950.png,png,e8b1d003516692190b43a458172ede4048335b0a7f6cb28ade89bd7fb80f0472,train,20260703,mnist-sampling-v1,13950,gold_candidate,develop_policy
train_00244,mnist,1,1,data/images/mnist-classification/source-datasets/mnist/1/f14298.png,f14298.png,png,efee5ff49607935bc18ac1015e2713d81c0f7e44b33729cb204a22e5d48c45ca,train,20260703,mnist-sampling-v1,14298,gold_candidate,develop_policy
train_00245,mnist,1,1,data/images/mnist-classification/source-datasets/mnist/1/f14685.png,f14685.png,png,35c4a903a6f69e890e61e85af80121c27587c1ff36f459f1a5d6359337c8fb3a,train,20260703,mnist-sampling-v1,14685,gold_candidate,develop_policy
train_00246,mnist,1,1,data/images/mnist-classification/source-datasets/mnist/1/f14756.png,f14756.png,png,9940486a77f0bb6ae004c004cca3bcb8a2e5ea45a6091994948e5ee6c37011d7,train,20260703,mnist-sampling-v1,14756,gold_candidate,develop_policy
train_00247,mnist,1,1,data/images/mnist-classification/source-datasets/mnist/1/f14859.png,f14859.png,png,575265e81a15ec1dd0bf21f1bc9064e0ab2b9bc9ee2a61b01f341de01fb9db2e,train,20260703,mnist-sampling-v1,14859,gold_candidate,develop_policy
train_00248,mnist,1,1,data/images/mnist-classification/source-datasets/mnist/1/f15264.png,f15264.png,png,c0adb17c8138246a5ea51a96927db762d416025ed084f5311576c1f28cbf7fd7,train,20260703,mnist-sampling-v1,15264,gold_candidate,develop_policy
train_00249,mnist,1,1,data/images/mnist-classification/source-datasets/mnist/1/f15356.png,f15356.png,png,26f444ac432ee63a76e70304e37b32344d0e221c0764481c239cef5098b7be5e,train,20260703,mnist-sampling-v1,15356,gold_candidate,develop_policy
train_00250,mnist,1,1,data/images/mnist-classification/source-datasets/mnist/1/f15697.png,f15697.png,png,d74b123138ad5e950c2c1cff614be3fc37472537d9dda76152adc1dd67dfb6e7,train,20260703,mnist-sampling-v1,15697,gold_candidate,develop_policy
train_00251,mnist,1,1,data/images/mnist-classification/source-datasets/mnist/1/f16495.png,f16495.png,png,3a0779369bcc986516ef11adab8ab9a813af113919cb42813a6c8308c0c70d98,train,20260703,mnist-sampling-v1,16495,gold_candidate,develop_policy
train_00252,mnist,1,1,data/images/mnist-classification/source-datasets/mnist/1/f16643.png,f16643.png,png,2b2f55fa4078967816a835d8bb39ba8f35ddcc8904b08abe5145f15498413fb0,train,20260703,mnist-sampling-v1,16643,gold_candidate,develop_policy
train_00253,mnist,1,1,data/images/mnist-classification/source-datasets/mnist/1/f17488.png,f17488.png,png,e207ba4fa0d0d5f72da3b3a6b8f4926090d8f4f7ea0990aaa66a16f5ce2244dd,train,20260703,mnist-sampling-v1,17488,gold_candidate,develop_policy
train_00254,mnist,1,1,data/images/mnist-classification/source-datasets/mnist/1/f17541.png,f17541.png,png,0c16abc0eece53da5db966467383cbc9eb028d3a740b318ebe32533cb6ae34c7,train,20260703,mnist-sampling-v1,17541,gold_candidate,develop_policy
train_00255,mnist,1,1,data/images/mnist-classification/source-datasets/mnist/1/f18179.png,f18179.png,png,c93edf42f332c1e27361d6099cd96294da3aaf1c53e0e134addcb0fd5e356d79,train,20260703,mnist-sampling-v1,18179,gold_candidate,develop_policy
train_00256,mnist,1,1,data/images/mnist-classification/source-datasets/mnist/1/f18339.png,f18339.png,png,0f1c73fe21a95601c1cc8a60ccf369131a9b6b4c2868ecf2ccdd1654f053c5ce,train,20260703,mnist-sampling-v1,18339,gold_candidate,develop_policy
train_00257,mnist,1,1,data/images/mnist-classification/source-datasets/mnist/1/f18411.png,f18411.png,png,87046f08d32e52e2686d27e5ac99ae0cd6ee55d70e9a51050a69cfeb3cdeb22a,train,20260703,mnist-sampling-v1,18411,gold_candidate,develop_policy
train_00258,mnist,1,1,data/images/mnist-classification/source-datasets/mnist/1/f19150.png,f19150.png,png,c5838e1c7dda82becb6e08ea01e2e3c2f4560c60c3dcb5c9c31dafe644a014a4,train,20260703,mnist-sampling-v1,19150,gold_candidate,develop_policy
train_00259,mnist,1,1,data/images/mnist-classification/source-datasets/mnist/1/f19176.png,f19176.png,png,1da333b20e1aedd6b0d00c3ddad8619d446ef63309660e93fb5fcd09a89e626a,train,20260703,mnist-sampling-v1,19176,gold_candidate,develop_policy
train_00260,mnist,1,1,data/images/mnist-classification/source-datasets/mnist/1/f19265.png,f19265.png,png,6fd65cf105eb3b6592171cd279a70ac6dfc0ac9e3b7acbe7fd00673f59e023e1,train,20260703,mnist-sampling-v1,19265,gold_candidate,develop_policy
train_00261,mnist,1,1,data/images/mnist-classification/source-datasets/mnist/1/f20047.png,f20047.png,png,2b27776f388e62d57f1cf063600254afdad783b0334788145a00aad065adc8a0,train,20260703,mnist-sampling-v1,20047,gold_candidate,develop_policy
train_00262,mnist,1,1,data/images/mnist-classification/source-datasets/mnist/1/f20274.png,f20274.png,png,0247f38b971a331d3542f791d309d44ede4feefbcd63a4879b35dc33959d5f10,train,20260703,mnist-sampling-v1,20274,gold_candidate,develop_policy
train_00263,mnist,1,1,data/images/mnist-classification/source-datasets/mnist/1/f20461.png,f20461.png,png,0af1cf5f8a9de725335dc17286c39d4c5eb9519c031b8dfa06351ee5aa38978b,train,20260703,mnist-sampling-v1,20461,gold_candidate,develop_policy
train_00264,mnist,1,1,data/images/mnist-classification/source-datasets/mnist/1/f20706.png,f20706.png,png,a3de80ffe9f4ed052ec8b49bdd5ebfa5b62fd92d23a0708af47431fcac3d3f2f,train,20260703,mnist-sampling-v1,20706,gold_candidate,develop_policy
train_00265,mnist,1,1,data/images/mnist-classification/source-datasets/mnist/1/f20829.png,f20829.png,png,6b42e62a12d5ef47195c84c055a8a394b4f564eb472c3987f60da12bf4f1f196,train,20260703,mnist-sampling-v1,20829,gold_candidate,develop_policy
train_00266,mnist,1,1,data/images/mnist-classification/source-datasets/mnist/1/f20988.png,f20988.png,png,2066aba2e806517b476cecce2aabab14cb41d8bf9285d217b9bc4215d87a682c,train,20260703,mnist-sampling-v1,20988,gold_candidate,develop_policy
train_00267,mnist,1,1,data/images/mnist-classification/source-datasets/mnist/1/f21031.png,f21031.png,png,d8a2c5071a65c4516d99cc231d989640d3009e083759576e2c2cf5c8b7beaf5d,train,20260703,mnist-sampling-v1,21031,gold_candidate,develop_policy
train_00268,mnist,1,1,data/images/mnist-classification/source-datasets/mnist/1/f21088.png,f21088.png,png,daa9842b8a171c60294887390216bcb7c28fe4cc478f845a6182da98a27438a4,train,20260703,mnist-sampling-v1,21088,gold_candidate,develop_policy
train_00269,mnist,1,1,data/images/mnist-classification/source-datasets/mnist/1/f21402.png,f21402.png,png,ba1c90f5ab798d658ccbb055fd3c684e414d4dbb11cb1f4b8d3fc7fb691d239f,train,20260703,mnist-sampling-v1,21402,gold_candidate,develop_policy
train_00270,mnist,1,1,data/images/mnist-classification/source-datasets/mnist/1/f21884.png,f21884.png,png,7122aeb90d62a88621c6c18e62b263f634ca04db7655f6862c86a0fa33008ebb,train,20260703,mnist-sampling-v1,21884,gold_candidate,develop_policy
train_00271,mnist,1,1,data/images/mnist-classification/source-datasets/mnist/1/f22345.png,f22345.png,png,11b6b0409a9c0d80c4782835337ceb3db430a063a208e8ae3ffc4f96786a401d,train,20260703,mnist-sampling-v1,22345,gold_candidate,develop_policy
train_00272,mnist,1,1,data/images/mnist-classification/source-datasets/mnist/1/f22455.png,f22455.png,png,2945b6392ee12f6693b4ff055a2a57262e15819a2dc89218089de5a0a302792a,train,20260703,mnist-sampling-v1,22455,gold_candidate,develop_policy
train_00273,mnist,1,1,data/images/mnist-classification/source-datasets/mnist/1/f22475.png,f22475.png,png,3bddfe6cf9f3271c9e04173bab83a6d58fc47fa6a7112b98217699023ebfd4fe,train,20260703,mnist-sampling-v1,22475,gold_candidate,develop_policy
train_00274,mnist,1,1,data/images/mnist-classification/source-datasets/mnist/1/f22621.png,f22621.png,png,8b01376224c123375c4a580dd5f32e7554773ba99a0226b8118f93309ced0cdf,train,20260703,mnist-sampling-v1,22621,gold_candidate,develop_policy
train_00275,mnist,1,1,data/images/mnist-classification/source-datasets/mnist/1/f22659.png,f22659.png,png,2df65110a1e098d23c8f96911fc95fff9d275daa6f4a683ac2095e0e972aa775,train,20260703,mnist-sampling-v1,22659,gold_candidate,develop_policy
train_00276,mnist,1,1,data/images/mnist-classification/source-datasets/mnist/1/f22847.png,f22847.png,png,9d99680623e321edaf8bfbff073ddf1c2f4b1a59c620b7d9825ef4191d0be39d,train,20260703,mnist-sampling-v1,22847,gold_candidate,develop_policy
train_00277,mnist,1,1,data/images/mnist-classification/source-datasets/mnist/1/f23181.png,f23181.png,png,5ed61be58572718c01166646abdff367b62b235b01da64c2662cc066c2cee74f,train,20260703,mnist-sampling-v1,23181,gold_candidate,develop_policy
train_00278,mnist,1,1,data/images/mnist-classification/source-datasets/mnist/1/f23511.png,f23511.png,png,a2a1f179e78aa6e451321ba95b579dbc2eb673f2c12d868b2d6f436368a9f8d9,train,20260703,mnist-sampling-v1,23511,gold_candidate,develop_policy
train_00279,mnist,1,1,data/images/mnist-classification/source-datasets/mnist/1/f23795.png,f23795.png,png,40d17693f842f87ced7ed7ea0df9eb60b4374b1c82bae2f3845fa73f0bc8b0a4,train,20260703,mnist-sampling-v1,23795,gold_candidate,develop_policy
train_00280,mnist,1,1,data/images/mnist-classification/source-datasets/mnist/1/f23886.png,f23886.png,png,a92dea34cb9ef18172c9b448d818c89552001494b6870e1717f2aa2a39739aef,train,20260703,mnist-sampling-v1,23886,gold_candidate,develop_policy
train_00281,mnist,1,1,data/images/mnist-classification/source-datasets/mnist/1/f24782.png,f24782.png,png,e8d6bb70192bb3bbd40304bab1787266859365dc2cfd4f4de15f475764e966d7,train,20260703,mnist-sampling-v1,24782,gold_candidate,develop_policy
train_00282,mnist,1,1,data/images/mnist-classification/source-datasets/mnist/1/f24824.png,f24824.png,png,5966b467fe21283d3975f90c23b850fa44ddfa59f63eb9033d3635350473bf37,train,20260703,mnist-sampling-v1,24824,gold_candidate,develop_policy
train_00283,mnist,1,1,data/images/mnist-classification/source-datasets/mnist/1/f25416.png,f25416.png,png,553180a6092ecfc1d47d24a50fa2d3f35cfc1cf4116095912ae7b6a750275b97,train,20260703,mnist-sampling-v1,25416,gold_candidate,develop_policy
train_00284,mnist,1,1,data/images/mnist-classification/source-datasets/mnist/1/f25696.png,f25696.png,png,ff1086b65af71f48c246e981f78d34404bb425db46f2961094c615bcc96c7635,train,20260703,mnist-sampling-v1,25696,gold_candidate,develop_policy
train_00285,mnist,1,1,data/images/mnist-classification/source-datasets/mnist/1/f26009.png,f26009.png,png,631794e2af21f1e28a0b5d8715f773ae3a1c40f2a5ae3f016075e261ace033bd,train,20260703,mnist-sampling-v1,26009,gold_candidate,develop_policy
train_00286,mnist,1,1,data/images/mnist-classification/source-datasets/mnist/1/f26263.png,f26263.png,png,2dc44a70379b913ee3cf65e86d2a43e174729536178f8231148edd948f027a94,train,20260703,mnist-sampling-v1,26263,gold_candidate,develop_policy
train_00287,mnist,1,1,data/images/mnist-classification/source-datasets/mnist/1/f26968.png,f26968.png,png,7c4570b27054ae683066b50928135e6f41891946f39a84cae8b21f890e209689,train,20260703,mnist-sampling-v1,26968,gold_candidate,develop_policy
train_00288,mnist,1,1,data/images/mnist-classification/source-datasets/mnist/1/f27064.png,f27064.png,png,8e015d7dfae15f4311bd4188aebaa5ce895b949195ad8a863b76736f74d6b8f5,train,20260703,mnist-sampling-v1,27064,gold_candidate,develop_policy
train_00289,mnist,1,1,data/images/mnist-classification/source-datasets/mnist/1/f27345.png,f27345.png,png,06df8378274e9a4985842f14d256b62c12a073df41cfb031e92c039f3f62a199,train,20260703,mnist-sampling-v1,27345,gold_candidate,develop_policy
train_00290,mnist,1,1,data/images/mnist-classification/source-datasets/mnist/1/f27789.png,f27789.png,png,7225981b4b58486534c4ed0d6e2dae44646b7368f4a929fb6c125cf5a2a2b607,train,20260703,mnist-sampling-v1,27789,gold_candidate,develop_policy
train_00291,mnist,1,1,data/images/mnist-classification/source-datasets/mnist/1/f27793.png,f27793.png,png,cb7769e11490b64fe5fc830cd10c66782fe8a765c12e9383661625f95f5e096d,train,20260703,mnist-sampling-v1,27793,gold_candidate,develop_policy
train_00292,mnist,1,1,data/images/mnist-classification/source-datasets/mnist/1/f28167.png,f28167.png,png,19c80162ef372e51a8477d71f83d1b4d8f7974f857802038d281199edc082a22,train,20260703,mnist-sampling-v1,28167,gold_candidate,develop_policy
train_00293,mnist,1,1,data/images/mnist-classification/source-datasets/mnist/1/f28479.png,f28479.png,png,42240f820482e14f559310f0a2d7a4690b0cbf14df4009f2a21167d3a3703a8a,train,20260703,mnist-sampling-v1,28479,gold_candidate,develop_policy
train_00294,mnist,1,1,data/images/mnist-classification/source-datasets/mnist/1/f28545.png,f28545.png,png,b5c4d80db8055c4811139d9d6225b5df9321da55378c390d1e8a1abbd14d181d,train,20260703,mnist-sampling-v1,28545,gold_candidate,develop_policy
train_00295,mnist,1,1,data/images/mnist-classification/source-datasets/mnist/1/f28583.png,f28583.png,png,f85364b4ee646700ed21da6739c77ab9b823f94327285dab7c6aa229cd927150,train,20260703,mnist-sampling-v1,28583,gold_candidate,develop_policy
train_00296,mnist,1,1,data/images/mnist-classification/source-datasets/mnist/1/f28738.png,f28738.png,png,c1f3762d1211422eb0ea53776f31a898e53861dfdfc97f20f4336fc794b268d8,train,20260703,mnist-sampling-v1,28738,gold_candidate,develop_policy
train_00297,mnist,1,1,data/images/mnist-classification/source-datasets/mnist/1/f28822.png,f28822.png,png,9363f7cc049d6a0e0c319bfbd88575be4476d4f76044007f9c222cb18d1bfde0,train,20260703,mnist-sampling-v1,28822,gold_candidate,develop_policy
train_00298,mnist,1,1,data/images/mnist-classification/source-datasets/mnist/1/f28964.png,f28964.png,png,598ca9c808609dc9734f12d8c74002cb7eae132731deaa182f9f30a663f830ad,train,20260703,mnist-sampling-v1,28964,gold_candidate,develop_policy
train_00299,mnist,1,1,data/images/mnist-classification/source-datasets/mnist/1/f30043.png,f30043.png,png,777d4601f36577084cff630da5598a75d1e83a739a7cd05af4dd7db1b1b9f74e,train,20260703,mnist-sampling-v1,30043,gold_candidate,develop_policy
train_00300,mnist,1,1,data/images/mnist-classification/source-datasets/mnist/1/f30305.png,f30305.png,png,b96deb2c09a628721079c2de78b5e54aac7415a2298832c081e3e61357bfff68,train,20260703,mnist-sampling-v1,30305,gold_candidate,develop_policy
train_00301,mnist,1,1,data/images/mnist-classification/source-datasets/mnist/1/f30909.png,f30909.png,png,ebda434a2f80e4298433ae04f5845af8d098060b148b1cddd8b1a34bdc754958,train,20260703,mnist-sampling-v1,30909,gold_candidate,develop_policy
train_00302,mnist,1,1,data/images/mnist-classification/source-datasets/mnist/1/f31045.png,f31045.png,png,46f4dfc09c589fffdac14eb8559ecf4789ba2e68a1c619d9a147626e845578a4,train,20260703,mnist-sampling-v1,31045,gold_candidate,develop_policy
train_00303,mnist,1,1,data/images/mnist-classification/source-datasets/mnist/1/f31058.png,f31058.png,png,48dd0ed208591301bf53b9cecbd69243985a2c7559187b2c80c6a50ee7b3d9e8,train,20260703,mnist-sampling-v1,31058,gold_candidate,develop_policy
train_00304,mnist,1,1,data/images/mnist-classification/source-datasets/mnist/1/f31081.png,f31081.png,png,3dbcb5494526018dbd23863a40b755e467fc80fcf535018e2e2a99e1a6c6674d,train,20260703,mnist-sampling-v1,31081,gold_candidate,develop_policy
train_00305,mnist,1,1,data/images/mnist-classification/source-datasets/mnist/1/f31113.png,f31113.png,png,6bb3c2d6bb32b046d208ae4a05b91dbde787a4f4e5407d3b094f71894ab55f00,train,20260703,mnist-sampling-v1,31113,gold_candidate,develop_policy
train_00306,mnist,1,1,data/images/mnist-classification/source-datasets/mnist/1/f31144.png,f31144.png,png,a72f16feeac82fbf9541877c022333759c376cb05b0b81e988492817a864c7be,train,20260703,mnist-sampling-v1,31144,gold_candidate,develop_policy
train_00307,mnist,1,1,data/images/mnist-classification/source-datasets/mnist/1/f31945.png,f31945.png,png,93164c8fd50f5b274b5e8a1bd85da8aad749cbeb26c8c3b1d3d6becd859154d9,train,20260703,mnist-sampling-v1,31945,gold_candidate,develop_policy
train_00308,mnist,1,1,data/images/mnist-classification/source-datasets/mnist/1/f32083.png,f32083.png,png,f5e01c3eb3ae7e7a87662ac0c2352b7048c39cebe02139f4714a9cda71416242,train,20260703,mnist-sampling-v1,32083,gold_candidate,develop_policy
train_00309,mnist,1,1,data/images/mnist-classification/source-datasets/mnist/1/f32365.png,f32365.png,png,353dd23b8a808f6bee96298eb087130d22d76272c378eb657d1c75d32463013b,train,20260703,mnist-sampling-v1,32365,gold_candidate,develop_policy
train_00310,mnist,1,1,data/images/mnist-classification/source-datasets/mnist/1/f33224.png,f33224.png,png,b174248c6cbab70019f511706cc4d0107eb92575d35be412dad03a7fc495f462,train,20260703,mnist-sampling-v1,33224,gold_candidate,develop_policy
train_00311,mnist,1,1,data/images/mnist-classification/source-datasets/mnist/1/f33418.png,f33418.png,png,406a809ca0a05453c1626927bd4f144a74aa484b9072229cba983eb1f3421f55,train,20260703,mnist-sampling-v1,33418,gold_candidate,develop_policy
train_00312,mnist,1,1,data/images/mnist-classification/source-datasets/mnist/1/f33480.png,f33480.png,png,1766c22899797660082a013863a3a397bf4fda349d5f44fc88d3f70ae6c988d8,train,20260703,mnist-sampling-v1,33480,gold_candidate,develop_policy
train_00313,mnist,1,1,data/images/mnist-classification/source-datasets/mnist/1/f33508.png,f33508.png,png,ead77991c71b3aa247084a0aba40d1cb756bc2070ef25e30d03bc2b09c879277,train,20260703,mnist-sampling-v1,33508,gold_candidate,develop_policy
train_00314,mnist,1,1,data/images/mnist-classification/source-datasets/mnist/1/f33648.png,f33648.png,png,0915209fa168198d6903cc59fc0575c5e106d4790bdcd392e1e6b9050b306996,train,20260703,mnist-sampling-v1,33648,gold_candidate,develop_policy
train_00315,mnist,1,1,data/images/mnist-classification/source-datasets/mnist/1/f33937.png,f33937.png,png,740d614a02ab538ef4aeef22ab2e08e79e2dd8553ef254342dae3f18e035b1b7,train,20260703,mnist-sampling-v1,33937,gold_candidate,develop_policy
train_00316,mnist,1,1,data/images/mnist-classification/source-datasets/mnist/1/f33985.png,f33985.png,png,c086b0bee5da6bcf8113567ee2c7a4ef6f2a6fcc0bee4fc8d44a440a608fec15,train,20260703,mnist-sampling-v1,33985,gold_candidate,develop_policy
train_00317,mnist,1,1,data/images/mnist-classification/source-datasets/mnist/1/f34141.png,f34141.png,png,8b074557439b0ae0be600392b94d68f4461793de88f24a7e4a1d5ebf8be1ea83,train,20260703,mnist-sampling-v1,34141,gold_candidate,develop_policy
train_00318,mnist,1,1,data/images/mnist-classification/source-datasets/mnist/1/f34792.png,f34792.png,png,da27ee2c27b70788a9e37009b8671d857f92cb489c34c5ee466a46cea45ede4d,train,20260703,mnist-sampling-v1,34792,gold_candidate,develop_policy
train_00319,mnist,1,1,data/images/mnist-classification/source-datasets/mnist/1/f34796.png,f34796.png,png,d7a97a19dd57513ea7af760fcaec371c4fdb49cc426dbc89b51ef512f5ec6c5b,train,20260703,mnist-sampling-v1,34796,gold_candidate,develop_policy
train_00320,mnist,1,1,data/images/mnist-classification/source-datasets/mnist/1/f35266.png,f35266.png,png,515dbecd496175464cf74c39036736d5567031227d8abf3b5810ac62f9772ecb,train,20260703,mnist-sampling-v1,35266,gold_candidate,develop_policy
train_00321,mnist,1,1,data/images/mnist-classification/source-datasets/mnist/1/f35595.png,f35595.png,png,c3c47b4b87334c22fd38cf8104e4a3015864b45aee7320a25e3466ecf068a3f8,train,20260703,mnist-sampling-v1,35595,gold_candidate,develop_policy
train_00322,mnist,1,1,data/images/mnist-classification/source-datasets/mnist/1/f36185.png,f36185.png,png,936ac42e01cf68309d8aa68acfe14115bfd1f25473287f96fa3a7d0fbc8ba7b4,train,20260703,mnist-sampling-v1,36185,gold_candidate,develop_policy
train_00323,mnist,1,1,data/images/mnist-classification/source-datasets/mnist/1/f36264.png,f36264.png,png,93125faa9a53c4198f4c7c8ae2fec27ceb127eb4f84c7dfcb224f13c2306f111,train,20260703,mnist-sampling-v1,36264,gold_candidate,develop_policy
train_00324,mnist,1,1,data/images/mnist-classification/source-datasets/mnist/1/f36898.png,f36898.png,png,0acd5c0ee6e7a9d3b3a8d0db7b7aabcccda576726defe55876f424d67c362fdc,train,20260703,mnist-sampling-v1,36898,gold_candidate,develop_policy
train_00325,mnist,1,1,data/images/mnist-classification/source-datasets/mnist/1/f37011.png,f37011.png,png,7b1b72b8032f56f4361a1b80f7814302e0e2b270694238330be85376a079d7d2,train,20260703,mnist-sampling-v1,37011,gold_candidate,develop_policy
train_00326,mnist,1,1,data/images/mnist-classification/source-datasets/mnist/1/f37635.png,f37635.png,png,7b4eda6100b7913392a7ddf53c8993acb208f753c0ce716fc5e3495108c20906,train,20260703,mnist-sampling-v1,37635,gold_candidate,develop_policy
train_00327,mnist,1,1,data/images/mnist-classification/source-datasets/mnist/1/f37741.png,f37741.png,png,f9c91fc77a32eb62dfd94197ac785f7f6cba932d4a52c7a2893b06d7d06c75ae,train,20260703,mnist-sampling-v1,37741,gold_candidate,develop_policy
train_00328,mnist,1,1,data/images/mnist-classification/source-datasets/mnist/1/f38276.png,f38276.png,png,c76be43a42d7ad172aa2a566c066a9c2c3fdb5c21615bf6d72c0be628ecbd1f2,train,20260703,mnist-sampling-v1,38276,gold_candidate,develop_policy
train_00329,mnist,1,1,data/images/mnist-classification/source-datasets/mnist/1/f38769.png,f38769.png,png,5afb4b1e3ea28d8d1c70f6d6d0103207fc96aa6a56fb479a0bfd9103618bf45b,train,20260703,mnist-sampling-v1,38769,gold_candidate,develop_policy
train_00330,mnist,1,1,data/images/mnist-classification/source-datasets/mnist/1/f38845.png,f38845.png,png,61cf926648254910531bfbd6ebcb00a147133379f1287a16ac377fc1854fbeb0,train,20260703,mnist-sampling-v1,38845,gold_candidate,develop_policy
train_00331,mnist,1,1,data/images/mnist-classification/source-datasets/mnist/1/f39699.png,f39699.png,png,eaa07513d8f07c19c685f2897f769131dbc154a5fe86e52308ebbfe19378d1e0,train,20260703,mnist-sampling-v1,39699,gold_candidate,develop_policy
train_00332,mnist,1,1,data/images/mnist-classification/source-datasets/mnist/1/f39888.png,f39888.png,png,7aba7a17cc103a22bc141c3fb031fe6c184bdafd50c1f3f5af10e2e2e824fb76,train,20260703,mnist-sampling-v1,39888,gold_candidate,develop_policy
train_00333,mnist,1,1,data/images/mnist-classification/source-datasets/mnist/1/f39986.png,f39986.png,png,9df4787de0d49a37d5c0becbd60e0e7c04fa7489eabc995ebf65af3fc1de21d6,train,20260703,mnist-sampling-v1,39986,gold_candidate,develop_policy
train_00334,mnist,1,1,data/images/mnist-classification/source-datasets/mnist/1/f40878.png,f40878.png,png,d0265e9bfac4f51e2b1e31cfe029163480020f703c0eae0e22cfa08ddc0aaf99,train,20260703,mnist-sampling-v1,40878,gold_candidate,develop_policy
train_00335,mnist,1,1,data/images/mnist-classification/source-datasets/mnist/1/f40909.png,f40909.png,png,48103110b037ca0eee60941b1710c8d45f6471aa277f848669f7d48635722739,train,20260703,mnist-sampling-v1,40909,gold_candidate,develop_policy
train_00336,mnist,1,1,data/images/mnist-classification/source-datasets/mnist/1/f40982.png,f40982.png,png,769fae52c9d370c95fce5414dec984476da284a5dfc5ebe6ea119cdbba83391d,train,20260703,mnist-sampling-v1,40982,gold_candidate,develop_policy
train_00337,mnist,1,1,data/images/mnist-classification/source-datasets/mnist/1/f40987.png,f40987.png,png,49bed22646e9335b466b5e1362a7a7240bc0069d0be155bd486f7fc89ec6126d,train,20260703,mnist-sampling-v1,40987,gold_candidate,develop_policy
train_00338,mnist,1,1,data/images/mnist-classification/source-datasets/mnist/1/f41419.png,f41419.png,png,abfee73a32bc45cd2a45ade66ad827eb471cbe1a323b2450f5bc01d7f9a60455,train,20260703,mnist-sampling-v1,41419,gold_candidate,develop_policy
train_00339,mnist,1,1,data/images/mnist-classification/source-datasets/mnist/1/f41914.png,f41914.png,png,84e94fbcd759c9c05fcdd7f48bc48d1fb7f0140865234f37697000b13aa4b12f,train,20260703,mnist-sampling-v1,41914,gold_candidate,develop_policy
train_00340,mnist,1,1,data/images/mnist-classification/source-datasets/mnist/1/f42184.png,f42184.png,png,8800d25949297d89177f0d0996972df88134987870566310d444a81590f28174,train,20260703,mnist-sampling-v1,42184,gold_candidate,develop_policy
train_00341,mnist,1,1,data/images/mnist-classification/source-datasets/mnist/1/f42581.png,f42581.png,png,6808ac3e4b45d25c76d39c3907f1bf676c55f8b1f1b7f2329552c49ca5fd9690,train,20260703,mnist-sampling-v1,42581,gold_candidate,develop_policy
train_00342,mnist,1,1,data/images/mnist-classification/source-datasets/mnist/1/f42874.png,f42874.png,png,3f0c68a0d626915b48df8cfe101ec8e8964efd7df995ea6243bd58628a62c720,train,20260703,mnist-sampling-v1,42874,gold_candidate,develop_policy
train_00343,mnist,1,1,data/images/mnist-classification/source-datasets/mnist/1/f42986.png,f42986.png,png,8e708c5aca095eba0372a0d174a75ef357c37bda3b41d8a788dd2ffc0d5707e4,train,20260703,mnist-sampling-v1,42986,gold_candidate,develop_policy
train_00344,mnist,1,1,data/images/mnist-classification/source-datasets/mnist/1/f43297.png,f43297.png,png,79e893272876325cbbe2c17c643a18539de741a72e7c3814d3b2a1307495defb,train,20260703,mnist-sampling-v1,43297,gold_candidate,develop_policy
train_00345,mnist,1,1,data/images/mnist-classification/source-datasets/mnist/1/f43406.png,f43406.png,png,1ae6218a7a4a27d56842acb917529ac8dbaa1468c937203a4110f77eb74ed194,train,20260703,mnist-sampling-v1,43406,gold_candidate,develop_policy
train_00346,mnist,1,1,data/images/mnist-classification/source-datasets/mnist/1/f43784.png,f43784.png,png,79ed098842a236d912b08dd0177ec8a4b4a2b1e57f0ac445ceaa7d42b7a61fef,train,20260703,mnist-sampling-v1,43784,gold_candidate,develop_policy
train_00347,mnist,1,1,data/images/mnist-classification/source-datasets/mnist/1/f43790.png,f43790.png,png,71335d40e0c25382729a9d42827ebfb622ea69d643e972a14328f91373bb04eb,train,20260703,mnist-sampling-v1,43790,gold_candidate,develop_policy
train_00348,mnist,1,1,data/images/mnist-classification/source-datasets/mnist/1/f44511.png,f44511.png,png,3d689e59c4be70d7654fe53711c68b21faf80f51d3536f6bfa929c5b2b87f420,train,20260703,mnist-sampling-v1,44511,gold_candidate,develop_policy
train_00349,mnist,1,1,data/images/mnist-classification/source-datasets/mnist/1/f45690.png,f45690.png,png,9d44b16236cbfc72b4349ec191783fd2b3cb369a427af9071adb8356d1dc2509,train,20260703,mnist-sampling-v1,45690,gold_candidate,develop_policy
train_00350,mnist,1,1,data/images/mnist-classification/source-datasets/mnist/1/f46407.png,f46407.png,png,020edb6766e626a0147350d430d1ac306d21211f50be5159946d3039cd7cdbc5,train,20260703,mnist-sampling-v1,46407,gold_candidate,develop_policy
train_00351,mnist,1,1,data/images/mnist-classification/source-datasets/mnist/1/f47019.png,f47019.png,png,ebc1994e3a1306737bf4a2de62e978a2bbddf247d7c4ef2ca11d5355eb334497,train,20260703,mnist-sampling-v1,47019,gold_candidate,develop_policy
train_00352,mnist,1,1,data/images/mnist-classification/source-datasets/mnist/1/f47022.png,f47022.png,png,1898637d0d0ff69ce5cfb488de0c6f85cdab3897b4fecc124ed4406316baa565,train,20260703,mnist-sampling-v1,47022,gold_candidate,develop_policy
train_00353,mnist,1,1,data/images/mnist-classification/source-datasets/mnist/1/f47141.png,f47141.png,png,140f489d4209cf21ae049cf91131b0f9d6db26619b76d7cf123357c05b61b3cd,train,20260703,mnist-sampling-v1,47141,gold_candidate,develop_policy
train_00354,mnist,1,1,data/images/mnist-classification/source-datasets/mnist/1/f47213.png,f47213.png,png,ebc24f57b0655719a37ce3fce907ae102357170a05c0c2b273462abfb280c0b6,train,20260703,mnist-sampling-v1,47213,gold_candidate,develop_policy
train_00355,mnist,1,1,data/images/mnist-classification/source-datasets/mnist/1/f47222.png,f47222.png,png,c14c9308422c936d6ad30b7788701115585bb5a8edfac009af73849276722b44,train,20260703,mnist-sampling-v1,47222,gold_candidate,develop_policy
train_00356,mnist,1,1,data/images/mnist-classification/source-datasets/mnist/1/f47407.png,f47407.png,png,77c5ff6c7df3d1aafed2e96446a526dc94c841439e2c60ee4e4ab8af243b2afb,train,20260703,mnist-sampling-v1,47407,gold_candidate,develop_policy
train_00357,mnist,1,1,data/images/mnist-classification/source-datasets/mnist/1/f47692.png,f47692.png,png,d109ebffe35e8811c8e505e7f4de0a6bea81b330861dfc463f1a1451a09d1446,train,20260703,mnist-sampling-v1,47692,gold_candidate,develop_policy
train_00358,mnist,1,1,data/images/mnist-classification/source-datasets/mnist/1/f47702.png,f47702.png,png,4a02d0721c1b15ee2d4ffcbade604b1d125dde3838ca6d330a7734c0c46e5616,train,20260703,mnist-sampling-v1,47702,gold_candidate,develop_policy
train_00359,mnist,1,1,data/images/mnist-classification/source-datasets/mnist/1/f48368.png,f48368.png,png,44c1ca94a25933ddba1e8866416fff3da0c9d24c946723655d5e0487d83e1c8f,train,20260703,mnist-sampling-v1,48368,gold_candidate,develop_policy
train_00360,mnist,1,1,data/images/mnist-classification/source-datasets/mnist/1/f49392.png,f49392.png,png,7e95430498025cd8407acdc13bc48a187472651041cb0db5837f62e43d569567,train,20260703,mnist-sampling-v1,49392,gold_candidate,develop_policy
train_00361,mnist,1,1,data/images/mnist-classification/source-datasets/mnist/1/f49534.png,f49534.png,png,9948087346d9f0cc05bd5f0f991824ff55e0c7213ca605ec216fc07a8878cb73,train,20260703,mnist-sampling-v1,49534,gold_candidate,develop_policy
train_00362,mnist,1,1,data/images/mnist-classification/source-datasets/mnist/1/f49731.png,f49731.png,png,88f6ae1f8a02f89a06b04f057615cd3e537d395facf11bd4a155647d4741e9fb,train,20260703,mnist-sampling-v1,49731,gold_candidate,develop_policy
train_00363,mnist,1,1,data/images/mnist-classification/source-datasets/mnist/1/f49832.png,f49832.png,png,090b21bf0e882268f50570b2985c4dd063c541bfab353a4a917eb2bdf3839312,train,20260703,mnist-sampling-v1,49832,gold_candidate,develop_policy
train_00364,mnist,1,1,data/images/mnist-classification/source-datasets/mnist/1/f50016.png,f50016.png,png,2f4c5af175edf161ea2b6cdf56287808600d27befbb365e3e1b2f403851482a3,train,20260703,mnist-sampling-v1,50016,gold_candidate,develop_policy
train_00365,mnist,1,1,data/images/mnist-classification/source-datasets/mnist/1/f50225.png,f50225.png,png,a10982aecfac947e32d63609be7e2db80a0e2e7b88da0c3446d5771f49216b19,train,20260703,mnist-sampling-v1,50225,gold_candidate,develop_policy
train_00366,mnist,1,1,data/images/mnist-classification/source-datasets/mnist/1/f50472.png,f50472.png,png,0f24541db071b0ea8083b3702705b5a5963004f76b8090f325844ef0e9207bea,train,20260703,mnist-sampling-v1,50472,gold_candidate,develop_policy
train_00367,mnist,1,1,data/images/mnist-classification/source-datasets/mnist/1/f50652.png,f50652.png,png,bed318a5814793f6287e2528ff5e1d05e18ca47280c26b85809734306a9fbeda,train,20260703,mnist-sampling-v1,50652,gold_candidate,develop_policy
train_00368,mnist,1,1,data/images/mnist-classification/source-datasets/mnist/1/f50907.png,f50907.png,png,3a216639c0ad3ea301f3561f55ab1e6c4800c7233ad0c0d0946d632ff256010f,train,20260703,mnist-sampling-v1,50907,gold_candidate,develop_policy
train_00369,mnist,1,1,data/images/mnist-classification/source-datasets/mnist/1/f51710.png,f51710.png,png,8b5d574ff1d8b4f8b42735c29137febff0bdb0a6215b4dcdb268eed9beb8470d,train,20260703,mnist-sampling-v1,51710,gold_candidate,develop_policy
train_00370,mnist,1,1,data/images/mnist-classification/source-datasets/mnist/1/f53080.png,f53080.png,png,0b24fd6a2ce78e56bb996cece7e8edaed217009c0efb476c86d5c18fd273c308,train,20260703,mnist-sampling-v1,53080,gold_candidate,develop_policy
train_00371,mnist,1,1,data/images/mnist-classification/source-datasets/mnist/1/f53304.png,f53304.png,png,8430e884888aed07ab796d7d80a47d92d283f8b1c748ae620fb4bf0a3507d627,train,20260703,mnist-sampling-v1,53304,gold_candidate,develop_policy
train_00372,mnist,1,1,data/images/mnist-classification/source-datasets/mnist/1/f53687.png,f53687.png,png,c6e46555aef1c9cc37a42cabeb9b75322784b45316ab182ac0bfc65bf1a6c393,train,20260703,mnist-sampling-v1,53687,gold_candidate,develop_policy
train_00373,mnist,1,1,data/images/mnist-classification/source-datasets/mnist/1/f53842.png,f53842.png,png,d4de5b350454cb199f8950ff279549ca42ef3850e3a806778ab024a06a62777d,train,20260703,mnist-sampling-v1,53842,gold_candidate,develop_policy
train_00374,mnist,1,1,data/images/mnist-classification/source-datasets/mnist/1/f53887.png,f53887.png,png,d8e185de3d394aa28b360be113a00fa70f9a590cdedc8366e704df2ee57311bc,train,20260703,mnist-sampling-v1,53887,gold_candidate,develop_policy
train_00375,mnist,1,1,data/images/mnist-classification/source-datasets/mnist/1/f54213.png,f54213.png,png,307eea14e7e23378b420fd470cf560d9e3b6ac8f22a1a6d6ce8a1556efbc73c6,train,20260703,mnist-sampling-v1,54213,gold_candidate,develop_policy
train_00376,mnist,1,1,data/images/mnist-classification/source-datasets/mnist/1/f54223.png,f54223.png,png,7e4eaaf0aa2462b6b0f5c4ec544ebd13eae2f4ec92ac98e2c58a6d44210539f7,train,20260703,mnist-sampling-v1,54223,gold_candidate,develop_policy
train_00377,mnist,1,1,data/images/mnist-classification/source-datasets/mnist/1/f54239.png,f54239.png,png,bb192cfd32c713f976d577fafe27e5933efd1a14ce0586ddbdde51300f9eb45c,train,20260703,mnist-sampling-v1,54239,gold_candidate,develop_policy
train_00378,mnist,1,1,data/images/mnist-classification/source-datasets/mnist/1/f54693.png,f54693.png,png,f1a0f06df6f778f74d813d4bd64f07a0b0cf9363a3cbd171fdd99d33dfe0789c,train,20260703,mnist-sampling-v1,54693,gold_candidate,develop_policy
train_00379,mnist,1,1,data/images/mnist-classification/source-datasets/mnist/1/f54753.png,f54753.png,png,f2599a4e947dd0040881e742cf83af45de75240fb655400d33011db40e2e760a,train,20260703,mnist-sampling-v1,54753,gold_candidate,develop_policy
train_00380,mnist,1,1,data/images/mnist-classification/source-datasets/mnist/1/f54784.png,f54784.png,png,4dab96a28325716e7ae8319506cb1388906b6bf7b49a65ecb4db787ef2d93274,train,20260703,mnist-sampling-v1,54784,gold_candidate,develop_policy
train_00381,mnist,1,1,data/images/mnist-classification/source-datasets/mnist/1/f54901.png,f54901.png,png,84cc4096dec91a0469b974174503b85eab596b15ca8ad4b177cc9434aba26fbd,train,20260703,mnist-sampling-v1,54901,gold_candidate,develop_policy
train_00382,mnist,1,1,data/images/mnist-classification/source-datasets/mnist/1/f55719.png,f55719.png,png,d3ab522f94bf81d78dd60fff19159cc313482e5025b4fdd70249793208e05f9f,train,20260703,mnist-sampling-v1,55719,gold_candidate,develop_policy
train_00383,mnist,1,1,data/images/mnist-classification/source-datasets/mnist/1/f56169.png,f56169.png,png,3d90d184dc788d4aec0beaca46264b51df8ef4a54917e002276042d0f7077a67,train,20260703,mnist-sampling-v1,56169,gold_candidate,develop_policy
train_00384,mnist,1,1,data/images/mnist-classification/source-datasets/mnist/1/f56374.png,f56374.png,png,c3db16b43717af694346ac971a4c9741095b4cbe9259889263101a88ba8d20ae,train,20260703,mnist-sampling-v1,56374,gold_candidate,develop_policy
train_00385,mnist,1,1,data/images/mnist-classification/source-datasets/mnist/1/f56637.png,f56637.png,png,08a57cf6c633b2380d10aab0e34b820e1a725c431947f28c226b54ce0193e4b1,train,20260703,mnist-sampling-v1,56637,gold_candidate,develop_policy
train_00386,mnist,1,1,data/images/mnist-classification/source-datasets/mnist/1/f56644.png,f56644.png,png,0ee79431c6130fd7c8e014fddd4a24f3230de5dbe95159b8a8a8db83775b7a9e,train,20260703,mnist-sampling-v1,56644,gold_candidate,develop_policy
train_00387,mnist,1,1,data/images/mnist-classification/source-datasets/mnist/1/f56768.png,f56768.png,png,6bb61bc69f639f03d3174ed11202be35652dc60fd5a12dd024598f4341f9c9f6,train,20260703,mnist-sampling-v1,56768,gold_candidate,develop_policy
train_00388,mnist,1,1,data/images/mnist-classification/source-datasets/mnist/1/f56960.png,f56960.png,png,f3b79b4aa18ab16c54e3cc1175d6a3b52114feeb98dd8e1e7369d73595f4a0a8,train,20260703,mnist-sampling-v1,56960,gold_candidate,develop_policy
train_00389,mnist,1,1,data/images/mnist-classification/source-datasets/mnist/1/f56980.png,f56980.png,png,15446bd9a0a823ca0f36767947a69b15bd4b05f65d580f725d0926dc36312e03,train,20260703,mnist-sampling-v1,56980,gold_candidate,develop_policy
train_00390,mnist,1,1,data/images/mnist-classification/source-datasets/mnist/1/f57303.png,f57303.png,png,101faaecb3e34b446ef1c3cf70ca77cac629eae7c905d149fe88e51f45e74cc3,train,20260703,mnist-sampling-v1,57303,gold_candidate,develop_policy
train_00391,mnist,1,1,data/images/mnist-classification/source-datasets/mnist/1/f57340.png,f57340.png,png,98b7f653156fbff5f4882a2d5ebd0ebab1db4eba3b7661cddb2ca00a1584625d,train,20260703,mnist-sampling-v1,57340,gold_candidate,develop_policy
train_00392,mnist,1,1,data/images/mnist-classification/source-datasets/mnist/1/f57378.png,f57378.png,png,8326849f709e8da5c53a4d1fd5b834bc91d0a7e8331d771e68af05510a5a67d0,train,20260703,mnist-sampling-v1,57378,gold_candidate,develop_policy
train_00393,mnist,1,1,data/images/mnist-classification/source-datasets/mnist/1/f57813.png,f57813.png,png,9cf827bf1994f1df3343026ead85aaf77d6f9685ee1c583327dd76b52101ca05,train,20260703,mnist-sampling-v1,57813,gold_candidate,develop_policy
train_00394,mnist,1,1,data/images/mnist-classification/source-datasets/mnist/1/f58022.png,f58022.png,png,6e3f88ff77fc3ad3a31c117df460b2335e165677a7f2021fca8a7fef6747e5dc,train,20260703,mnist-sampling-v1,58022,gold_candidate,develop_policy
train_00395,mnist,1,1,data/images/mnist-classification/source-datasets/mnist/1/f58459.png,f58459.png,png,926b523cfe94957bf7fd9ae037163e2559040eec0591633fd449ed47887e9eb0,train,20260703,mnist-sampling-v1,58459,gold_candidate,develop_policy
train_00396,mnist,1,1,data/images/mnist-classification/source-datasets/mnist/1/f58737.png,f58737.png,png,07da7393a0d781f176be6766999a88629e180c6f6f9eda85b389d991bd5eb1f6,train,20260703,mnist-sampling-v1,58737,gold_candidate,develop_policy
train_00397,mnist,1,1,data/images/mnist-classification/source-datasets/mnist/1/f58820.png,f58820.png,png,8e7a59e08a0cba335e46d3575a68c08c274611c945a12ec375e5bb5880a49964,train,20260703,mnist-sampling-v1,58820,gold_candidate,develop_policy
train_00398,mnist,1,1,data/images/mnist-classification/source-datasets/mnist/1/f58985.png,f58985.png,png,edbda9d932ff28781beaae1d4b60b8eca80ac2897e23b188c2522ca2485630ad,train,20260703,mnist-sampling-v1,58985,gold_candidate,develop_policy
train_00399,mnist,1,1,data/images/mnist-classification/source-datasets/mnist/1/f59028.png,f59028.png,png,5074e42c284c13a97c8dd0cf3fb0a1d8f304360ae13a24553dec89f2cadb61b0,train,20260703,mnist-sampling-v1,59028,gold_candidate,develop_policy
train_00400,mnist,1,1,data/images/mnist-classification/source-datasets/mnist/1/f59248.png,f59248.png,png,503b54fb409a8ee7f480a4744da6d662791fe4f77d4ca396b4aba278ffba5f26,train,20260703,mnist-sampling-v1,59248,gold_candidate,develop_policy
train_00401,mnist,2,2,data/images/mnist-classification/source-datasets/mnist/2/f161.png,f161.png,png,f121545dc13d9c052f265ff32f68a2a17727290628fabe5b667c72c3ea4b39e7,train,20260703,mnist-sampling-v1,161,gold_candidate,develop_policy
train_00402,mnist,2,2,data/images/mnist-classification/source-datasets/mnist/2/f813.png,f813.png,png,0df0ca68745905b5a68948a1cff24f4473daffff4df706b175359fdaa6d25118,train,20260703,mnist-sampling-v1,813,gold_candidate,develop_policy
train_00403,mnist,2,2,data/images/mnist-classification/source-datasets/mnist/2/f1861.png,f1861.png,png,e6a2c4339c041ab79c698e41bdbe2c9528c0d5e652d4a37d7c4185a2f3cd2ada,train,20260703,mnist-sampling-v1,1861,gold_candidate,develop_policy
train_00404,mnist,2,2,data/images/mnist-classification/source-datasets/mnist/2/f1952.png,f1952.png,png,93d1ee4a44e31fc13ef55da91c974827a4c0c88a577ae1a0e3da0b0b894cda47,train,20260703,mnist-sampling-v1,1952,gold_candidate,develop_policy
train_00405,mnist,2,2,data/images/mnist-classification/source-datasets/mnist/2/f2270.png,f2270.png,png,803e7ecd1771dad9053074f648f535a3fb0af9cd39ed800ae3138f0149d2dbcc,train,20260703,mnist-sampling-v1,2270,gold_candidate,develop_policy
train_00406,mnist,2,2,data/images/mnist-classification/source-datasets/mnist/2/f2342.png,f2342.png,png,4e823c75d079e3cea5ccae98989eae566abf1a4679d981565a54454c1dcf172d,train,20260703,mnist-sampling-v1,2342,gold_candidate,develop_policy
train_00407,mnist,2,2,data/images/mnist-classification/source-datasets/mnist/2/f2510.png,f2510.png,png,e10c9e846b12a79421cd7a7051bb8d956ea7a964abdca4cafd4b602ffc76a0b7,train,20260703,mnist-sampling-v1,2510,gold_candidate,develop_policy
train_00408,mnist,2,2,data/images/mnist-classification/source-datasets/mnist/2/f2601.png,f2601.png,png,9ce8e2ed732bb6a781aad25ae91b8dac1616a73c78d6b63ef24ac2998def9ea3,train,20260703,mnist-sampling-v1,2601,gold_candidate,develop_policy
train_00409,mnist,2,2,data/images/mnist-classification/source-datasets/mnist/2/f3799.png,f3799.png,png,05ca6ad84ef5a96dfdc60cf820b6bb0c4907882bb1e0a1b209361510e67c7f52,train,20260703,mnist-sampling-v1,3799,gold_candidate,develop_policy
train_00410,mnist,2,2,data/images/mnist-classification/source-datasets/mnist/2/f4414.png,f4414.png,png,d279f6d7e0315ddf7fe72234791aac747e62cb76cd8449e5e137bf038d0cb440,train,20260703,mnist-sampling-v1,4414,gold_candidate,develop_policy
train_00411,mnist,2,2,data/images/mnist-classification/source-datasets/mnist/2/f4541.png,f4541.png,png,b78376fadaa6527376f8d763a1c303503a47f1947bac25fae8e2c7d9d5e4be7c,train,20260703,mnist-sampling-v1,4541,gold_candidate,develop_policy
train_00412,mnist,2,2,data/images/mnist-classification/source-datasets/mnist/2/f4574.png,f4574.png,png,52d05edfcc7c215431313b9686d77c6cd778f29bb4367b3e765229926efa3068,train,20260703,mnist-sampling-v1,4574,gold_candidate,develop_policy
train_00413,mnist,2,2,data/images/mnist-classification/source-datasets/mnist/2/f5509.png,f5509.png,png,357ce7ccfc9120464eb2cba5e01b1c043ded7f6fcc2da57804762e5046715b64,train,20260703,mnist-sampling-v1,5509,gold_candidate,develop_policy
train_00414,mnist,2,2,data/images/mnist-classification/source-datasets/mnist/2/f6144.png,f6144.png,png,2b735b1ff9c92d9b0c9bd2c4bcade5c9811e61ebd24b602363d539aedfee170c,train,20260703,mnist-sampling-v1,6144,gold_candidate,develop_policy
train_00415,mnist,2,2,data/images/mnist-classification/source-datasets/mnist/2/f6442.png,f6442.png,png,cca0d460bd0fdfcb0ad10e49920dfc439c81bd54f6ac865bd831b1f46583542e,train,20260703,mnist-sampling-v1,6442,gold_candidate,develop_policy
train_00416,mnist,2,2,data/images/mnist-classification/source-datasets/mnist/2/f6839.png,f6839.png,png,59d5fe94e5ce3118c9a6f42ec954c7d6b17d243fbb09642373bab014f29ae9ec,train,20260703,mnist-sampling-v1,6839,gold_candidate,develop_policy
train_00417,mnist,2,2,data/images/mnist-classification/source-datasets/mnist/2/f7646.png,f7646.png,png,a42c13bb91b6d88d97a2348bb8cfd604d4ece6c7ae304929543ff616eb918716,train,20260703,mnist-sampling-v1,7646,gold_candidate,develop_policy
train_00418,mnist,2,2,data/images/mnist-classification/source-datasets/mnist/2/f7827.png,f7827.png,png,6292f4920a3fbdd1c46f651e816336b24479c60f4b7a730611882abaeb23eceb,train,20260703,mnist-sampling-v1,7827,gold_candidate,develop_policy
train_00419,mnist,2,2,data/images/mnist-classification/source-datasets/mnist/2/f8133.png,f8133.png,png,3026964aa3080217d4b501ff7e0379f602d97fa7e97e94cd9819a567ad23dba3,train,20260703,mnist-sampling-v1,8133,gold_candidate,develop_policy
train_00420,mnist,2,2,data/images/mnist-classification/source-datasets/mnist/2/f8251.png,f8251.png,png,c737fc93c3e9bdeabc70507d5f99844d6ccaa3072679a87b3c30a8c52eb90b44,train,20260703,mnist-sampling-v1,8251,gold_candidate,develop_policy
train_00421,mnist,2,2,data/images/mnist-classification/source-datasets/mnist/2/f8257.png,f8257.png,png,74a34c9932aecd4c5a4ae6005968749105bcfb052f07d956a74212752c826a69,train,20260703,mnist-sampling-v1,8257,gold_candidate,develop_policy
train_00422,mnist,2,2,data/images/mnist-classification/source-datasets/mnist/2/f8473.png,f8473.png,png,2480b9ef6b18cb8f1b80ab11df37dc2fefe03250b598a2a2bd61aa27042d9d87,train,20260703,mnist-sampling-v1,8473,gold_candidate,develop_policy
train_00423,mnist,2,2,data/images/mnist-classification/source-datasets/mnist/2/f8480.png,f8480.png,png,5adeb5099ebed8f6270323a9e654956ad682ea9255e7d548a52b5471465095e6,train,20260703,mnist-sampling-v1,8480,gold_candidate,develop_policy
train_00424,mnist,2,2,data/images/mnist-classification/source-datasets/mnist/2/f8983.png,f8983.png,png,66c6bbbfd5876321b79b00ce155b8c689bc24e0467690a840b6854b4536ce06b,train,20260703,mnist-sampling-v1,8983,gold_candidate,develop_policy
train_00425,mnist,2,2,data/images/mnist-classification/source-datasets/mnist/2/f9169.png,f9169.png,png,51d89bd9e5e58d871717112cd4ec7c10bfff61b36abc5c86706fc11b32831f73,train,20260703,mnist-sampling-v1,9169,gold_candidate,develop_policy
train_00426,mnist,2,2,data/images/mnist-classification/source-datasets/mnist/2/f9479.png,f9479.png,png,c2b8118f724ac89cb0610360a196d4f99b1a95029a932fd1d99028bc7cbad751,train,20260703,mnist-sampling-v1,9479,gold_candidate,develop_policy
train_00427,mnist,2,2,data/images/mnist-classification/source-datasets/mnist/2/f9583.png,f9583.png,png,a7dc52afd11436670c715eb1c894495833794c1d33146f108898dab2b097c0bd,train,20260703,mnist-sampling-v1,9583,gold_candidate,develop_policy
train_00428,mnist,2,2,data/images/mnist-classification/source-datasets/mnist/2/f9668.png,f9668.png,png,dede232c207c286a2cb7c0bc9b5b1bab3fca452de08a56bc2aea54dc0afdec3e,train,20260703,mnist-sampling-v1,9668,gold_candidate,develop_policy
train_00429,mnist,2,2,data/images/mnist-classification/source-datasets/mnist/2/f9855.png,f9855.png,png,644a02040587bf2d59b0a4aa791bf43f637d9d2792c721163f14bc093fbe6bdf,train,20260703,mnist-sampling-v1,9855,gold_candidate,develop_policy
train_00430,mnist,2,2,data/images/mnist-classification/source-datasets/mnist/2/f10687.png,f10687.png,png,7560ace347623957dd3b558a0e85f74df12fc47f8d5e67ecd745e447c63f04c4,train,20260703,mnist-sampling-v1,10687,gold_candidate,develop_policy
train_00431,mnist,2,2,data/images/mnist-classification/source-datasets/mnist/2/f11576.png,f11576.png,png,b754b646dc29af5cac2b2411c28affdec58820607d2ddfc9ca8019345cb8806b,train,20260703,mnist-sampling-v1,11576,gold_candidate,develop_policy
train_00432,mnist,2,2,data/images/mnist-classification/source-datasets/mnist/2/f11581.png,f11581.png,png,2fcfaa2a8c33c487b5f7b3bee074e396df8f603289f7749fedaf3487ec3e0e47,train,20260703,mnist-sampling-v1,11581,gold_candidate,develop_policy
train_00433,mnist,2,2,data/images/mnist-classification/source-datasets/mnist/2/f12053.png,f12053.png,png,85c1f66cef6cdd64315ebfaed5cb36a5f4640f4aee377db7f07ed78bcd2ae7eb,train,20260703,mnist-sampling-v1,12053,gold_candidate,develop_policy
train_00434,mnist,2,2,data/images/mnist-classification/source-datasets/mnist/2/f12093.png,f12093.png,png,9838fdb4c89a2bd7b7f75305b59a3e4226259e95c6372bb58af8e902de64299c,train,20260703,mnist-sampling-v1,12093,gold_candidate,develop_policy
train_00435,mnist,2,2,data/images/mnist-classification/source-datasets/mnist/2/f12213.png,f12213.png,png,8ca9c1f098479ada771cdaffd2199cb76b04fab5b45fcfaca28a200f45413091,train,20260703,mnist-sampling-v1,12213,gold_candidate,develop_policy
train_00436,mnist,2,2,data/images/mnist-classification/source-datasets/mnist/2/f12585.png,f12585.png,png,e8eaca76079e2084909528294168dac8bd9ab2e89cc531d0aa214c60c8fb3110,train,20260703,mnist-sampling-v1,12585,gold_candidate,develop_policy
train_00437,mnist,2,2,data/images/mnist-classification/source-datasets/mnist/2/f12621.png,f12621.png,png,11c79a1ba4e0a38894b3d3ef489e8cad753523bde8fcf674efe48843dd09f969,train,20260703,mnist-sampling-v1,12621,gold_candidate,develop_policy
train_00438,mnist,2,2,data/images/mnist-classification/source-datasets/mnist/2/f12682.png,f12682.png,png,90e9ed1638be9342ecdde19f734084f99950a4ca935b62cc34704e085b0b50a9,train,20260703,mnist-sampling-v1,12682,gold_candidate,develop_policy
train_00439,mnist,2,2,data/images/mnist-classification/source-datasets/mnist/2/f13023.png,f13023.png,png,877f68deae03d6fe35d25700e99db2f3edb4415bb69e444016d104152304bd2c,train,20260703,mnist-sampling-v1,13023,gold_candidate,develop_policy
train_00440,mnist,2,2,data/images/mnist-classification/source-datasets/mnist/2/f13086.png,f13086.png,png,70a30220f3cede311ec55db2c5250d8cb237f7947e73fac0e8a13d714ae45a1b,train,20260703,mnist-sampling-v1,13086,gold_candidate,develop_policy
train_00441,mnist,2,2,data/images/mnist-classification/source-datasets/mnist/2/f14446.png,f14446.png,png,5382ba0ca579ae300c74320c634f0989d8c8271966782916d7632783038f0ddc,train,20260703,mnist-sampling-v1,14446,gold_candidate,develop_policy
train_00442,mnist,2,2,data/images/mnist-classification/source-datasets/mnist/2/f14550.png,f14550.png,png,288f6d8953938a6d56bc6f164176a38a84f9741076940508a7ba70427abde97b,train,20260703,mnist-sampling-v1,14550,gold_candidate,develop_policy
train_00443,mnist,2,2,data/images/mnist-classification/source-datasets/mnist/2/f15067.png,f15067.png,png,ae51a9b00117409484c1c21f3070fe041a78f264a0f25c0fd384f5850ef590a0,train,20260703,mnist-sampling-v1,15067,gold_candidate,develop_policy
train_00444,mnist,2,2,data/images/mnist-classification/source-datasets/mnist/2/f15223.png,f15223.png,png,ea393cdccad604c8e8e1f1981a7568214daa44b43e204f230a8a7ed9f7f58692,train,20260703,mnist-sampling-v1,15223,gold_candidate,develop_policy
train_00445,mnist,2,2,data/images/mnist-classification/source-datasets/mnist/2/f15368.png,f15368.png,png,ccbf39562833555e69d7d21e5f2872f5f8c7aaadecf854408fa772f43ca3ce2a,train,20260703,mnist-sampling-v1,15368,gold_candidate,develop_policy
train_00446,mnist,2,2,data/images/mnist-classification/source-datasets/mnist/2/f15509.png,f15509.png,png,551ab27de10037c6005f99241f3959e87bb9fc8f4a3c7514219cb3918cc6bbc5,train,20260703,mnist-sampling-v1,15509,gold_candidate,develop_policy
train_00447,mnist,2,2,data/images/mnist-classification/source-datasets/mnist/2/f15603.png,f15603.png,png,37040c0c05054c5558b5aa2905429042d32e5f3939af0cb924e0fdb67ca664e2,train,20260703,mnist-sampling-v1,15603,gold_candidate,develop_policy
train_00448,mnist,2,2,data/images/mnist-classification/source-datasets/mnist/2/f16328.png,f16328.png,png,e3944407d8d65b77a7e84a1fd4e2779512598bb150feab2a792ef99662f0acc7,train,20260703,mnist-sampling-v1,16328,gold_candidate,develop_policy
train_00449,mnist,2,2,data/images/mnist-classification/source-datasets/mnist/2/f16794.png,f16794.png,png,9814c04cba87fab35367e813ec12d812acade93d98bd962fa662c4d56c920f4a,train,20260703,mnist-sampling-v1,16794,gold_candidate,develop_policy
train_00450,mnist,2,2,data/images/mnist-classification/source-datasets/mnist/2/f17336.png,f17336.png,png,b5328bc5b33f920e852a7a4c7ce4b0de1050eb2619ff94c28b9a7e13ad35b8df,train,20260703,mnist-sampling-v1,17336,gold_candidate,develop_policy
train_00451,mnist,2,2,data/images/mnist-classification/source-datasets/mnist/2/f17555.png,f17555.png,png,f397de65f1be57097fb772039a6743f27f21ac6e71769cdbc961c39ab08d8bf2,train,20260703,mnist-sampling-v1,17555,gold_candidate,develop_policy
train_00452,mnist,2,2,data/images/mnist-classification/source-datasets/mnist/2/f18077.png,f18077.png,png,6cbd46033a498ca29516582ad2e3dcef0f0d152f55ab58794c99f28089d3e5f8,train,20260703,mnist-sampling-v1,18077,gold_candidate,develop_policy
train_00453,mnist,2,2,data/images/mnist-classification/source-datasets/mnist/2/f18135.png,f18135.png,png,05a69c096a9391d6d2edab44ea07a4283ba73364f7e164cc346fa91a79ab0810,train,20260703,mnist-sampling-v1,18135,gold_candidate,develop_policy
train_00454,mnist,2,2,data/images/mnist-classification/source-datasets/mnist/2/f18661.png,f18661.png,png,bf18cc5995f457bb3e793c3f4998ffd1d1f828291229caf032716e137f76fb74,train,20260703,mnist-sampling-v1,18661,gold_candidate,develop_policy
train_00455,mnist,2,2,data/images/mnist-classification/source-datasets/mnist/2/f18815.png,f18815.png,png,db765cea78d85cdf4e8001d90ccdd2766c57abd3eb02f8e747441b51eee92da6,train,20260703,mnist-sampling-v1,18815,gold_candidate,develop_policy
train_00456,mnist,2,2,data/images/mnist-classification/source-datasets/mnist/2/f19154.png,f19154.png,png,ed502ba58ebafd9142432315d628967fee39c1de000a3d6b330ff0728f081c52,train,20260703,mnist-sampling-v1,19154,gold_candidate,develop_policy
train_00457,mnist,2,2,data/images/mnist-classification/source-datasets/mnist/2/f19502.png,f19502.png,png,69e557cc61574487b8e94845f67856c7372db84ffd0eaf6bf8af92bf2b5aca3b,train,20260703,mnist-sampling-v1,19502,gold_candidate,develop_policy
train_00458,mnist,2,2,data/images/mnist-classification/source-datasets/mnist/2/f19963.png,f19963.png,png,5fe7fc514d500f55e701c013be1420751f460e7849b3fe5d704df7dbcb449a62,train,20260703,mnist-sampling-v1,19963,gold_candidate,develop_policy
train_00459,mnist,2,2,data/images/mnist-classification/source-datasets/mnist/2/f20305.png,f20305.png,png,df11c02053e5b312e111ff9d954e1dcbbb75ba5b220210fb6a0310945cfcb1ca,train,20260703,mnist-sampling-v1,20305,gold_candidate,develop_policy
train_00460,mnist,2,2,data/images/mnist-classification/source-datasets/mnist/2/f21121.png,f21121.png,png,5313120f8f6cea20a6033301328d4d3b08329dbb3da0e51f62cdce5f9a7c1594,train,20260703,mnist-sampling-v1,21121,gold_candidate,develop_policy
train_00461,mnist,2,2,data/images/mnist-classification/source-datasets/mnist/2/f22188.png,f22188.png,png,47aff17e016973ea9b006aa9e13c18317b23fe2e1c70d2fa14affb17fc61ded9,train,20260703,mnist-sampling-v1,22188,gold_candidate,develop_policy
train_00462,mnist,2,2,data/images/mnist-classification/source-datasets/mnist/2/f22358.png,f22358.png,png,6ab30fd759903a8c689dd81283dff053cf966c2eccf806f57cea7735db380af6,train,20260703,mnist-sampling-v1,22358,gold_candidate,develop_policy
train_00463,mnist,2,2,data/images/mnist-classification/source-datasets/mnist/2/f22376.png,f22376.png,png,0b56f7dfc98be6cf9ab57b3b60f6f436f12260a23570f6fa9cedbf52f9f16359,train,20260703,mnist-sampling-v1,22376,gold_candidate,develop_policy
train_00464,mnist,2,2,data/images/mnist-classification/source-datasets/mnist/2/f22573.png,f22573.png,png,ddb68b4def3240c870114acb0f24cc89a453d415f16f9b94c5b4cf4d7f232897,train,20260703,mnist-sampling-v1,22573,gold_candidate,develop_policy
train_00465,mnist,2,2,data/images/mnist-classification/source-datasets/mnist/2/f23468.png,f23468.png,png,238b4910ba9305197224faa6241f5bbdbc0259f2a88fa0bce24083dc6bba0c1a,train,20260703,mnist-sampling-v1,23468,gold_candidate,develop_policy
train_00466,mnist,2,2,data/images/mnist-classification/source-datasets/mnist/2/f23721.png,f23721.png,png,71c8677f0e5f150ff9e00988ef89a4dfde3b240f27a389bf1bd7e6518083b38c,train,20260703,mnist-sampling-v1,23721,gold_candidate,develop_policy
train_00467,mnist,2,2,data/images/mnist-classification/source-datasets/mnist/2/f24015.png,f24015.png,png,055b2350fa4f3e2e48705a7b4bd5968ddc2d54903258026db3566b38c5ebecbe,train,20260703,mnist-sampling-v1,24015,gold_candidate,develop_policy
train_00468,mnist,2,2,data/images/mnist-classification/source-datasets/mnist/2/f24036.png,f24036.png,png,1db8a30cdb7bf026099177029c4ac06598b5f6a2c08446cfe381c50aba6ea74e,train,20260703,mnist-sampling-v1,24036,gold_candidate,develop_policy
train_00469,mnist,2,2,data/images/mnist-classification/source-datasets/mnist/2/f24331.png,f24331.png,png,ae2792c635b525b59bc5ceed841ab7db3c42960160411173654e8a6d9e82c3d2,train,20260703,mnist-sampling-v1,24331,gold_candidate,develop_policy
train_00470,mnist,2,2,data/images/mnist-classification/source-datasets/mnist/2/f24360.png,f24360.png,png,0d327bb43a25c06b209c45611446c525e2584eef8820430ab33c04f507325e20,train,20260703,mnist-sampling-v1,24360,gold_candidate,develop_policy
train_00471,mnist,2,2,data/images/mnist-classification/source-datasets/mnist/2/f24430.png,f24430.png,png,315744dca3d03fecd34396c2d8c67ab0a4e4b1bb71a63e4b1af473e405f6d0dc,train,20260703,mnist-sampling-v1,24430,gold_candidate,develop_policy
train_00472,mnist,2,2,data/images/mnist-classification/source-datasets/mnist/2/f24876.png,f24876.png,png,b2745f8d8d58095d4deec9c91eae6fed27cdc7ee645cff8b00dd7a1810019c37,train,20260703,mnist-sampling-v1,24876,gold_candidate,develop_policy
train_00473,mnist,2,2,data/images/mnist-classification/source-datasets/mnist/2/f25105.png,f25105.png,png,34bbd6d72ba0b8378e23d574641bca741325f8cba903518bef0bf2f64a352b29,train,20260703,mnist-sampling-v1,25105,gold_candidate,develop_policy
train_00474,mnist,2,2,data/images/mnist-classification/source-datasets/mnist/2/f25548.png,f25548.png,png,fc38a8b37f49222c5956c76772a653422d4bf718df2c7b421f9b4d8c17c7ccab,train,20260703,mnist-sampling-v1,25548,gold_candidate,develop_policy
train_00475,mnist,2,2,data/images/mnist-classification/source-datasets/mnist/2/f25939.png,f25939.png,png,30fde28e78203ba458f159ad24dc8e62a677c7fb6837e3282b33018c9abd933b,train,20260703,mnist-sampling-v1,25939,gold_candidate,develop_policy
train_00476,mnist,2,2,data/images/mnist-classification/source-datasets/mnist/2/f25974.png,f25974.png,png,4baa11ed467778e6071e5ff06d8d583ae866c2a85ae8a404ea82c0b79544c6c3,train,20260703,mnist-sampling-v1,25974,gold_candidate,develop_policy
train_00477,mnist,2,2,data/images/mnist-classification/source-datasets/mnist/2/f26093.png,f26093.png,png,5066b7a42156f82de9fe0e8cd0e8775214f0435c290c3c687ebb95cadd9c3966,train,20260703,mnist-sampling-v1,26093,gold_candidate,develop_policy
train_00478,mnist,2,2,data/images/mnist-classification/source-datasets/mnist/2/f26161.png,f26161.png,png,f7869778e23b313928a380b73054060bc6d2df21f8b4764c622e5cde00ead95d,train,20260703,mnist-sampling-v1,26161,gold_candidate,develop_policy
train_00479,mnist,2,2,data/images/mnist-classification/source-datasets/mnist/2/f26357.png,f26357.png,png,e6878d0e13e0b966cd58de5d4f12b0acdd09abf4c8a0061835c47389e53c7c2f,train,20260703,mnist-sampling-v1,26357,gold_candidate,develop_policy
train_00480,mnist,2,2,data/images/mnist-classification/source-datasets/mnist/2/f26540.png,f26540.png,png,ed43bfca065f3bbba555982b1cdb711c8512f718cba31825d971c562cae0a973,train,20260703,mnist-sampling-v1,26540,gold_candidate,develop_policy
train_00481,mnist,2,2,data/images/mnist-classification/source-datasets/mnist/2/f27093.png,f27093.png,png,7ea21cc70ab6d573e68b6471133f367c4c7594ad67a5ad1509acea437cc7e778,train,20260703,mnist-sampling-v1,27093,gold_candidate,develop_policy
train_00482,mnist,2,2,data/images/mnist-classification/source-datasets/mnist/2/f27598.png,f27598.png,png,3707dc6cef568ae823d2369244d1d217dbe321af4540f03c24cb4cc7c1239c69,train,20260703,mnist-sampling-v1,27598,gold_candidate,develop_policy
train_00483,mnist,2,2,data/images/mnist-classification/source-datasets/mnist/2/f28369.png,f28369.png,png,da7c1b1e9a052818e815a2518be7ff5b7c07317d1d85e99c1706bfa11a7e0899,train,20260703,mnist-sampling-v1,28369,gold_candidate,develop_policy
train_00484,mnist,2,2,data/images/mnist-classification/source-datasets/mnist/2/f28494.png,f28494.png,png,6f95217c7699885e7e796fa7e6582005da24b4d4a779e0afe56c8f6de4d771c3,train,20260703,mnist-sampling-v1,28494,gold_candidate,develop_policy
train_00485,mnist,2,2,data/images/mnist-classification/source-datasets/mnist/2/f28544.png,f28544.png,png,0425dbf6ee813f4a1a115df49306a3763b4a8f7c428d90785c1e965cea959286,train,20260703,mnist-sampling-v1,28544,gold_candidate,develop_policy
train_00486,mnist,2,2,data/images/mnist-classification/source-datasets/mnist/2/f28651.png,f28651.png,png,6e0b995b8d9c5b6034b2652c64630f482af56688d605ffea7314b39cb0078e96,train,20260703,mnist-sampling-v1,28651,gold_candidate,develop_policy
train_00487,mnist,2,2,data/images/mnist-classification/source-datasets/mnist/2/f28787.png,f28787.png,png,25ce7ed8cb65de369779179642d6c657322379c5eacd4c7cd8dd47daaa5b5fa3,train,20260703,mnist-sampling-v1,28787,gold_candidate,develop_policy
train_00488,mnist,2,2,data/images/mnist-classification/source-datasets/mnist/2/f29290.png,f29290.png,png,c7fab800e0f3695e66648578fd578f7cc4bc8c79520740ef5779a3f58f1420b8,train,20260703,mnist-sampling-v1,29290,gold_candidate,develop_policy
train_00489,mnist,2,2,data/images/mnist-classification/source-datasets/mnist/2/f29314.png,f29314.png,png,a57d90b70a98bb91f5edfdfaa663f2deed9f9e84105857a4da70c71308e3e520,train,20260703,mnist-sampling-v1,29314,gold_candidate,develop_policy
train_00490,mnist,2,2,data/images/mnist-classification/source-datasets/mnist/2/f29500.png,f29500.png,png,7e3577f7a386851a45db0d24baa9a1b72adae895c90a53312e093b0c96d961dd,train,20260703,mnist-sampling-v1,29500,gold_candidate,develop_policy
train_00491,mnist,2,2,data/images/mnist-classification/source-datasets/mnist/2/f30091.png,f30091.png,png,8b8737572d2c2bfd338aa14a78afc0301d0e92c4e2c7f40445897b26e40423c5,train,20260703,mnist-sampling-v1,30091,gold_candidate,develop_policy
train_00492,mnist,2,2,data/images/mnist-classification/source-datasets/mnist/2/f30477.png,f30477.png,png,65c308e23e3a706d77cd0234e8785dd2cd0b61c06d9422841100724c98c3a77b,train,20260703,mnist-sampling-v1,30477,gold_candidate,develop_policy
train_00493,mnist,2,2,data/images/mnist-classification/source-datasets/mnist/2/f30794.png,f30794.png,png,13a1f252345e9391b3ebe8a9715b56fbbcb8f0f03dd3585686c2e3018b2eab4e,train,20260703,mnist-sampling-v1,30794,gold_candidate,develop_policy
train_00494,mnist,2,2,data/images/mnist-classification/source-datasets/mnist/2/f30889.png,f30889.png,png,3ad205630179a6b688cb0fb94b9f9a86e904080531cf1587375f05c9695b4781,train,20260703,mnist-sampling-v1,30889,gold_candidate,develop_policy
train_00495,mnist,2,2,data/images/mnist-classification/source-datasets/mnist/2/f31372.png,f31372.png,png,ec4dec43928254f264176951ac10f466358a8a178f1b4c86acdc3432772fe94d,train,20260703,mnist-sampling-v1,31372,gold_candidate,develop_policy
train_00496,mnist,2,2,data/images/mnist-classification/source-datasets/mnist/2/f31794.png,f31794.png,png,e1f8526efb107e320ab3c1661c4c1d07340f59a256d5a20337a18705ac110dba,train,20260703,mnist-sampling-v1,31794,gold_candidate,develop_policy
train_00497,mnist,2,2,data/images/mnist-classification/source-datasets/mnist/2/f32146.png,f32146.png,png,6a3a4453caf21aa61cf9eec54395a0d58501a794546b2328f72d4956603b10a8,train,20260703,mnist-sampling-v1,32146,gold_candidate,develop_policy
train_00498,mnist,2,2,data/images/mnist-classification/source-datasets/mnist/2/f32654.png,f32654.png,png,d1b976186155333b266c61b205759b9c9de00e9484e9eea3c28d919681a25cd0,train,20260703,mnist-sampling-v1,32654,gold_candidate,develop_policy
train_00499,mnist,2,2,data/images/mnist-classification/source-datasets/mnist/2/f33469.png,f33469.png,png,841de4cfc58452321feaac417f144e2d273013108727acf1389f02a1ff5f1f6b,train,20260703,mnist-sampling-v1,33469,gold_candidate,develop_policy
train_00500,mnist,2,2,data/images/mnist-classification/source-datasets/mnist/2/f34495.png,f34495.png,png,2bac81302386edc4de2b6bfb250b89520e4b918d4d14090adb49140dfde7f0f7,train,20260703,mnist-sampling-v1,34495,gold_candidate,develop_policy
train_00501,mnist,2,2,data/images/mnist-classification/source-datasets/mnist/2/f34521.png,f34521.png,png,94f0c9238260438a7af33a479f083e09c778149b13d1be84d414e4d2e5702e22,train,20260703,mnist-sampling-v1,34521,gold_candidate,develop_policy
train_00502,mnist,2,2,data/images/mnist-classification/source-datasets/mnist/2/f34604.png,f34604.png,png,f13dea51980e340cd25db90d574a2434caab3b0407d0727f507fef27856c7f4f,train,20260703,mnist-sampling-v1,34604,gold_candidate,develop_policy
train_00503,mnist,2,2,data/images/mnist-classification/source-datasets/mnist/2/f34902.png,f34902.png,png,18aec5a795b6caff79f976b8cdcff9f3defe05832acf6322aa7a06c67396193b,train,20260703,mnist-sampling-v1,34902,gold_candidate,develop_policy
train_00504,mnist,2,2,data/images/mnist-classification/source-datasets/mnist/2/f35340.png,f35340.png,png,a139f406748f9063325885e1e0b420f93f6ef7f14ef871869ed0c4242f75a8c3,train,20260703,mnist-sampling-v1,35340,gold_candidate,develop_policy
train_00505,mnist,2,2,data/images/mnist-classification/source-datasets/mnist/2/f35509.png,f35509.png,png,299efd8d50899ec4f811dd2ccbad6d949be8520128b3a6f2ab7e6d6fe796394f,train,20260703,mnist-sampling-v1,35509,gold_candidate,develop_policy
train_00506,mnist,2,2,data/images/mnist-classification/source-datasets/mnist/2/f35606.png,f35606.png,png,a42b17bed9fd3c9bde0261f9e92efc7a27c05c7556d869c3ef55012ea4176573,train,20260703,mnist-sampling-v1,35606,gold_candidate,develop_policy
train_00507,mnist,2,2,data/images/mnist-classification/source-datasets/mnist/2/f36209.png,f36209.png,png,b6311898134003e884c5b07db5db17f23a5c79da7a180f3fd2e4642e20a25809,train,20260703,mnist-sampling-v1,36209,gold_candidate,develop_policy
train_00508,mnist,2,2,data/images/mnist-classification/source-datasets/mnist/2/f36775.png,f36775.png,png,b1445981f461bd9a608edd39c1e6d572d1afe089f3809d618d693eff56959f56,train,20260703,mnist-sampling-v1,36775,gold_candidate,develop_policy
train_00509,mnist,2,2,data/images/mnist-classification/source-datasets/mnist/2/f36846.png,f36846.png,png,90278beb81f132c651fd6556c843d0a4ed925c8a0febaf68630a291fcd5a6784,train,20260703,mnist-sampling-v1,36846,gold_candidate,develop_policy
train_00510,mnist,2,2,data/images/mnist-classification/source-datasets/mnist/2/f36901.png,f36901.png,png,c699a5699132758019b290dae1ecc86937d9433b120fd290f0b4950fbd0e07b4,train,20260703,mnist-sampling-v1,36901,gold_candidate,develop_policy
train_00511,mnist,2,2,data/images/mnist-classification/source-datasets/mnist/2/f36904.png,f36904.png,png,ce280b30b66f29e82d67b60d2e3ae5f681406325dac0ce4990ac2ea5a7cc1f2a,train,20260703,mnist-sampling-v1,36904,gold_candidate,develop_policy
train_00512,mnist,2,2,data/images/mnist-classification/source-datasets/mnist/2/f36958.png,f36958.png,png,935783bd557c31b114c916f401101c0604cf793647eca147f531e07b77f3e1bd,train,20260703,mnist-sampling-v1,36958,gold_candidate,develop_policy
train_00513,mnist,2,2,data/images/mnist-classification/source-datasets/mnist/2/f37040.png,f37040.png,png,68bbd9114d88285191b9a62a455ae940bab35ac4746a8f67dc1da192d484c401,train,20260703,mnist-sampling-v1,37040,gold_candidate,develop_policy
train_00514,mnist,2,2,data/images/mnist-classification/source-datasets/mnist/2/f37766.png,f37766.png,png,2d9216323aca9312890ab7f70c483753252aac1b8be24b753d6c6f219175e35f,train,20260703,mnist-sampling-v1,37766,gold_candidate,develop_policy
train_00515,mnist,2,2,data/images/mnist-classification/source-datasets/mnist/2/f38036.png,f38036.png,png,59a38435fa1125a1e01e67cf77681e82b0be9883de1cb95011c2f06dd79cd887,train,20260703,mnist-sampling-v1,38036,gold_candidate,develop_policy
train_00516,mnist,2,2,data/images/mnist-classification/source-datasets/mnist/2/f38430.png,f38430.png,png,012ed69ddfcc7a89d825bc07882c75c5a72b5b1fb7850f4635a094a21e9d9fb2,train,20260703,mnist-sampling-v1,38430,gold_candidate,develop_policy
train_00517,mnist,2,2,data/images/mnist-classification/source-datasets/mnist/2/f39198.png,f39198.png,png,dae76b6345517459f8e056d8d90c18d465dea99c8403e8c9a133232c392e4634,train,20260703,mnist-sampling-v1,39198,gold_candidate,develop_policy
train_00518,mnist,2,2,data/images/mnist-classification/source-datasets/mnist/2/f39592.png,f39592.png,png,e6521023a7ae6393d9ec112c32b5b01dd79d579d590e31c61e1f89d0f6956c35,train,20260703,mnist-sampling-v1,39592,gold_candidate,develop_policy
train_00519,mnist,2,2,data/images/mnist-classification/source-datasets/mnist/2/f39597.png,f39597.png,png,fbe7b9d88bd5731a0e6bc62c660ab1b90b28e5958555a52553d9a4ed9e4fd0e0,train,20260703,mnist-sampling-v1,39597,gold_candidate,develop_policy
train_00520,mnist,2,2,data/images/mnist-classification/source-datasets/mnist/2/f39655.png,f39655.png,png,0582e93cf7ce17b0d33a65c09325835fa4cf6efe403de650a69101879e121e5e,train,20260703,mnist-sampling-v1,39655,gold_candidate,develop_policy
train_00521,mnist,2,2,data/images/mnist-classification/source-datasets/mnist/2/f39663.png,f39663.png,png,b67be1a1bd4ffa466fd25cdb64370da32b5e23576f1a24331938c9abfe7cd990,train,20260703,mnist-sampling-v1,39663,gold_candidate,develop_policy
train_00522,mnist,2,2,data/images/mnist-classification/source-datasets/mnist/2/f39669.png,f39669.png,png,a1f103cc1d98f65096e4b4f59b6dd04621738031796cc1aae63c353fc9c3275d,train,20260703,mnist-sampling-v1,39669,gold_candidate,develop_policy
train_00523,mnist,2,2,data/images/mnist-classification/source-datasets/mnist/2/f40445.png,f40445.png,png,66a0e8156d1987ad24a9a0f0a9d386656a0f0b1930f4fda0aa515560108c232c,train,20260703,mnist-sampling-v1,40445,gold_candidate,develop_policy
train_00524,mnist,2,2,data/images/mnist-classification/source-datasets/mnist/2/f40598.png,f40598.png,png,98371bc1ca5b7d9d3593de65588261f14bc3e61983afae3d4e8994ce601f1205,train,20260703,mnist-sampling-v1,40598,gold_candidate,develop_policy
train_00525,mnist,2,2,data/images/mnist-classification/source-datasets/mnist/2/f40951.png,f40951.png,png,f2a8f0a4da181de9d5ac150076b5e935fd6b836228aef04f1d2bf387afbe9810,train,20260703,mnist-sampling-v1,40951,gold_candidate,develop_policy
train_00526,mnist,2,2,data/images/mnist-classification/source-datasets/mnist/2/f41189.png,f41189.png,png,079728b35a069e5f01a052668dedb2f237be6ec6e04bc8518357e3da93dd6aed,train,20260703,mnist-sampling-v1,41189,gold_candidate,develop_policy
train_00527,mnist,2,2,data/images/mnist-classification/source-datasets/mnist/2/f41595.png,f41595.png,png,1abde61767e3e4f486fb40c101c18dfb4a542313f01b6c262f8323d05f408ab1,train,20260703,mnist-sampling-v1,41595,gold_candidate,develop_policy
train_00528,mnist,2,2,data/images/mnist-classification/source-datasets/mnist/2/f41878.png,f41878.png,png,423f3da946b1afc70afe3c97cb5be8ec41af8f8972cd42f30e2fcb78eb4ce64c,train,20260703,mnist-sampling-v1,41878,gold_candidate,develop_policy
train_00529,mnist,2,2,data/images/mnist-classification/source-datasets/mnist/2/f42037.png,f42037.png,png,e1b6dbe83bde8fad81d3a43009cf3c3ed854c87a0cfebd9b5e7854ef24f76022,train,20260703,mnist-sampling-v1,42037,gold_candidate,develop_policy
train_00530,mnist,2,2,data/images/mnist-classification/source-datasets/mnist/2/f42092.png,f42092.png,png,ac7f846fbb3858e1717de4985db0ff2c3124c660dd49b9388ab134dd69e5c0d8,train,20260703,mnist-sampling-v1,42092,gold_candidate,develop_policy
train_00531,mnist,2,2,data/images/mnist-classification/source-datasets/mnist/2/f42159.png,f42159.png,png,b4b37c374040bd4af14e68ede09737ab6ffc19a67337204346e5b0c63298b9e0,train,20260703,mnist-sampling-v1,42159,gold_candidate,develop_policy
train_00532,mnist,2,2,data/images/mnist-classification/source-datasets/mnist/2/f42219.png,f42219.png,png,0724c5484aefcf33fd62e653e43d7e8d0bd729d0d4ec5ae82cdaf04242fe3dac,train,20260703,mnist-sampling-v1,42219,gold_candidate,develop_policy
train_00533,mnist,2,2,data/images/mnist-classification/source-datasets/mnist/2/f42328.png,f42328.png,png,41605946830ed4ec2dec14ce7ca0a64b92f07f7e301e02ad8488f7ebcdf27f0b,train,20260703,mnist-sampling-v1,42328,gold_candidate,develop_policy
train_00534,mnist,2,2,data/images/mnist-classification/source-datasets/mnist/2/f42633.png,f42633.png,png,ee7f9a4d200804172c9f2edbf6af35eef1bee6d37d8c3074c35c3d635ba26495,train,20260703,mnist-sampling-v1,42633,gold_candidate,develop_policy
train_00535,mnist,2,2,data/images/mnist-classification/source-datasets/mnist/2/f42692.png,f42692.png,png,f3e6d585af5c4794f9fbdb1c9c4b409c08d25f484a64c7a90ce24de36ea940d4,train,20260703,mnist-sampling-v1,42692,gold_candidate,develop_policy
train_00536,mnist,2,2,data/images/mnist-classification/source-datasets/mnist/2/f42926.png,f42926.png,png,70b5410bb17d05e6d133d852b6fbd671d8a07a8b3d568c7ee18b956567ce8374,train,20260703,mnist-sampling-v1,42926,gold_candidate,develop_policy
train_00537,mnist,2,2,data/images/mnist-classification/source-datasets/mnist/2/f43002.png,f43002.png,png,a0ea74400e0f1e2222c5fa917f90a6d968f4ed5a0aa258587348d9c29f1c9aa4,train,20260703,mnist-sampling-v1,43002,gold_candidate,develop_policy
train_00538,mnist,2,2,data/images/mnist-classification/source-datasets/mnist/2/f43079.png,f43079.png,png,adcca65f049e4f1d3836272dce42404986eae6c1254fa102bb9e3daca4b45b7b,train,20260703,mnist-sampling-v1,43079,gold_candidate,develop_policy
train_00539,mnist,2,2,data/images/mnist-classification/source-datasets/mnist/2/f43172.png,f43172.png,png,2c4e70f5f086bfb4af8d9e14848956285e74d4c154396987ba3fde1f01538525,train,20260703,mnist-sampling-v1,43172,gold_candidate,develop_policy
train_00540,mnist,2,2,data/images/mnist-classification/source-datasets/mnist/2/f43184.png,f43184.png,png,f1defe46b84a5ef2de68729ce8a4eb337796da2857af7e3c9cad35c7d1ce62d4,train,20260703,mnist-sampling-v1,43184,gold_candidate,develop_policy
train_00541,mnist,2,2,data/images/mnist-classification/source-datasets/mnist/2/f43314.png,f43314.png,png,03c8424b85495dde9468a48bba3fb1116e5144a1ad9de86a8e7146dc2b4fa5a2,train,20260703,mnist-sampling-v1,43314,gold_candidate,develop_policy
train_00542,mnist,2,2,data/images/mnist-classification/source-datasets/mnist/2/f43376.png,f43376.png,png,7b3241e4e07870cc605680b80b868f8acd514d7340ef99729bafbe9276c2005f,train,20260703,mnist-sampling-v1,43376,gold_candidate,develop_policy
train_00543,mnist,2,2,data/images/mnist-classification/source-datasets/mnist/2/f43391.png,f43391.png,png,3d668c4633b8efbb1d9fd1277a7257609d3de1a778a55b37834cf753ce2a41ab,train,20260703,mnist-sampling-v1,43391,gold_candidate,develop_policy
train_00544,mnist,2,2,data/images/mnist-classification/source-datasets/mnist/2/f43441.png,f43441.png,png,f987d2c9dd754a6b572bd4e79eefbbe8078ca624e940783ac324594b9247df9d,train,20260703,mnist-sampling-v1,43441,gold_candidate,develop_policy
train_00545,mnist,2,2,data/images/mnist-classification/source-datasets/mnist/2/f43617.png,f43617.png,png,7b3184ed8d36eaa2dbf42a0cb7c9839fb1c5f3c62edc3ddb8789e3b4c41fa8c0,train,20260703,mnist-sampling-v1,43617,gold_candidate,develop_policy
train_00546,mnist,2,2,data/images/mnist-classification/source-datasets/mnist/2/f43852.png,f43852.png,png,d10b3a69ff86cf8825a57c02d875dba2160a884134e68c45e818627a3d31cd87,train,20260703,mnist-sampling-v1,43852,gold_candidate,develop_policy
train_00547,mnist,2,2,data/images/mnist-classification/source-datasets/mnist/2/f43994.png,f43994.png,png,05a2fd12275a3fdc7db800b3d25561ac493332c31420509a6f515bfe2e261e52,train,20260703,mnist-sampling-v1,43994,gold_candidate,develop_policy
train_00548,mnist,2,2,data/images/mnist-classification/source-datasets/mnist/2/f44098.png,f44098.png,png,0fc18d597df4c79ff5c1687329aadc77844032432ca8a6d2a4fcbc89c0ef5c75,train,20260703,mnist-sampling-v1,44098,gold_candidate,develop_policy
train_00549,mnist,2,2,data/images/mnist-classification/source-datasets/mnist/2/f44565.png,f44565.png,png,98d7cc6f77a32cfcdca1904e2d889ab9834840afbe60f6edee92039bce28cc41,train,20260703,mnist-sampling-v1,44565,gold_candidate,develop_policy
train_00550,mnist,2,2,data/images/mnist-classification/source-datasets/mnist/2/f45149.png,f45149.png,png,effdd83a5ece3c7e455b0b10f4ec9a1e8dd031ffe492eda92514c59db1266a19,train,20260703,mnist-sampling-v1,45149,gold_candidate,develop_policy
train_00551,mnist,2,2,data/images/mnist-classification/source-datasets/mnist/2/f45486.png,f45486.png,png,e14675d16ebd81f93db2061d9000c828fdf5012700c8a2a03da23c226714e27d,train,20260703,mnist-sampling-v1,45486,gold_candidate,develop_policy
train_00552,mnist,2,2,data/images/mnist-classification/source-datasets/mnist/2/f45880.png,f45880.png,png,f9d005d3d90102fd82076cf087941cfa120b8f4451d6502728b21ed0cb0e32ea,train,20260703,mnist-sampling-v1,45880,gold_candidate,develop_policy
train_00553,mnist,2,2,data/images/mnist-classification/source-datasets/mnist/2/f45904.png,f45904.png,png,29ac4a58d71bcad3ea9d46d25d921fee66659143985046a1f43e062d9862e335,train,20260703,mnist-sampling-v1,45904,gold_candidate,develop_policy
train_00554,mnist,2,2,data/images/mnist-classification/source-datasets/mnist/2/f46115.png,f46115.png,png,7aa76385993612d94c289be712840d60f4492c03a922e4521210a900c39ed908,train,20260703,mnist-sampling-v1,46115,gold_candidate,develop_policy
train_00555,mnist,2,2,data/images/mnist-classification/source-datasets/mnist/2/f46546.png,f46546.png,png,f629022aaefbc1631a6c62f31ac59ffd44cdcc8ad45b6d90285ad11ca0daddd7,train,20260703,mnist-sampling-v1,46546,gold_candidate,develop_policy
train_00556,mnist,2,2,data/images/mnist-classification/source-datasets/mnist/2/f47131.png,f47131.png,png,855444b7749d0b812ffd6637f582ee352c193144382a63b91552649dc81f2f8e,train,20260703,mnist-sampling-v1,47131,gold_candidate,develop_policy
train_00557,mnist,2,2,data/images/mnist-classification/source-datasets/mnist/2/f47249.png,f47249.png,png,5742b5e1578292c19453af1d67a8c00593d469912043dacb43b8c891790de134,train,20260703,mnist-sampling-v1,47249,gold_candidate,develop_policy
train_00558,mnist,2,2,data/images/mnist-classification/source-datasets/mnist/2/f47467.png,f47467.png,png,e2120e4ec5ddf155abe3e3694c440c95395b08075842ca252385264342c07eb3,train,20260703,mnist-sampling-v1,47467,gold_candidate,develop_policy
train_00559,mnist,2,2,data/images/mnist-classification/source-datasets/mnist/2/f48686.png,f48686.png,png,54c8efd2c9cb61dea896a8876fe51025ae52906d6ec8250af6e654458168f53c,train,20260703,mnist-sampling-v1,48686,gold_candidate,develop_policy
train_00560,mnist,2,2,data/images/mnist-classification/source-datasets/mnist/2/f48799.png,f48799.png,png,50a870bdfe27d32487ee9917df9feac3e134ffc1e28c1ec47f4ab473f4b0c3e9,train,20260703,mnist-sampling-v1,48799,gold_candidate,develop_policy
train_00561,mnist,2,2,data/images/mnist-classification/source-datasets/mnist/2/f49101.png,f49101.png,png,3560ad617f7f418c2bfa16ac3bba9b129cfb60254420727a737576ef57e10cca,train,20260703,mnist-sampling-v1,49101,gold_candidate,develop_policy
train_00562,mnist,2,2,data/images/mnist-classification/source-datasets/mnist/2/f49168.png,f49168.png,png,6f4d84cce0998453a9a9f34b31d2a85bbb9ac6270754ab5e5bb12bfbd2d85799,train,20260703,mnist-sampling-v1,49168,gold_candidate,develop_policy
train_00563,mnist,2,2,data/images/mnist-classification/source-datasets/mnist/2/f49573.png,f49573.png,png,1e702110c168aa65358f2e8a740f586441c2616e4e0a97c05b082527a82019c3,train,20260703,mnist-sampling-v1,49573,gold_candidate,develop_policy
train_00564,mnist,2,2,data/images/mnist-classification/source-datasets/mnist/2/f49582.png,f49582.png,png,dc0afc4c695e54cc0bf66e805f44b47200c722dcf08c05ba402b87b2deb85846,train,20260703,mnist-sampling-v1,49582,gold_candidate,develop_policy
train_00565,mnist,2,2,data/images/mnist-classification/source-datasets/mnist/2/f49805.png,f49805.png,png,ee7d86d81b37820340eeaef674c900a192b24171ae5d4a277c8145489ba76660,train,20260703,mnist-sampling-v1,49805,gold_candidate,develop_policy
train_00566,mnist,2,2,data/images/mnist-classification/source-datasets/mnist/2/f49819.png,f49819.png,png,e08516060eb026e3e3aeb9aa2d68ad0e8d3fd40173e9034fb2e44504ead8abd2,train,20260703,mnist-sampling-v1,49819,gold_candidate,develop_policy
train_00567,mnist,2,2,data/images/mnist-classification/source-datasets/mnist/2/f50441.png,f50441.png,png,eab27a9a0bad4938218b6649eb650177c825288d1cc25628d3ba3f58cbb2a3d4,train,20260703,mnist-sampling-v1,50441,gold_candidate,develop_policy
train_00568,mnist,2,2,data/images/mnist-classification/source-datasets/mnist/2/f50748.png,f50748.png,png,de7aba81a04e8f6dcba00186b511a36719076700befb1ca81e1c5175723f619d,train,20260703,mnist-sampling-v1,50748,gold_candidate,develop_policy
train_00569,mnist,2,2,data/images/mnist-classification/source-datasets/mnist/2/f51119.png,f51119.png,png,1b4e872c813335565f36f3d253826c833c3f254322cc9a4f3c80458ee83271c3,train,20260703,mnist-sampling-v1,51119,gold_candidate,develop_policy
train_00570,mnist,2,2,data/images/mnist-classification/source-datasets/mnist/2/f51273.png,f51273.png,png,b2c3b42e9242e5a26c596989885b91bff35db4117e559d6b021ed7b62b26ae92,train,20260703,mnist-sampling-v1,51273,gold_candidate,develop_policy
train_00571,mnist,2,2,data/images/mnist-classification/source-datasets/mnist/2/f51698.png,f51698.png,png,9796ce122ab9716e662bcc184bcafd73d7ab5ea578edaad365b4d915805de1a8,train,20260703,mnist-sampling-v1,51698,gold_candidate,develop_policy
train_00572,mnist,2,2,data/images/mnist-classification/source-datasets/mnist/2/f52345.png,f52345.png,png,7a120a4b980738955921dd98cd3f97bfe0fd39c090e12d7b5561e84661362e3b,train,20260703,mnist-sampling-v1,52345,gold_candidate,develop_policy
train_00573,mnist,2,2,data/images/mnist-classification/source-datasets/mnist/2/f52403.png,f52403.png,png,2d06dd8393d0089a2ce6b5233a00a98c2583cea71b9106f890cfaea6674642df,train,20260703,mnist-sampling-v1,52403,gold_candidate,develop_policy
train_00574,mnist,2,2,data/images/mnist-classification/source-datasets/mnist/2/f52684.png,f52684.png,png,f90b14dc85b1f51ec2d3106a8408a01f4abffbe264ad782c0c999e73abe29fea,train,20260703,mnist-sampling-v1,52684,gold_candidate,develop_policy
train_00575,mnist,2,2,data/images/mnist-classification/source-datasets/mnist/2/f53121.png,f53121.png,png,2b3fadd849c8066a219a17bfd6b9debf41e8ac1d5ee9cc05e795f7a73e250e63,train,20260703,mnist-sampling-v1,53121,gold_candidate,develop_policy
train_00576,mnist,2,2,data/images/mnist-classification/source-datasets/mnist/2/f53284.png,f53284.png,png,52ad5253e85ef45961886ee9ffae74cc926fdf21306f64c1cc64a46f0bda04c9,train,20260703,mnist-sampling-v1,53284,gold_candidate,develop_policy
train_00577,mnist,2,2,data/images/mnist-classification/source-datasets/mnist/2/f53692.png,f53692.png,png,06f426536aec429f9e3f4ae4b97868fa5a8a02ae4e87c4398c872e22e4eb48ed,train,20260703,mnist-sampling-v1,53692,gold_candidate,develop_policy
train_00578,mnist,2,2,data/images/mnist-classification/source-datasets/mnist/2/f53876.png,f53876.png,png,f7eabb0adb7480d6c95b2d24209af7efaf630986ee40799e9c3e1aeed61887fa,train,20260703,mnist-sampling-v1,53876,gold_candidate,develop_policy
train_00579,mnist,2,2,data/images/mnist-classification/source-datasets/mnist/2/f54338.png,f54338.png,png,24c85468d3439580cf6bbc4b43661986610f878e357a0f6baeef225308101b2c,train,20260703,mnist-sampling-v1,54338,gold_candidate,develop_policy
train_00580,mnist,2,2,data/images/mnist-classification/source-datasets/mnist/2/f54395.png,f54395.png,png,481666b4c08ee1064c82ef3b4603eb6abf84d6cd944bf298ae1f8a4803ae9dbe,train,20260703,mnist-sampling-v1,54395,gold_candidate,develop_policy
train_00581,mnist,2,2,data/images/mnist-classification/source-datasets/mnist/2/f54513.png,f54513.png,png,ba0e8f265a6e67908936925ecfd6b352800512a50ae0147647e6f3e482936dcc,train,20260703,mnist-sampling-v1,54513,gold_candidate,develop_policy
train_00582,mnist,2,2,data/images/mnist-classification/source-datasets/mnist/2/f54756.png,f54756.png,png,ed7e2d5059157245836d9a7b20cb4d7695349bc069264f605c13c6814c216c2a,train,20260703,mnist-sampling-v1,54756,gold_candidate,develop_policy
train_00583,mnist,2,2,data/images/mnist-classification/source-datasets/mnist/2/f55202.png,f55202.png,png,4a8b3562f3469e5fae838310b57bc3434d343fc490c65885e2cfb79317493a5d,train,20260703,mnist-sampling-v1,55202,gold_candidate,develop_policy
train_00584,mnist,2,2,data/images/mnist-classification/source-datasets/mnist/2/f55308.png,f55308.png,png,331a20f5176f853a4bc52dd6d56bb98ef866c85b6a67604134d6d9de86234003,train,20260703,mnist-sampling-v1,55308,gold_candidate,develop_policy
train_00585,mnist,2,2,data/images/mnist-classification/source-datasets/mnist/2/f55437.png,f55437.png,png,5c536060b88f9f6635b073b12a10682274e81c2fb9b49ff3a3f962febead34ab,train,20260703,mnist-sampling-v1,55437,gold_candidate,develop_policy
train_00586,mnist,2,2,data/images/mnist-classification/source-datasets/mnist/2/f55969.png,f55969.png,png,90fc495f17fc186af258fe1a36e1e7d5ba1c07e81bff5f078766351f51e44de0,train,20260703,mnist-sampling-v1,55969,gold_candidate,develop_policy
train_00587,mnist,2,2,data/images/mnist-classification/source-datasets/mnist/2/f56175.png,f56175.png,png,be92bc65b3c0cdac7ca8f38a5dad675518a1a2aa07098d59fb0cc7d68eaf34d5,train,20260703,mnist-sampling-v1,56175,gold_candidate,develop_policy
train_00588,mnist,2,2,data/images/mnist-classification/source-datasets/mnist/2/f56188.png,f56188.png,png,9773b493fe250993827f323a1eedaf042d0524947c24deb0fcefe074f6de954e,train,20260703,mnist-sampling-v1,56188,gold_candidate,develop_policy
train_00589,mnist,2,2,data/images/mnist-classification/source-datasets/mnist/2/f56508.png,f56508.png,png,accf50e5c2ae19943aa23a58fa378fe894cda12aa9aa5f41e624a8b4d143f182,train,20260703,mnist-sampling-v1,56508,gold_candidate,develop_policy
train_00590,mnist,2,2,data/images/mnist-classification/source-datasets/mnist/2/f56558.png,f56558.png,png,daca54d0377ff9ab8eaf356001b0bf1264a71ea6f7a79040da748d3b8bcb8df3,train,20260703,mnist-sampling-v1,56558,gold_candidate,develop_policy
train_00591,mnist,2,2,data/images/mnist-classification/source-datasets/mnist/2/f56864.png,f56864.png,png,5ed68bf471f2bdcdb8f1366fff432800e268bd9d9938520b1682cafc1f60774e,train,20260703,mnist-sampling-v1,56864,gold_candidate,develop_policy
train_00592,mnist,2,2,data/images/mnist-classification/source-datasets/mnist/2/f57105.png,f57105.png,png,18c3d7703b530ae6194bcd745e6796dd2b22d8847c65665a23fc865eed064e7a,train,20260703,mnist-sampling-v1,57105,gold_candidate,develop_policy
train_00593,mnist,2,2,data/images/mnist-classification/source-datasets/mnist/2/f57366.png,f57366.png,png,37e0cbb37a192cd4395767e4bc72aa2767027ca0c6a69fc5077564e3bf679c17,train,20260703,mnist-sampling-v1,57366,gold_candidate,develop_policy
train_00594,mnist,2,2,data/images/mnist-classification/source-datasets/mnist/2/f57387.png,f57387.png,png,38cdcb9f031e6e15ddb8e9b872e279e44d1b6145050aaae5477aeb7fe6790a75,train,20260703,mnist-sampling-v1,57387,gold_candidate,develop_policy
train_00595,mnist,2,2,data/images/mnist-classification/source-datasets/mnist/2/f57503.png,f57503.png,png,c1b914cd7f5d688089e85e7ec71f728381c6e5075c1d79ae9b1d67ae616c3f0d,train,20260703,mnist-sampling-v1,57503,gold_candidate,develop_policy
train_00596,mnist,2,2,data/images/mnist-classification/source-datasets/mnist/2/f57615.png,f57615.png,png,554ef9b51b3c8339910306fe3fcb4d2f1a753c52d6db4c63afb71a6d36a6116d,train,20260703,mnist-sampling-v1,57615,gold_candidate,develop_policy
train_00597,mnist,2,2,data/images/mnist-classification/source-datasets/mnist/2/f57628.png,f57628.png,png,9ab5538e0c3ef3b5a5b5d5c832e529505cd2dc0e3d588a85ae7d6f0651cf041a,train,20260703,mnist-sampling-v1,57628,gold_candidate,develop_policy
train_00598,mnist,2,2,data/images/mnist-classification/source-datasets/mnist/2/f57966.png,f57966.png,png,71fc5a5b6f011be085ac7984cb2b256b79d77440665570fb6fe3a95163e7d57c,train,20260703,mnist-sampling-v1,57966,gold_candidate,develop_policy
train_00599,mnist,2,2,data/images/mnist-classification/source-datasets/mnist/2/f59253.png,f59253.png,png,da9e116532102b7add59a4481be82736d3f36ec98e41cfcc76196a8bb7335e03,train,20260703,mnist-sampling-v1,59253,gold_candidate,develop_policy
train_00600,mnist,2,2,data/images/mnist-classification/source-datasets/mnist/2/f59985.png,f59985.png,png,01aea792f49849989d13c2d516a3518ec6cd6978d3071cacebd78fcd8f475e36,train,20260703,mnist-sampling-v1,59985,gold_candidate,develop_policy
train_00601,mnist,3,3,data/images/mnist-classification/source-datasets/mnist/3/f98.png,f98.png,png,122ec185f89d587b8ad9bb22368f6d5073fc68d8caa7c1993c498e9670a65a4f,train,20260703,mnist-sampling-v1,98,gold_candidate,develop_policy
train_00602,mnist,3,3,data/images/mnist-classification/source-datasets/mnist/3/f613.png,f613.png,png,1f58c3b5a51cb94c5ed8e6f9ac833889201e2d9c689cc8c66c56ec5c3e9b62fb,train,20260703,mnist-sampling-v1,613,gold_candidate,develop_policy
train_00603,mnist,3,3,data/images/mnist-classification/source-datasets/mnist/3/f789.png,f789.png,png,44e34a2d1245046050f6510af5301579a0950961d16a23a4d599d4725b628a0a,train,20260703,mnist-sampling-v1,789,gold_candidate,develop_policy
train_00604,mnist,3,3,data/images/mnist-classification/source-datasets/mnist/3/f2669.png,f2669.png,png,dd30ad596142b9c665a14af38e0420df437e0da2bea4026f591a57df6b6c77a9,train,20260703,mnist-sampling-v1,2669,gold_candidate,develop_policy
train_00605,mnist,3,3,data/images/mnist-classification/source-datasets/mnist/3/f3670.png,f3670.png,png,5e43765b8c49b232de3b1cafc8b1135a32e36496c0bcef8d7e339b251bb49df6,train,20260703,mnist-sampling-v1,3670,gold_candidate,develop_policy
train_00606,mnist,3,3,data/images/mnist-classification/source-datasets/mnist/3/f3824.png,f3824.png,png,26997f1931dfe64df584be28789060ae9dc1d1c7b82734b8421c15508bcf5e1d,train,20260703,mnist-sampling-v1,3824,gold_candidate,develop_policy
train_00607,mnist,3,3,data/images/mnist-classification/source-datasets/mnist/3/f4001.png,f4001.png,png,444698df760d867ed4605c1a220ab4122973210f6f789824f8a92108a60ff14f,train,20260703,mnist-sampling-v1,4001,gold_candidate,develop_policy
train_00608,mnist,3,3,data/images/mnist-classification/source-datasets/mnist/3/f4369.png,f4369.png,png,b3d43a61e7ecd99dcb4bf8bc9f1208741897288d7aa17875a8c8bfdfdc9c6924,train,20260703,mnist-sampling-v1,4369,gold_candidate,develop_policy
train_00609,mnist,3,3,data/images/mnist-classification/source-datasets/mnist/3/f4881.png,f4881.png,png,36105c658dae9cbf6c245b966dd9e0305eb4a3b0a80f519dbe36098ce47207b0,train,20260703,mnist-sampling-v1,4881,gold_candidate,develop_policy
train_00610,mnist,3,3,data/images/mnist-classification/source-datasets/mnist/3/f5139.png,f5139.png,png,fd0b043d57d34f1f2dc44c3986c7994215c7507e12adeee0787c3e1b09115ea7,train,20260703,mnist-sampling-v1,5139,gold_candidate,develop_policy
train_00611,mnist,3,3,data/images/mnist-classification/source-datasets/mnist/3/f5616.png,f5616.png,png,0ed6b65da2eab1f085159da804ab30214b071ee45ca877ed8b5e0f8bf322bb12,train,20260703,mnist-sampling-v1,5616,gold_candidate,develop_policy
train_00612,mnist,3,3,data/images/mnist-classification/source-datasets/mnist/3/f5858.png,f5858.png,png,28c3fdc158c8402b2bc47f267ef1f8392fa56c74b13366db31a1cfb45ccb05d5,train,20260703,mnist-sampling-v1,5858,gold_candidate,develop_policy
train_00613,mnist,3,3,data/images/mnist-classification/source-datasets/mnist/3/f5941.png,f5941.png,png,48330fbece5ad236e64afb420d77588a8cea8d7548140ea6acd5bc080b533082,train,20260703,mnist-sampling-v1,5941,gold_candidate,develop_policy
train_00614,mnist,3,3,data/images/mnist-classification/source-datasets/mnist/3/f6089.png,f6089.png,png,18f33e6e6a574a962b9c705392f39607788c3231577255d5e32ab26fc091f234,train,20260703,mnist-sampling-v1,6089,gold_candidate,develop_policy
train_00615,mnist,3,3,data/images/mnist-classification/source-datasets/mnist/3/f6362.png,f6362.png,png,169172f68e55ec0885c7ddf801829815072c20eb455878a7a5e37edf3f360801,train,20260703,mnist-sampling-v1,6362,gold_candidate,develop_policy
train_00616,mnist,3,3,data/images/mnist-classification/source-datasets/mnist/3/f6430.png,f6430.png,png,26ab70d0335d6806e19678765a7acad7c7ee33f6efae20e5009b136ecb1d7ca4,train,20260703,mnist-sampling-v1,6430,gold_candidate,develop_policy
train_00617,mnist,3,3,data/images/mnist-classification/source-datasets/mnist/3/f7192.png,f7192.png,png,4f2a953e5f77fe37e6374d891ac9b33f84754fb62cf062aaefa8e9918bd1f0b6,train,20260703,mnist-sampling-v1,7192,gold_candidate,develop_policy
train_00618,mnist,3,3,data/images/mnist-classification/source-datasets/mnist/3/f7293.png,f7293.png,png,86cd4ff3cb7da8926e5ca8d11023018e3edc37034dbfba80b893132ebf72ad68,train,20260703,mnist-sampling-v1,7293,gold_candidate,develop_policy
train_00619,mnist,3,3,data/images/mnist-classification/source-datasets/mnist/3/f7497.png,f7497.png,png,e71a90e19400a23e4f7e1dddfad54279cbe68723cdf43076ca425941c2a855ca,train,20260703,mnist-sampling-v1,7497,gold_candidate,develop_policy
train_00620,mnist,3,3,data/images/mnist-classification/source-datasets/mnist/3/f7556.png,f7556.png,png,b171bc1d71dae1a66443db6ffcd82900c94a35b217612b10ea113087290538e2,train,20260703,mnist-sampling-v1,7556,gold_candidate,develop_policy
train_00621,mnist,3,3,data/images/mnist-classification/source-datasets/mnist/3/f7778.png,f7778.png,png,6fdd118c5c4207e38fbd12b2fd77ce27fce21c096e20b1eb566a98f11c536857,train,20260703,mnist-sampling-v1,7778,gold_candidate,develop_policy
train_00622,mnist,3,3,data/images/mnist-classification/source-datasets/mnist/3/f8597.png,f8597.png,png,5caed6a9d591983d0118d680ce436a607ccaa99d7332a378b28045d034d066d3,train,20260703,mnist-sampling-v1,8597,gold_candidate,develop_policy
train_00623,mnist,3,3,data/images/mnist-classification/source-datasets/mnist/3/f8663.png,f8663.png,png,bdbe9c19a2a8d61a12431eea8d8d386426773fc2878697ed0192ae63a0f37438,train,20260703,mnist-sampling-v1,8663,gold_candidate,develop_policy
train_00624,mnist,3,3,data/images/mnist-classification/source-datasets/mnist/3/f8700.png,f8700.png,png,f5eb5f5fd7802e15fff979b9fe7f8a5178526f318fc76de263aee69d12c22269,train,20260703,mnist-sampling-v1,8700,gold_candidate,develop_policy
train_00625,mnist,3,3,data/images/mnist-classification/source-datasets/mnist/3/f8794.png,f8794.png,png,2763bef1daf6ecb6af45548baa951e58cbc9287a1b7d98d921d386796887ef80,train,20260703,mnist-sampling-v1,8794,gold_candidate,develop_policy
train_00626,mnist,3,3,data/images/mnist-classification/source-datasets/mnist/3/f8936.png,f8936.png,png,bf2fe3f970c148873a83d21299df77e56bed444112787173448bff067b3b0aa6,train,20260703,mnist-sampling-v1,8936,gold_candidate,develop_policy
train_00627,mnist,3,3,data/images/mnist-classification/source-datasets/mnist/3/f9319.png,f9319.png,png,33f57590e34772b849fe563636de24c9694e6cf5cf514060ce73fe87c461c27c,train,20260703,mnist-sampling-v1,9319,gold_candidate,develop_policy
train_00628,mnist,3,3,data/images/mnist-classification/source-datasets/mnist/3/f9335.png,f9335.png,png,ac665fc1d3e4802d9032a194599d9f601f655b48967299e09790b9b3d153383f,train,20260703,mnist-sampling-v1,9335,gold_candidate,develop_policy
train_00629,mnist,3,3,data/images/mnist-classification/source-datasets/mnist/3/f9664.png,f9664.png,png,9be8e67ab4447786ee77cc544bb985ee16eb82660f5947ea2d44b3312a314a1a,train,20260703,mnist-sampling-v1,9664,gold_candidate,develop_policy
train_00630,mnist,3,3,data/images/mnist-classification/source-datasets/mnist/3/f9685.png,f9685.png,png,55421bfd6c9615f3fdbad51b64306e0ff86993a2495f9ca0b2a760e526406388,train,20260703,mnist-sampling-v1,9685,gold_candidate,develop_policy
train_00631,mnist,3,3,data/images/mnist-classification/source-datasets/mnist/3/f9797.png,f9797.png,png,c6d8666e2ec508d1c9f181ec8a2bd15678a57f618ac54a24475a26df576e6bcf,train,20260703,mnist-sampling-v1,9797,gold_candidate,develop_policy
train_00632,mnist,3,3,data/images/mnist-classification/source-datasets/mnist/3/f9829.png,f9829.png,png,910967f43f7bc782580dc84d5810c1b5d28f6165bc271041b0a34eee3b6a423b,train,20260703,mnist-sampling-v1,9829,gold_candidate,develop_policy
train_00633,mnist,3,3,data/images/mnist-classification/source-datasets/mnist/3/f10011.png,f10011.png,png,acba79cbf771a58421cc0e5aefbda71b4aa546ea97ef62a420e353b6c64c8933,train,20260703,mnist-sampling-v1,10011,gold_candidate,develop_policy
train_00634,mnist,3,3,data/images/mnist-classification/source-datasets/mnist/3/f10635.png,f10635.png,png,e3e46d3308e9acc80b8f011e1977857fe8b74f7bb0d397b0a10d452b397649a1,train,20260703,mnist-sampling-v1,10635,gold_candidate,develop_policy
train_00635,mnist,3,3,data/images/mnist-classification/source-datasets/mnist/3/f10696.png,f10696.png,png,9e301eea51f1d55ef820e033b9f35b9ac205d537e14b02267e7c901e7849beb4,train,20260703,mnist-sampling-v1,10696,gold_candidate,develop_policy
train_00636,mnist,3,3,data/images/mnist-classification/source-datasets/mnist/3/f10847.png,f10847.png,png,01bb685adf6d8ee48f2d881353e1ca5210c2d9bc89c3eb9c04747cfd49839511,train,20260703,mnist-sampling-v1,10847,gold_candidate,develop_policy
train_00637,mnist,3,3,data/images/mnist-classification/source-datasets/mnist/3/f11714.png,f11714.png,png,69981a99aadb9acfd19caa7fa2b4bd82f478a81a273e975396e9a0c29eae83ca,train,20260703,mnist-sampling-v1,11714,gold_candidate,develop_policy
train_00638,mnist,3,3,data/images/mnist-classification/source-datasets/mnist/3/f12117.png,f12117.png,png,221715c52cc048f40198de3747c9fb26dd5f4c2210f48ddae5bf186530610321,train,20260703,mnist-sampling-v1,12117,gold_candidate,develop_policy
train_00639,mnist,3,3,data/images/mnist-classification/source-datasets/mnist/3/f12463.png,f12463.png,png,d688e3bc22495c27e0799d5f27868acde7c1af50593333207cbb5b2a5b01a2f3,train,20260703,mnist-sampling-v1,12463,gold_candidate,develop_policy
train_00640,mnist,3,3,data/images/mnist-classification/source-datasets/mnist/3/f12498.png,f12498.png,png,4e4d6258a90477bd521e96a2fb70e3400d281b038b16c47ea72a6609f4b0c368,train,20260703,mnist-sampling-v1,12498,gold_candidate,develop_policy
train_00641,mnist,3,3,data/images/mnist-classification/source-datasets/mnist/3/f12667.png,f12667.png,png,ba4242eeeed1774fa37d03db67eaf0ceaea4576a76dbe9c68f8268c4609775a2,train,20260703,mnist-sampling-v1,12667,gold_candidate,develop_policy
train_00642,mnist,3,3,data/images/mnist-classification/source-datasets/mnist/3/f13202.png,f13202.png,png,640b1d172b8aa38db6fe127e9bf42a600872f6aed9d7c01d8cb1123a48471cd7,train,20260703,mnist-sampling-v1,13202,gold_candidate,develop_policy
train_00643,mnist,3,3,data/images/mnist-classification/source-datasets/mnist/3/f13388.png,f13388.png,png,9a0eeb45a1dc355633fa7c7e7ead7211306c10bb3b591b0495e2b6e2a79480e8,train,20260703,mnist-sampling-v1,13388,gold_candidate,develop_policy
train_00644,mnist,3,3,data/images/mnist-classification/source-datasets/mnist/3/f13448.png,f13448.png,png,e57024c6f9e45cb3fe047db3124d29777ead33f2bebf1630e4a89afb02eaf020,train,20260703,mnist-sampling-v1,13448,gold_candidate,develop_policy
train_00645,mnist,3,3,data/images/mnist-classification/source-datasets/mnist/3/f14333.png,f14333.png,png,56dc8be2a5812ff10df85a86f611d9ab8ebd5089f3f675db30da7411200418c0,train,20260703,mnist-sampling-v1,14333,gold_candidate,develop_policy
train_00646,mnist,3,3,data/images/mnist-classification/source-datasets/mnist/3/f14761.png,f14761.png,png,28d534a25085529c70855b6346e4069d4ccb9192436a8ffe369e4eef2f924cd6,train,20260703,mnist-sampling-v1,14761,gold_candidate,develop_policy
train_00647,mnist,3,3,data/images/mnist-classification/source-datasets/mnist/3/f14803.png,f14803.png,png,b1855268488e88adf82ad8dca638f419ddbd4a5c309c700d0e9bc369cd7e27e6,train,20260703,mnist-sampling-v1,14803,gold_candidate,develop_policy
train_00648,mnist,3,3,data/images/mnist-classification/source-datasets/mnist/3/f14935.png,f14935.png,png,c5e9c7a3bb546441b6bd32e8b8b8539da16279b86b47f5b999999e0d95b904de,train,20260703,mnist-sampling-v1,14935,gold_candidate,develop_policy
train_00649,mnist,3,3,data/images/mnist-classification/source-datasets/mnist/3/f15163.png,f15163.png,png,ba20f90594f16b7e7ce21756fb30c3d8d572323c30e73177a4b1c0348222cf0f,train,20260703,mnist-sampling-v1,15163,gold_candidate,develop_policy
train_00650,mnist,3,3,data/images/mnist-classification/source-datasets/mnist/3/f15181.png,f15181.png,png,178c49a96c1c2a9a5e936c124e82289f150e260f893a16f086c853ec1dcf8ecc,train,20260703,mnist-sampling-v1,15181,gold_candidate,develop_policy
train_00651,mnist,3,3,data/images/mnist-classification/source-datasets/mnist/3/f15292.png,f15292.png,png,2a68dbdf60392cd25bf63077ea625f030602dbabdfe17b399ede07609523b156,train,20260703,mnist-sampling-v1,15292,gold_candidate,develop_policy
train_00652,mnist,3,3,data/images/mnist-classification/source-datasets/mnist/3/f15339.png,f15339.png,png,c16b4879b7e181d3a34479d9253b91d25ad324968216f5b278a5b6efdc3d4722,train,20260703,mnist-sampling-v1,15339,gold_candidate,develop_policy
train_00653,mnist,3,3,data/images/mnist-classification/source-datasets/mnist/3/f15379.png,f15379.png,png,02e2a5bc7a4ae45f80b83b32248fa6e4dad2e85ee660e76a40df5b80f0b8d062,train,20260703,mnist-sampling-v1,15379,gold_candidate,develop_policy
train_00654,mnist,3,3,data/images/mnist-classification/source-datasets/mnist/3/f15764.png,f15764.png,png,d4064db690958de3b4e06749757bae55102ddbed5184b1d7dae3af618e9d08be,train,20260703,mnist-sampling-v1,15764,gold_candidate,develop_policy
train_00655,mnist,3,3,data/images/mnist-classification/source-datasets/mnist/3/f15847.png,f15847.png,png,699eac6038bc7b4096fe2543f0d5e4e690b810c1d6cd35cd1377c844c31bdf6c,train,20260703,mnist-sampling-v1,15847,gold_candidate,develop_policy
train_00656,mnist,3,3,data/images/mnist-classification/source-datasets/mnist/3/f16190.png,f16190.png,png,334a69818751f32057d3bc0497b43df70b744cfb4f08cecd54cfd48252eaa072,train,20260703,mnist-sampling-v1,16190,gold_candidate,develop_policy
train_00657,mnist,3,3,data/images/mnist-classification/source-datasets/mnist/3/f16260.png,f16260.png,png,63fb2445bf45111d89a06e3c55ca2dc1bb6579738d3e39f0c73613fb7370e70a,train,20260703,mnist-sampling-v1,16260,gold_candidate,develop_policy
train_00658,mnist,3,3,data/images/mnist-classification/source-datasets/mnist/3/f16649.png,f16649.png,png,53ff296d8736bc52b10dbc4bfe58e59cd5b752d5458c1b415128869385ec0187,train,20260703,mnist-sampling-v1,16649,gold_candidate,develop_policy
train_00659,mnist,3,3,data/images/mnist-classification/source-datasets/mnist/3/f16900.png,f16900.png,png,3e4ae221c531e28bf0f2b37904a70c0d357e7b5a47e6ee6cc3ad2177624dddd5,train,20260703,mnist-sampling-v1,16900,gold_candidate,develop_policy
train_00660,mnist,3,3,data/images/mnist-classification/source-datasets/mnist/3/f16924.png,f16924.png,png,860bb0a70309b51cb2f09f24e39095a123ae5ac381d8dd88d84643ab0a0d1c42,train,20260703,mnist-sampling-v1,16924,gold_candidate,develop_policy
train_00661,mnist,3,3,data/images/mnist-classification/source-datasets/mnist/3/f17189.png,f17189.png,png,441dffe050fc1ec9bc40d7ffb0446cf4ced2d93c654d15f87db80427dfa9e95c,train,20260703,mnist-sampling-v1,17189,gold_candidate,develop_policy
train_00662,mnist,3,3,data/images/mnist-classification/source-datasets/mnist/3/f17553.png,f17553.png,png,4257dcce4460fc0c7dbde79030acb3a4adc16dd422014de1556a14a88239ee1a,train,20260703,mnist-sampling-v1,17553,gold_candidate,develop_policy
train_00663,mnist,3,3,data/images/mnist-classification/source-datasets/mnist/3/f17676.png,f17676.png,png,6b119908280c04be99faf1e97acbc107b9d33769f9afd24f3642d085b383a62a,train,20260703,mnist-sampling-v1,17676,gold_candidate,develop_policy
train_00664,mnist,3,3,data/images/mnist-classification/source-datasets/mnist/3/f18225.png,f18225.png,png,a32d164266b06db213ee9950199c94d0709ede055e4d80a1dc0fbcceb8fcb863,train,20260703,mnist-sampling-v1,18225,gold_candidate,develop_policy
train_00665,mnist,3,3,data/images/mnist-classification/source-datasets/mnist/3/f18802.png,f18802.png,png,feeb0eb8d7537e3b63985d72ea3a98c05a28f3bf3edbd303902401bd2174d0fe,train,20260703,mnist-sampling-v1,18802,gold_candidate,develop_policy
train_00666,mnist,3,3,data/images/mnist-classification/source-datasets/mnist/3/f19014.png,f19014.png,png,0bd44fe555efcdd248a45bf51b485496b01986cdf845bb9314eeb9c1c94f9203,train,20260703,mnist-sampling-v1,19014,gold_candidate,develop_policy
train_00667,mnist,3,3,data/images/mnist-classification/source-datasets/mnist/3/f19442.png,f19442.png,png,ecc10c6c70da055a86516a0d1847bbcf1f0a1344e6e46a5ca2e0c2e358db6dbb,train,20260703,mnist-sampling-v1,19442,gold_candidate,develop_policy
train_00668,mnist,3,3,data/images/mnist-classification/source-datasets/mnist/3/f20023.png,f20023.png,png,1a5d603b5f1b0d0ceae297116d8fa6cac438022e6372e3354e699c37872b3287,train,20260703,mnist-sampling-v1,20023,gold_candidate,develop_policy
train_00669,mnist,3,3,data/images/mnist-classification/source-datasets/mnist/3/f20400.png,f20400.png,png,2b60cfacb77f125e26257cf635b0eb5a0a9312fbcd7ea23d04bddde28e6caa3d,train,20260703,mnist-sampling-v1,20400,gold_candidate,develop_policy
train_00670,mnist,3,3,data/images/mnist-classification/source-datasets/mnist/3/f20451.png,f20451.png,png,07171d62fba914011f5c2fc46f8375441c2b9c3d4f8afc08a923f0562c0a8c4f,train,20260703,mnist-sampling-v1,20451,gold_candidate,develop_policy
train_00671,mnist,3,3,data/images/mnist-classification/source-datasets/mnist/3/f20458.png,f20458.png,png,5f67182772b073261c5f19a1b10acc3ac5279b11dde255093e6076f81262e599,train,20260703,mnist-sampling-v1,20458,gold_candidate,develop_policy
train_00672,mnist,3,3,data/images/mnist-classification/source-datasets/mnist/3/f20538.png,f20538.png,png,325724ad8a80f1154f218a9295474a55ef33d01c15d9fe42d043f1c58fc973d3,train,20260703,mnist-sampling-v1,20538,gold_candidate,develop_policy
train_00673,mnist,3,3,data/images/mnist-classification/source-datasets/mnist/3/f20610.png,f20610.png,png,1445c8ec159c929a8bac05788bbf1b61e579607af8763dd70dc1ddef208c0bf9,train,20260703,mnist-sampling-v1,20610,gold_candidate,develop_policy
train_00674,mnist,3,3,data/images/mnist-classification/source-datasets/mnist/3/f20685.png,f20685.png,png,3262bd47ee19b3e09982e2ae517cc5b0d9a85467f4274d9411038c06b1141e42,train,20260703,mnist-sampling-v1,20685,gold_candidate,develop_policy
train_00675,mnist,3,3,data/images/mnist-classification/source-datasets/mnist/3/f20737.png,f20737.png,png,433bf6cd0c3ce95e271c1484af6481999aff0654210b6f472ede1f27a558dcd0,train,20260703,mnist-sampling-v1,20737,gold_candidate,develop_policy
train_00676,mnist,3,3,data/images/mnist-classification/source-datasets/mnist/3/f20926.png,f20926.png,png,7a59e18338b10bdc2e89368df70c4cf8ae7c40ed102637a116a9bb571f1b6be4,train,20260703,mnist-sampling-v1,20926,gold_candidate,develop_policy
train_00677,mnist,3,3,data/images/mnist-classification/source-datasets/mnist/3/f21390.png,f21390.png,png,1bc49701c6140f38a67ba5e425380ebe71ffe4cd6bf06533d6048903fb6a8917,train,20260703,mnist-sampling-v1,21390,gold_candidate,develop_policy
train_00678,mnist,3,3,data/images/mnist-classification/source-datasets/mnist/3/f21637.png,f21637.png,png,d99e020d15f95383e628c93336db5987a3e80b69a00951716454d8c7c9b167f2,train,20260703,mnist-sampling-v1,21637,gold_candidate,develop_policy
train_00679,mnist,3,3,data/images/mnist-classification/source-datasets/mnist/3/f21726.png,f21726.png,png,71950d8709f888451b839601f2d311b9e3e4b2cafad0eb4d043461bae614aada,train,20260703,mnist-sampling-v1,21726,gold_candidate,develop_policy
train_00680,mnist,3,3,data/images/mnist-classification/source-datasets/mnist/3/f22149.png,f22149.png,png,3f2ecda5d8e902a2c4cef47731235498826f60fec0ff8cc1aeb9cff8504c3a89,train,20260703,mnist-sampling-v1,22149,gold_candidate,develop_policy
train_00681,mnist,3,3,data/images/mnist-classification/source-datasets/mnist/3/f22567.png,f22567.png,png,9b47e25b8c7e84a56a5332992bbe909998925808a7d8e15173b30f8e1f50f29a,train,20260703,mnist-sampling-v1,22567,gold_candidate,develop_policy
train_00682,mnist,3,3,data/images/mnist-classification/source-datasets/mnist/3/f22770.png,f22770.png,png,517b6b830c0f85101934b54cc66561f58347ad27ff8aac86e628cde6b4da2a93,train,20260703,mnist-sampling-v1,22770,gold_candidate,develop_policy
train_00683,mnist,3,3,data/images/mnist-classification/source-datasets/mnist/3/f22906.png,f22906.png,png,2093fcc774732e9d9c9212072f9366b3a2c8e35414bc87f54177e59fcc2c2eee,train,20260703,mnist-sampling-v1,22906,gold_candidate,develop_policy
train_00684,mnist,3,3,data/images/mnist-classification/source-datasets/mnist/3/f23712.png,f23712.png,png,31ad5fe7f5e75aff1636a7e67b7b2d8f57a190868839024e0180c10fd7575465,train,20260703,mnist-sampling-v1,23712,gold_candidate,develop_policy
train_00685,mnist,3,3,data/images/mnist-classification/source-datasets/mnist/3/f23799.png,f23799.png,png,f1ffc708b40949aa95cf68c2bbd06f5f83c9f088aabe21f7477ccb2c73e162c7,train,20260703,mnist-sampling-v1,23799,gold_candidate,develop_policy
train_00686,mnist,3,3,data/images/mnist-classification/source-datasets/mnist/3/f23955.png,f23955.png,png,7eccbc7739840b3022c7897976dc9f520118cfa9e020a9196afcae9d725a35e4,train,20260703,mnist-sampling-v1,23955,gold_candidate,develop_policy
train_00687,mnist,3,3,data/images/mnist-classification/source-datasets/mnist/3/f24066.png,f24066.png,png,95a15bcc9f80f0d758e1941b9b365791ee8b40eb030553a790e71a0d34007ba1,train,20260703,mnist-sampling-v1,24066,gold_candidate,develop_policy
train_00688,mnist,3,3,data/images/mnist-classification/source-datasets/mnist/3/f24142.png,f24142.png,png,bdb7ecf2eaee8e8ef6f904f4659ae658895fa2b899072f7e582295bd4c7e6125,train,20260703,mnist-sampling-v1,24142,gold_candidate,develop_policy
train_00689,mnist,3,3,data/images/mnist-classification/source-datasets/mnist/3/f24144.png,f24144.png,png,75d657de189ccb3daffd6650b59c0a57523c570b6e0be351d98cc2292d110c8c,train,20260703,mnist-sampling-v1,24144,gold_candidate,develop_policy
train_00690,mnist,3,3,data/images/mnist-classification/source-datasets/mnist/3/f24354.png,f24354.png,png,f55017be6f451100f4d145e61819b83e52103f5add8b4f9a9f5316c02d50d106,train,20260703,mnist-sampling-v1,24354,gold_candidate,develop_policy
train_00691,mnist,3,3,data/images/mnist-classification/source-datasets/mnist/3/f24358.png,f24358.png,png,3ec18e620710c974ecf5ba4b1249dfaf3b4fd92502ff6cac105d10f127aeb08b,train,20260703,mnist-sampling-v1,24358,gold_candidate,develop_policy
train_00692,mnist,3,3,data/images/mnist-classification/source-datasets/mnist/3/f25028.png,f25028.png,png,903f2be728ee5503d30b747bfaa4a4c9e3e46f2de1c2267571342009585ae4a8,train,20260703,mnist-sampling-v1,25028,gold_candidate,develop_policy
train_00693,mnist,3,3,data/images/mnist-classification/source-datasets/mnist/3/f25480.png,f25480.png,png,0f48fc13153b4a505e9bc65623c65acca7dcaedf449a810f563bc9a0bd02f6b6,train,20260703,mnist-sampling-v1,25480,gold_candidate,develop_policy
train_00694,mnist,3,3,data/images/mnist-classification/source-datasets/mnist/3/f25553.png,f25553.png,png,67c14fb1f604e3f0a51388500eff2725448de834c82cbef02d3eacd7cdffc71a,train,20260703,mnist-sampling-v1,25553,gold_candidate,develop_policy
train_00695,mnist,3,3,data/images/mnist-classification/source-datasets/mnist/3/f27152.png,f27152.png,png,c3c5b05ac944f43d25d1d63fca032b4d77ff5702c25a13c653febe7bae940ca8,train,20260703,mnist-sampling-v1,27152,gold_candidate,develop_policy
train_00696,mnist,3,3,data/images/mnist-classification/source-datasets/mnist/3/f27645.png,f27645.png,png,197478bcd7e368ac831f809da363c23b6cd37f15c69ba9ba4a2b9d21af07434e,train,20260703,mnist-sampling-v1,27645,gold_candidate,develop_policy
train_00697,mnist,3,3,data/images/mnist-classification/source-datasets/mnist/3/f29073.png,f29073.png,png,5cba86ff63956e569ad5ca7639470aad64705edecb927dce24d5ec3c1eacd4e0,train,20260703,mnist-sampling-v1,29073,gold_candidate,develop_policy
train_00698,mnist,3,3,data/images/mnist-classification/source-datasets/mnist/3/f29158.png,f29158.png,png,995fb0d81add157528771c588f39aae8f0d5346a998f84559b8d3ef8d0ecd409,train,20260703,mnist-sampling-v1,29158,gold_candidate,develop_policy
train_00699,mnist,3,3,data/images/mnist-classification/source-datasets/mnist/3/f29289.png,f29289.png,png,2d5b7d7b94db8e0d769fa608ddbc46f2ed8ef54cea2fb8d0cb74618ffe7a8490,train,20260703,mnist-sampling-v1,29289,gold_candidate,develop_policy
train_00700,mnist,3,3,data/images/mnist-classification/source-datasets/mnist/3/f29427.png,f29427.png,png,e4ce6cdfd5075d847d12ec01d4e6111d8eeeee2a32ef52c02847224e9d79ba3a,train,20260703,mnist-sampling-v1,29427,gold_candidate,develop_policy
train_00701,mnist,3,3,data/images/mnist-classification/source-datasets/mnist/3/f29504.png,f29504.png,png,7881739b5d075234f97d98dfb8c23aa08a20a3448e49ca38a2d2aa88f232dbeb,train,20260703,mnist-sampling-v1,29504,gold_candidate,develop_policy
train_00702,mnist,3,3,data/images/mnist-classification/source-datasets/mnist/3/f29653.png,f29653.png,png,b8c2b03d8a39225aa7a0b887cd0bd60d583000e1a09320361c1db8afee243211,train,20260703,mnist-sampling-v1,29653,gold_candidate,develop_policy
train_00703,mnist,3,3,data/images/mnist-classification/source-datasets/mnist/3/f29675.png,f29675.png,png,73ababd9935597b2dc5da2a28116d972a70a87fa47d41e9e433cf5b86679af62,train,20260703,mnist-sampling-v1,29675,gold_candidate,develop_policy
train_00704,mnist,3,3,data/images/mnist-classification/source-datasets/mnist/3/f29800.png,f29800.png,png,05304a6b9e73c462e1bde17556096682d79d5bf574ca26612dd98d32384ceee3,train,20260703,mnist-sampling-v1,29800,gold_candidate,develop_policy
train_00705,mnist,3,3,data/images/mnist-classification/source-datasets/mnist/3/f30048.png,f30048.png,png,04483ef8f666c33608275b4069401a110c7e5d2d257edc75683e838ebd93fb60,train,20260703,mnist-sampling-v1,30048,gold_candidate,develop_policy
train_00706,mnist,3,3,data/images/mnist-classification/source-datasets/mnist/3/f30159.png,f30159.png,png,fbaf467c17d13619ef419e13b3f40e237a04acc4ec0acef8daadfc8d505fe849,train,20260703,mnist-sampling-v1,30159,gold_candidate,develop_policy
train_00707,mnist,3,3,data/images/mnist-classification/source-datasets/mnist/3/f31636.png,f31636.png,png,ea03254e48551cf726d23bbd4272043e90d5496c0a986de0e0e3a7f378fb46d9,train,20260703,mnist-sampling-v1,31636,gold_candidate,develop_policy
train_00708,mnist,3,3,data/images/mnist-classification/source-datasets/mnist/3/f31745.png,f31745.png,png,9e0428a1a144694f64af788ab574fd45379524bf5a67d81582362080cc3cd8e7,train,20260703,mnist-sampling-v1,31745,gold_candidate,develop_policy
train_00709,mnist,3,3,data/images/mnist-classification/source-datasets/mnist/3/f32031.png,f32031.png,png,21ba1948d897d99204385d1d62650d30dd17cfd88bac65071a23ff8eef2b2156,train,20260703,mnist-sampling-v1,32031,gold_candidate,develop_policy
train_00710,mnist,3,3,data/images/mnist-classification/source-datasets/mnist/3/f32281.png,f32281.png,png,962951be2bd239165b5aaf29123153eced58454b3c0642120249cc6eda1e8195,train,20260703,mnist-sampling-v1,32281,gold_candidate,develop_policy
train_00711,mnist,3,3,data/images/mnist-classification/source-datasets/mnist/3/f32644.png,f32644.png,png,c0b09a4e59f2b44266f359ff582cae7c4fec966a387c3250e06a5beed8ee88fd,train,20260703,mnist-sampling-v1,32644,gold_candidate,develop_policy
train_00712,mnist,3,3,data/images/mnist-classification/source-datasets/mnist/3/f32653.png,f32653.png,png,208fda4b8aa859cc797c7c320ea0600886ef036b1c395a97d4093adeb83e7608,train,20260703,mnist-sampling-v1,32653,gold_candidate,develop_policy
train_00713,mnist,3,3,data/images/mnist-classification/source-datasets/mnist/3/f32933.png,f32933.png,png,affdb9ea4ce0964f5225df37149e9ad4eb9eba47ce9897fd7780ef78b85d3988,train,20260703,mnist-sampling-v1,32933,gold_candidate,develop_policy
train_00714,mnist,3,3,data/images/mnist-classification/source-datasets/mnist/3/f33114.png,f33114.png,png,b202d5ada51f0629b5b9bc447441a3ae1a3162729d32764811ca1686f3f639bc,train,20260703,mnist-sampling-v1,33114,gold_candidate,develop_policy
train_00715,mnist,3,3,data/images/mnist-classification/source-datasets/mnist/3/f33146.png,f33146.png,png,bcaec990bb23fcf78bde77fb553436853a4fe115c1727b539f3b2f13a782e4b0,train,20260703,mnist-sampling-v1,33146,gold_candidate,develop_policy
train_00716,mnist,3,3,data/images/mnist-classification/source-datasets/mnist/3/f34058.png,f34058.png,png,934627fc030bb986bc9c4315ec8bf7de10234ae0a37b3b7f9ef6af174d936c33,train,20260703,mnist-sampling-v1,34058,gold_candidate,develop_policy
train_00717,mnist,3,3,data/images/mnist-classification/source-datasets/mnist/3/f34076.png,f34076.png,png,628611f3532e08b829952ea1f08e2755efce145f6bf326309564aaf51458ec7b,train,20260703,mnist-sampling-v1,34076,gold_candidate,develop_policy
train_00718,mnist,3,3,data/images/mnist-classification/source-datasets/mnist/3/f34170.png,f34170.png,png,efc46141407f3c70adc459fb08a584e38c8f01aaa35ade5620039a37665171ab,train,20260703,mnist-sampling-v1,34170,gold_candidate,develop_policy
train_00719,mnist,3,3,data/images/mnist-classification/source-datasets/mnist/3/f34461.png,f34461.png,png,c22cfe4d239bd3d8d3655875ad267f9638310e49889f811efecfe69698846210,train,20260703,mnist-sampling-v1,34461,gold_candidate,develop_policy
train_00720,mnist,3,3,data/images/mnist-classification/source-datasets/mnist/3/f34672.png,f34672.png,png,e2a7b44924c5e1726d7ee72f21b794a14f07c4d8865b14e3fddba1c52420375c,train,20260703,mnist-sampling-v1,34672,gold_candidate,develop_policy
train_00721,mnist,3,3,data/images/mnist-classification/source-datasets/mnist/3/f34716.png,f34716.png,png,68d7f7dba4fd56463b9330c2a5edf58bbe8bf40850a25e6541375db482a589ea,train,20260703,mnist-sampling-v1,34716,gold_candidate,develop_policy
train_00722,mnist,3,3,data/images/mnist-classification/source-datasets/mnist/3/f35122.png,f35122.png,png,a1df520c64616e793f1dce3454c0155c53ca84130cf9f635ea5a54e3298ae0d6,train,20260703,mnist-sampling-v1,35122,gold_candidate,develop_policy
train_00723,mnist,3,3,data/images/mnist-classification/source-datasets/mnist/3/f35165.png,f35165.png,png,3f76ea4abbb973e82dd62af459fdca2e6d44cfeff6d92a64de87935b43dbe384,train,20260703,mnist-sampling-v1,35165,gold_candidate,develop_policy
train_00724,mnist,3,3,data/images/mnist-classification/source-datasets/mnist/3/f35346.png,f35346.png,png,4398b05c718752d2d9337bf1e12ab0e46def163036db80e11ccdbdb9b265a8bd,train,20260703,mnist-sampling-v1,35346,gold_candidate,develop_policy
train_00725,mnist,3,3,data/images/mnist-classification/source-datasets/mnist/3/f35520.png,f35520.png,png,d8cc0f4de87f1c09e79ed0686873b638ef01fe0c259615fe4fc1730d62a482c6,train,20260703,mnist-sampling-v1,35520,gold_candidate,develop_policy
train_00726,mnist,3,3,data/images/mnist-classification/source-datasets/mnist/3/f35548.png,f35548.png,png,463f83f28ff7a0fa88f9da304dbd5215186c8852e8819d5cb0d1a8006612b1b3,train,20260703,mnist-sampling-v1,35548,gold_candidate,develop_policy
train_00727,mnist,3,3,data/images/mnist-classification/source-datasets/mnist/3/f35610.png,f35610.png,png,7be2ff9210369a732816d6dd344cf6bae310847e0df60404814db5b0d9a41e19,train,20260703,mnist-sampling-v1,35610,gold_candidate,develop_policy
train_00728,mnist,3,3,data/images/mnist-classification/source-datasets/mnist/3/f36189.png,f36189.png,png,8129171ac9678900b3aed0ee220858ce9848ed88a3df6932ef6ef1963d0b8cca,train,20260703,mnist-sampling-v1,36189,gold_candidate,develop_policy
train_00729,mnist,3,3,data/images/mnist-classification/source-datasets/mnist/3/f36575.png,f36575.png,png,e5fecabb3cbd94d8bc51832fccba1760d922119bea23bd2902c4f721ff8d9251,train,20260703,mnist-sampling-v1,36575,gold_candidate,develop_policy
train_00730,mnist,3,3,data/images/mnist-classification/source-datasets/mnist/3/f36595.png,f36595.png,png,907b50ee08a5ca751bf5125505cc1cf64aade86d2afd0329801b994136ffcdee,train,20260703,mnist-sampling-v1,36595,gold_candidate,develop_policy
train_00731,mnist,3,3,data/images/mnist-classification/source-datasets/mnist/3/f36957.png,f36957.png,png,2db3d913a9cf790e0a423bdab9892a6d64fdf0173fafc71ce26c8d11d7dbd873,train,20260703,mnist-sampling-v1,36957,gold_candidate,develop_policy
train_00732,mnist,3,3,data/images/mnist-classification/source-datasets/mnist/3/f37205.png,f37205.png,png,13572eda2ea6532faa2acc265b2b82f17135015519279a7bcb4fc1d407c99cef,train,20260703,mnist-sampling-v1,37205,gold_candidate,develop_policy
train_00733,mnist,3,3,data/images/mnist-classification/source-datasets/mnist/3/f37266.png,f37266.png,png,fba6ec68671a9f56da3d6d7439b1179173280be6cf463ff1d68b31f5278fef28,train,20260703,mnist-sampling-v1,37266,gold_candidate,develop_policy
train_00734,mnist,3,3,data/images/mnist-classification/source-datasets/mnist/3/f37795.png,f37795.png,png,cbfe4ff29d75686151fff28e21645f8fdc080c4b6b344c9f5c1c7daeb3334d7c,train,20260703,mnist-sampling-v1,37795,gold_candidate,develop_policy
train_00735,mnist,3,3,data/images/mnist-classification/source-datasets/mnist/3/f38593.png,f38593.png,png,29d91c265b03f80083726bee3055000a45c3077e13818214fdd870befad67b08,train,20260703,mnist-sampling-v1,38593,gold_candidate,develop_policy
train_00736,mnist,3,3,data/images/mnist-classification/source-datasets/mnist/3/f38714.png,f38714.png,png,761716e6783c9d24b74df2c8d901e2aada4d5a4632fcd247532a9a6ba604dcfa,train,20260703,mnist-sampling-v1,38714,gold_candidate,develop_policy
train_00737,mnist,3,3,data/images/mnist-classification/source-datasets/mnist/3/f38986.png,f38986.png,png,72c4b04a0dea257a705a04399294285fe2ac089ace3753a6ee23d7599aa08c62,train,20260703,mnist-sampling-v1,38986,gold_candidate,develop_policy
train_00738,mnist,3,3,data/images/mnist-classification/source-datasets/mnist/3/f39566.png,f39566.png,png,3926a6d900ffbdef846d93dfdf7227eb18ab7bd47ee7e776eda809aa9e2c8e87,train,20260703,mnist-sampling-v1,39566,gold_candidate,develop_policy
train_00739,mnist,3,3,data/images/mnist-classification/source-datasets/mnist/3/f39852.png,f39852.png,png,c54e37ac36794ec6e821083d477585c120242157af6eeacdfac7deef087388c6,train,20260703,mnist-sampling-v1,39852,gold_candidate,develop_policy
train_00740,mnist,3,3,data/images/mnist-classification/source-datasets/mnist/3/f40035.png,f40035.png,png,b0e8e4f5157c0334a9125f5bcc3677fdbf74d301b2dd3d86566739110434b990,train,20260703,mnist-sampling-v1,40035,gold_candidate,develop_policy
train_00741,mnist,3,3,data/images/mnist-classification/source-datasets/mnist/3/f40384.png,f40384.png,png,67b650432ea525f718a66746f28f7b7bea74c27f7865c19f10069203adf9834d,train,20260703,mnist-sampling-v1,40384,gold_candidate,develop_policy
train_00742,mnist,3,3,data/images/mnist-classification/source-datasets/mnist/3/f40404.png,f40404.png,png,e6d8d750dc257be6908b225e922545ef579cd5e87d92d4d86b15a8be3c56d861,train,20260703,mnist-sampling-v1,40404,gold_candidate,develop_policy
train_00743,mnist,3,3,data/images/mnist-classification/source-datasets/mnist/3/f41385.png,f41385.png,png,6d3c2db1159f2113b2687b6f5169a6254ce459b218b624560434d44ee7724cd6,train,20260703,mnist-sampling-v1,41385,gold_candidate,develop_policy
train_00744,mnist,3,3,data/images/mnist-classification/source-datasets/mnist/3/f41552.png,f41552.png,png,ddfe1cc1f5e71febdb5d1a976fb84c462dda8ea82e9abca20a2f03d57ed8a36c,train,20260703,mnist-sampling-v1,41552,gold_candidate,develop_policy
train_00745,mnist,3,3,data/images/mnist-classification/source-datasets/mnist/3/f41755.png,f41755.png,png,0a7d27cdb611e6dd9d6278f1c1304185acad09e58a184c8aebc6301f176ea492,train,20260703,mnist-sampling-v1,41755,gold_candidate,develop_policy
train_00746,mnist,3,3,data/images/mnist-classification/source-datasets/mnist/3/f42054.png,f42054.png,png,714d8134bb2c8e06494d18e04b340d0eb29a19c4d5bd7815cb2b7d85ba9b05f5,train,20260703,mnist-sampling-v1,42054,gold_candidate,develop_policy
train_00747,mnist,3,3,data/images/mnist-classification/source-datasets/mnist/3/f42962.png,f42962.png,png,d3c7418bf8cc9fe978bea454933577b97bfb6d6fd4cb1539092edd2d5b127f98,train,20260703,mnist-sampling-v1,42962,gold_candidate,develop_policy
train_00748,mnist,3,3,data/images/mnist-classification/source-datasets/mnist/3/f43043.png,f43043.png,png,b518753f1db138e26406a4edb6102c64e8834ea7bbd9ed54a7d94adbb4e04442,train,20260703,mnist-sampling-v1,43043,gold_candidate,develop_policy
train_00749,mnist,3,3,data/images/mnist-classification/source-datasets/mnist/3/f43711.png,f43711.png,png,c45c0a91729beffcef37089ef1721a0ef9a170cd761b64d82ad688c68993e395,train,20260703,mnist-sampling-v1,43711,gold_candidate,develop_policy
train_00750,mnist,3,3,data/images/mnist-classification/source-datasets/mnist/3/f43865.png,f43865.png,png,498e0e865f37308ae29a07cd86c58eb8255a6edd12c0761da51884bbec7fab23,train,20260703,mnist-sampling-v1,43865,gold_candidate,develop_policy
train_00751,mnist,3,3,data/images/mnist-classification/source-datasets/mnist/3/f44101.png,f44101.png,png,b14c25f8c0f307f54c30c060c5e4bf1df7a2d9538f3ef10550ff5630e551983a,train,20260703,mnist-sampling-v1,44101,gold_candidate,develop_policy
train_00752,mnist,3,3,data/images/mnist-classification/source-datasets/mnist/3/f44303.png,f44303.png,png,20d4b4a56221f65958bc62785faef722121ef03d49ee9e8def1badd5f2bd4236,train,20260703,mnist-sampling-v1,44303,gold_candidate,develop_policy
train_00753,mnist,3,3,data/images/mnist-classification/source-datasets/mnist/3/f44848.png,f44848.png,png,0386a2c28fff7a53bc36bf7298737659c8b61ff46f3d691e5da8fa4a6fc5b968,train,20260703,mnist-sampling-v1,44848,gold_candidate,develop_policy
train_00754,mnist,3,3,data/images/mnist-classification/source-datasets/mnist/3/f45196.png,f45196.png,png,e3e354bf39a12a931bea28a228dce5d2c2019b933db35363493d6f3a7c916ab6,train,20260703,mnist-sampling-v1,45196,gold_candidate,develop_policy
train_00755,mnist,3,3,data/images/mnist-classification/source-datasets/mnist/3/f45796.png,f45796.png,png,918c5d87bd2d1fe6d1996e61e5459e7db15b89ad47ef03adbfd9a34b45f24b7c,train,20260703,mnist-sampling-v1,45796,gold_candidate,develop_policy
train_00756,mnist,3,3,data/images/mnist-classification/source-datasets/mnist/3/f45848.png,f45848.png,png,5d4791bf9c64ecd38b0b30f3cafb43674ebaf768a991297e223b2f3c74915ea1,train,20260703,mnist-sampling-v1,45848,gold_candidate,develop_policy
train_00757,mnist,3,3,data/images/mnist-classification/source-datasets/mnist/3/f46634.png,f46634.png,png,f820e9abde9be6c8389fa5a8bac1d4762886db9573f5bbc95c6be3b069b0a9d0,train,20260703,mnist-sampling-v1,46634,gold_candidate,develop_policy
train_00758,mnist,3,3,data/images/mnist-classification/source-datasets/mnist/3/f47746.png,f47746.png,png,8bb42ba2fa396c0248b3d97c2508c095e839ab91fbf058c41b1aa425c26e94ef,train,20260703,mnist-sampling-v1,47746,gold_candidate,develop_policy
train_00759,mnist,3,3,data/images/mnist-classification/source-datasets/mnist/3/f47749.png,f47749.png,png,96f757d6437f3e34508792c649c4ee99617b9672ed0b434177165b68e5249086,train,20260703,mnist-sampling-v1,47749,gold_candidate,develop_policy
train_00760,mnist,3,3,data/images/mnist-classification/source-datasets/mnist/3/f47781.png,f47781.png,png,2f6cc2f8d6c0ebc4d84228740032e80996c7420ad11c97ee98eca777611cbca3,train,20260703,mnist-sampling-v1,47781,gold_candidate,develop_policy
train_00761,mnist,3,3,data/images/mnist-classification/source-datasets/mnist/3/f48325.png,f48325.png,png,a04dfe6c264ed1d8dff073e77035fa1fe39178270fcaec60d09d88c669df0d65,train,20260703,mnist-sampling-v1,48325,gold_candidate,develop_policy
train_00762,mnist,3,3,data/images/mnist-classification/source-datasets/mnist/3/f48360.png,f48360.png,png,47dca1bea62df59deaecb60901b93acf6678b99778f510b7adfa057a20c81861,train,20260703,mnist-sampling-v1,48360,gold_candidate,develop_policy
train_00763,mnist,3,3,data/images/mnist-classification/source-datasets/mnist/3/f48599.png,f48599.png,png,5efbe1652da40a658e7454d745b3d9092758a007a902d5c4de838516191bcc92,train,20260703,mnist-sampling-v1,48599,gold_candidate,develop_policy
train_00764,mnist,3,3,data/images/mnist-classification/source-datasets/mnist/3/f48662.png,f48662.png,png,05f5efba64bd94098a338c91b0c4ab2810005e63776855653dbe6c8120c4477f,train,20260703,mnist-sampling-v1,48662,gold_candidate,develop_policy
train_00765,mnist,3,3,data/images/mnist-classification/source-datasets/mnist/3/f49082.png,f49082.png,png,716a4ed75f1f1d08973d89745eec9d37e2e82cfe338acaeb3d984316343fd378,train,20260703,mnist-sampling-v1,49082,gold_candidate,develop_policy
train_00766,mnist,3,3,data/images/mnist-classification/source-datasets/mnist/3/f49585.png,f49585.png,png,bdd573fd6e9c69192288209177a888897851c594e7ff9efaf288fd3f73e5695b,train,20260703,mnist-sampling-v1,49585,gold_candidate,develop_policy
train_00767,mnist,3,3,data/images/mnist-classification/source-datasets/mnist/3/f49826.png,f49826.png,png,6a8dcdafd5dab40907836ab06d7adf1e8a0283b8472bed25511c70dd5a13cae8,train,20260703,mnist-sampling-v1,49826,gold_candidate,develop_policy
train_00768,mnist,3,3,data/images/mnist-classification/source-datasets/mnist/3/f50012.png,f50012.png,png,928593dc03c6b6c24236b93b0b88632cf571d0db4ed6bd58d72a01c81474989b,train,20260703,mnist-sampling-v1,50012,gold_candidate,develop_policy
train_00769,mnist,3,3,data/images/mnist-classification/source-datasets/mnist/3/f50212.png,f50212.png,png,fb336795005b20d19e02000ec9d11feb0847d5175b790a23952a5d2d7b0572ba,train,20260703,mnist-sampling-v1,50212,gold_candidate,develop_policy
train_00770,mnist,3,3,data/images/mnist-classification/source-datasets/mnist/3/f50545.png,f50545.png,png,8eb530721abf83b26c5e5e48c96d4bbdbeb271c945f3772d17a5cee626eae502,train,20260703,mnist-sampling-v1,50545,gold_candidate,develop_policy
train_00771,mnist,3,3,data/images/mnist-classification/source-datasets/mnist/3/f50885.png,f50885.png,png,b27e1d86fafa12e971244a7dfebd4e238fe996c57efb5534ea77fe1a9eb9bcec,train,20260703,mnist-sampling-v1,50885,gold_candidate,develop_policy
train_00772,mnist,3,3,data/images/mnist-classification/source-datasets/mnist/3/f50935.png,f50935.png,png,c32cdce610e9609b228f0dd1eafa947d8ed9e848c58a2d3fe75dbd26f4184ecd,train,20260703,mnist-sampling-v1,50935,gold_candidate,develop_policy
train_00773,mnist,3,3,data/images/mnist-classification/source-datasets/mnist/3/f51655.png,f51655.png,png,8b5aefd0f750ba7310478cc6f5c3b779965628664362bea912424a29d6bc47e9,train,20260703,mnist-sampling-v1,51655,gold_candidate,develop_policy
train_00774,mnist,3,3,data/images/mnist-classification/source-datasets/mnist/3/f51848.png,f51848.png,png,be40a6e2010d322f2101a64f91db60e995563c878acf2128776dadb418f83522,train,20260703,mnist-sampling-v1,51848,gold_candidate,develop_policy
train_00775,mnist,3,3,data/images/mnist-classification/source-datasets/mnist/3/f52164.png,f52164.png,png,cdef11b4719a048b78d6fb850b9ce74036f2269752cf337964f83371f6d48839,train,20260703,mnist-sampling-v1,52164,gold_candidate,develop_policy
train_00776,mnist,3,3,data/images/mnist-classification/source-datasets/mnist/3/f52227.png,f52227.png,png,dee8adb3923ccee6a5baecf22652bb2b1653740a55d3e6486e32221d5ea03f66,train,20260703,mnist-sampling-v1,52227,gold_candidate,develop_policy
train_00777,mnist,3,3,data/images/mnist-classification/source-datasets/mnist/3/f52378.png,f52378.png,png,6c4930ad939aa516ceb2cae3b0d26470708336ded7a92332527b97c3aae4e8d4,train,20260703,mnist-sampling-v1,52378,gold_candidate,develop_policy
train_00778,mnist,3,3,data/images/mnist-classification/source-datasets/mnist/3/f52464.png,f52464.png,png,e03a9fca6ded210f6495469c1dc83dcdc8246107f188c6e5a191f6fe6057e4b7,train,20260703,mnist-sampling-v1,52464,gold_candidate,develop_policy
train_00779,mnist,3,3,data/images/mnist-classification/source-datasets/mnist/3/f53382.png,f53382.png,png,e62fe8688f6822d36d69e9a1a544ad9bfe968437d06ed4cd0f4fa0f07db38f2f,train,20260703,mnist-sampling-v1,53382,gold_candidate,develop_policy
train_00780,mnist,3,3,data/images/mnist-classification/source-datasets/mnist/3/f53958.png,f53958.png,png,713239e7f03b1941c78ed1596b49ba521ea6b9781f0376ec337820c4fed32992,train,20260703,mnist-sampling-v1,53958,gold_candidate,develop_policy
train_00781,mnist,3,3,data/images/mnist-classification/source-datasets/mnist/3/f54147.png,f54147.png,png,334f1e809f99aab7501eecd61e2559aea1255508ea1f4156ba90a01379622490,train,20260703,mnist-sampling-v1,54147,gold_candidate,develop_policy
train_00782,mnist,3,3,data/images/mnist-classification/source-datasets/mnist/3/f54655.png,f54655.png,png,e9d94712094a58d7afe8358aa7943d80a1aa5dba8587078737d08dc0a1b259c1,train,20260703,mnist-sampling-v1,54655,gold_candidate,develop_policy
train_00783,mnist,3,3,data/images/mnist-classification/source-datasets/mnist/3/f54739.png,f54739.png,png,40b51b71a4fe0a7ffc403b80d2434b6f95165d151ca351a7962c97f0b69c248f,train,20260703,mnist-sampling-v1,54739,gold_candidate,develop_policy
train_00784,mnist,3,3,data/images/mnist-classification/source-datasets/mnist/3/f55231.png,f55231.png,png,69a8aa12b2e7cc44d83c10c91c11faa919bbc70d451607401bf3915ceed833f6,train,20260703,mnist-sampling-v1,55231,gold_candidate,develop_policy
train_00785,mnist,3,3,data/images/mnist-classification/source-datasets/mnist/3/f56165.png,f56165.png,png,4bbf6e330e97a32aba18663b77ea252867c8a98d5a60b052a56b69df59509f59,train,20260703,mnist-sampling-v1,56165,gold_candidate,develop_policy
train_00786,mnist,3,3,data/images/mnist-classification/source-datasets/mnist/3/f56288.png,f56288.png,png,951ea7131db8aaa46d637b7a717dac0daf38efcd2eec97652a8b0c3511c9b74f,train,20260703,mnist-sampling-v1,56288,gold_candidate,develop_policy
train_00787,mnist,3,3,data/images/mnist-classification/source-datasets/mnist/3/f56324.png,f56324.png,png,aa2b15ec2bf1d73b6429db58fb2118c7cd2dcbb6d31a584eb10fe1796f70cea3,train,20260703,mnist-sampling-v1,56324,gold_candidate,develop_policy
train_00788,mnist,3,3,data/images/mnist-classification/source-datasets/mnist/3/f56448.png,f56448.png,png,84cfb646cd51c3738c7f9c060b7037bf5a4e44990b71125fa256bdb87c4ae4b6,train,20260703,mnist-sampling-v1,56448,gold_candidate,develop_policy
train_00789,mnist,3,3,data/images/mnist-classification/source-datasets/mnist/3/f56492.png,f56492.png,png,38f6d8c002e395ba35bb641d2cd7a1183efbb71abc1bd988baf05a8fa15ee95d,train,20260703,mnist-sampling-v1,56492,gold_candidate,develop_policy
train_00790,mnist,3,3,data/images/mnist-classification/source-datasets/mnist/3/f56504.png,f56504.png,png,5453b483f28e8e9cb3d870a3da819c8a659178021989e71f93da1ca35b5d2b32,train,20260703,mnist-sampling-v1,56504,gold_candidate,develop_policy
train_00791,mnist,3,3,data/images/mnist-classification/source-datasets/mnist/3/f57004.png,f57004.png,png,2f4d8e94fa5377d42628cfaacd18bb88200dfa45eb746045ab7a199cb173af28,train,20260703,mnist-sampling-v1,57004,gold_candidate,develop_policy
train_00792,mnist,3,3,data/images/mnist-classification/source-datasets/mnist/3/f57194.png,f57194.png,png,e913d2654349015ffdc69d6579eed3f21fe156d24ce0efad15f77ba61822115b,train,20260703,mnist-sampling-v1,57194,gold_candidate,develop_policy
train_00793,mnist,3,3,data/images/mnist-classification/source-datasets/mnist/3/f57920.png,f57920.png,png,818116b9a68aeaa8054e1c2d6370c12e1c72ef17df98225841d70c529b7e2faf,train,20260703,mnist-sampling-v1,57920,gold_candidate,develop_policy
train_00794,mnist,3,3,data/images/mnist-classification/source-datasets/mnist/3/f58048.png,f58048.png,png,44888e5c87188992c480f680e24a5fa85d0439e9d52edd7e38e29e26939a9ad0,train,20260703,mnist-sampling-v1,58048,gold_candidate,develop_policy
train_00795,mnist,3,3,data/images/mnist-classification/source-datasets/mnist/3/f58086.png,f58086.png,png,83661406670a0cac5ecfb729cabc494200823a2a8af8387d0ae6f36966b4eead,train,20260703,mnist-sampling-v1,58086,gold_candidate,develop_policy
train_00796,mnist,3,3,data/images/mnist-classification/source-datasets/mnist/3/f58774.png,f58774.png,png,114e206ed2981dc8949f562d948a7ce52ee98d17e78caae6ffcd2d464744a6a8,train,20260703,mnist-sampling-v1,58774,gold_candidate,develop_policy
train_00797,mnist,3,3,data/images/mnist-classification/source-datasets/mnist/3/f58924.png,f58924.png,png,155e019736e921aba49a234148007715e8d9b0fa37fc0ae2a8e1ce88ca3303ec,train,20260703,mnist-sampling-v1,58924,gold_candidate,develop_policy
train_00798,mnist,3,3,data/images/mnist-classification/source-datasets/mnist/3/f59471.png,f59471.png,png,5bfddba1011a1deecf9b6b180f400e07c266de36176909e573411cd40c0b61eb,train,20260703,mnist-sampling-v1,59471,gold_candidate,develop_policy
train_00799,mnist,3,3,data/images/mnist-classification/source-datasets/mnist/3/f59528.png,f59528.png,png,8979a6d78d5319f851e987121dc8b7777366353ad712c9759a2de283ade2b25b,train,20260703,mnist-sampling-v1,59528,gold_candidate,develop_policy
train_00800,mnist,3,3,data/images/mnist-classification/source-datasets/mnist/3/f59996.png,f59996.png,png,70303bc8050b3a10c4046ba596be708e7eb6dd6b03f4ad02cf80de92f9ad7233,train,20260703,mnist-sampling-v1,59996,gold_candidate,develop_policy
train_00801,mnist,4,4,data/images/mnist-classification/source-datasets/mnist/4/f1580.png,f1580.png,png,04eb283b2eaf07f6ed9df46baf4e2ab7cd5617689dd3581853c81439dce7f7eb,train,20260703,mnist-sampling-v1,1580,gold_candidate,develop_policy
train_00802,mnist,4,4,data/images/mnist-classification/source-datasets/mnist/4/f1653.png,f1653.png,png,78be10bc8e753f0dbc1365d53bec80e08baa703789d1c2ca1a23f0d5f3afd4be,train,20260703,mnist-sampling-v1,1653,gold_candidate,develop_policy
train_00803,mnist,4,4,data/images/mnist-classification/source-datasets/mnist/4/f1992.png,f1992.png,png,71401b98854dd696f3ea256338f909563698f8b59f1ac1a0ec79da1e95ce35ba,train,20260703,mnist-sampling-v1,1992,gold_candidate,develop_policy
train_00804,mnist,4,4,data/images/mnist-classification/source-datasets/mnist/4/f2071.png,f2071.png,png,5d52fa6274c8a331e63a21cf01e99391f4cfcf39d494e7c28106fa2d43ff0ca6,train,20260703,mnist-sampling-v1,2071,gold_candidate,develop_policy
train_00805,mnist,4,4,data/images/mnist-classification/source-datasets/mnist/4/f2181.png,f2181.png,png,5b9961a111448332b1e86a0323423a9de9dcdfd12af63a60a0c7941f0a56312c,train,20260703,mnist-sampling-v1,2181,gold_candidate,develop_policy
train_00806,mnist,4,4,data/images/mnist-classification/source-datasets/mnist/4/f2204.png,f2204.png,png,e9f6d7dd4d28d2438731e548af32628cdd4a4e1f8fe7c4ba8ac3cf3f64b51da8,train,20260703,mnist-sampling-v1,2204,gold_candidate,develop_policy
train_00807,mnist,4,4,data/images/mnist-classification/source-datasets/mnist/4/f2235.png,f2235.png,png,2cb1dcbf50c1305bf7a3d8142c70d4e8ab5b84fbcdcee0e4dcb8a9b3b874dea4,train,20260703,mnist-sampling-v1,2235,gold_candidate,develop_policy
train_00808,mnist,4,4,data/images/mnist-classification/source-datasets/mnist/4/f2608.png,f2608.png,png,c1c13cbda63335b53b5157e3b5a221b2e68b6687f82eaa8ba63f6b1939ec77a4,train,20260703,mnist-sampling-v1,2608,gold_candidate,develop_policy
train_00809,mnist,4,4,data/images/mnist-classification/source-datasets/mnist/4/f2801.png,f2801.png,png,326a8e44172568ed19cf10172f6577cda1b0352597de7b97e6f3d28ff0d35dcf,train,20260703,mnist-sampling-v1,2801,gold_candidate,develop_policy
train_00810,mnist,4,4,data/images/mnist-classification/source-datasets/mnist/4/f3239.png,f3239.png,png,c6b59af0647f76a5f7b28df179c577ec23d5306188a919fd3a15bdba3ebe6f0a,train,20260703,mnist-sampling-v1,3239,gold_candidate,develop_policy
train_00811,mnist,4,4,data/images/mnist-classification/source-datasets/mnist/4/f3261.png,f3261.png,png,3dd07d129503010ff35e323ceac11bde0cdd40d240e4b99ed3d489cb59e2f97f,train,20260703,mnist-sampling-v1,3261,gold_candidate,develop_policy
train_00812,mnist,4,4,data/images/mnist-classification/source-datasets/mnist/4/f3708.png,f3708.png,png,f6cf62fb58c278b6019a9789aa73bbec1066ce85ea66d39b2ece608053fdbb13,train,20260703,mnist-sampling-v1,3708,gold_candidate,develop_policy
train_00813,mnist,4,4,data/images/mnist-classification/source-datasets/mnist/4/f3716.png,f3716.png,png,68ab5e7f3484f43c015a2af87094d671462f3a9b9cea3c3189e05128deb3144c,train,20260703,mnist-sampling-v1,3716,gold_candidate,develop_policy
train_00814,mnist,4,4,data/images/mnist-classification/source-datasets/mnist/4/f4178.png,f4178.png,png,ddc3867ae5201cf29123a0d084dd35d1ece0a76ad8d7ef82dca4e074b1943e9e,train,20260703,mnist-sampling-v1,4178,gold_candidate,develop_policy
train_00815,mnist,4,4,data/images/mnist-classification/source-datasets/mnist/4/f4264.png,f4264.png,png,6932a8b87d11376d358c38d3ede4a0ec9b2252653edb08c0cd63cd8f8a1cf0ae,train,20260703,mnist-sampling-v1,4264,gold_candidate,develop_policy
train_00816,mnist,4,4,data/images/mnist-classification/source-datasets/mnist/4/f4274.png,f4274.png,png,1fecae7f747bcc8f4e1a67927c84f17fe0c0f00f460e40d4f88f23dcc6b1482b,train,20260703,mnist-sampling-v1,4274,gold_candidate,develop_policy
train_00817,mnist,4,4,data/images/mnist-classification/source-datasets/mnist/4/f4730.png,f4730.png,png,5f1b7332c8e0c635f2d810cd67901ed15585958660eec8e9b5cbe029626dfec3,train,20260703,mnist-sampling-v1,4730,gold_candidate,develop_policy
train_00818,mnist,4,4,data/images/mnist-classification/source-datasets/mnist/4/f4791.png,f4791.png,png,69e6130892c489a0508e77faa07c20f9c84d81e56fdbe2ff1eee9d3c546b2f4f,train,20260703,mnist-sampling-v1,4791,gold_candidate,develop_policy
train_00819,mnist,4,4,data/images/mnist-classification/source-datasets/mnist/4/f4890.png,f4890.png,png,d75aaaf465d4fa2d119f414639b7cc825198de0e94d54d68fc38ae0a6b1dfda1,train,20260703,mnist-sampling-v1,4890,gold_candidate,develop_policy
train_00820,mnist,4,4,data/images/mnist-classification/source-datasets/mnist/4/f5175.png,f5175.png,png,9a5fc1b7f72a97abda293f5875dc2c8ba9ee182cf23a44f7f674a7ea75a32efe,train,20260703,mnist-sampling-v1,5175,gold_candidate,develop_policy
train_00821,mnist,4,4,data/images/mnist-classification/source-datasets/mnist/4/f5322.png,f5322.png,png,5311370c5851a946db1d1ad67c6bc8a771e54660dd83c683b70fbbe6f47f1f4f,train,20260703,mnist-sampling-v1,5322,gold_candidate,develop_policy
train_00822,mnist,4,4,data/images/mnist-classification/source-datasets/mnist/4/f5410.png,f5410.png,png,53da6da2419117891ad65f69904951d1c0d3baa19ab19a160eed61f2acaf22d8,train,20260703,mnist-sampling-v1,5410,gold_candidate,develop_policy
train_00823,mnist,4,4,data/images/mnist-classification/source-datasets/mnist/4/f5891.png,f5891.png,png,bde04fc7b93d01a541fb80a32298f6994e40e593e46d970761a64723ae1d222e,train,20260703,mnist-sampling-v1,5891,gold_candidate,develop_policy
train_00824,mnist,4,4,data/images/mnist-classification/source-datasets/mnist/4/f5989.png,f5989.png,png,7e55c6bf8d7c0743453d9b8f561971a6bd0d4fce92aada235b3cbea118ceab57,train,20260703,mnist-sampling-v1,5989,gold_candidate,develop_policy
train_00825,mnist,4,4,data/images/mnist-classification/source-datasets/mnist/4/f6128.png,f6128.png,png,0bd6ef6cf0f2b99b555b55d3275beb251e053cedd0b03ea142923c650b1ab8c1,train,20260703,mnist-sampling-v1,6128,gold_candidate,develop_policy
train_00826,mnist,4,4,data/images/mnist-classification/source-datasets/mnist/4/f6652.png,f6652.png,png,737bb271272fa414bd2d06288053252b968ee17ce257d07014ab8a99c5e58d95,train,20260703,mnist-sampling-v1,6652,gold_candidate,develop_policy
train_00827,mnist,4,4,data/images/mnist-classification/source-datasets/mnist/4/f6733.png,f6733.png,png,0d9ff44db334189e88438c488af76a581b6380e8f27565cf380628aaf1b4153a,train,20260703,mnist-sampling-v1,6733,gold_candidate,develop_policy
train_00828,mnist,4,4,data/images/mnist-classification/source-datasets/mnist/4/f6761.png,f6761.png,png,e46660b4cadb2397952ebdc006560cb26828422fafa5eb671933a0ae0a996ef6,train,20260703,mnist-sampling-v1,6761,gold_candidate,develop_policy
train_00829,mnist,4,4,data/images/mnist-classification/source-datasets/mnist/4/f6901.png,f6901.png,png,5752e67f348ddc51e9740a16f07b4dfb56874efb3cb444ebfe63b4c2322d4cb7,train,20260703,mnist-sampling-v1,6901,gold_candidate,develop_policy
train_00830,mnist,4,4,data/images/mnist-classification/source-datasets/mnist/4/f7077.png,f7077.png,png,8da77801eae8a5c31b2127f1b276a73640d467dc984b2fb6b00601f3aaa36992,train,20260703,mnist-sampling-v1,7077,gold_candidate,develop_policy
train_00831,mnist,4,4,data/images/mnist-classification/source-datasets/mnist/4/f7166.png,f7166.png,png,490a6b164b37209df973ed78bf5e06a71d74d2c23f32c26f81c5d104b10fad34,train,20260703,mnist-sampling-v1,7166,gold_candidate,develop_policy
train_00832,mnist,4,4,data/images/mnist-classification/source-datasets/mnist/4/f7573.png,f7573.png,png,e550c929b806f5c02f9a125ac5b7ee528884f12d59ba8586c1dbcfd014883a9c,train,20260703,mnist-sampling-v1,7573,gold_candidate,develop_policy
train_00833,mnist,4,4,data/images/mnist-classification/source-datasets/mnist/4/f7883.png,f7883.png,png,739c48ec2602c0507baca7791caa24fb985ed7214f02f54b784953b71d67b3ab,train,20260703,mnist-sampling-v1,7883,gold_candidate,develop_policy
train_00834,mnist,4,4,data/images/mnist-classification/source-datasets/mnist/4/f8207.png,f8207.png,png,b9c8c92d83a35a9991933a3061dfcdade8e614b6d9f3b182564f8822c70bc314,train,20260703,mnist-sampling-v1,8207,gold_candidate,develop_policy
train_00835,mnist,4,4,data/images/mnist-classification/source-datasets/mnist/4/f8215.png,f8215.png,png,4dc20ad242ec2c7e230dba0b56adf550c0bf227195784e8e3bdc4d23af5bbdb6,train,20260703,mnist-sampling-v1,8215,gold_candidate,develop_policy
train_00836,mnist,4,4,data/images/mnist-classification/source-datasets/mnist/4/f8400.png,f8400.png,png,53b12d3aea009c9f11b9574553fd2a90d8ae77d91d5de66605b175dbb61f9182,train,20260703,mnist-sampling-v1,8400,gold_candidate,develop_policy
train_00837,mnist,4,4,data/images/mnist-classification/source-datasets/mnist/4/f8706.png,f8706.png,png,7787081e83543302b74a54682e24ee69498101eb4e66c00a9d1066447934d732,train,20260703,mnist-sampling-v1,8706,gold_candidate,develop_policy
train_00838,mnist,4,4,data/images/mnist-classification/source-datasets/mnist/4/f9109.png,f9109.png,png,c6f74897a47d28aaac96fa620edfecd02e1052939d775e6bfbe69b0d15b88f76,train,20260703,mnist-sampling-v1,9109,gold_candidate,develop_policy
train_00839,mnist,4,4,data/images/mnist-classification/source-datasets/mnist/4/f9337.png,f9337.png,png,6084e1a4138b7380ab9b8cf7193c0cd79fcbbc770582d5b8a570100fb7a564a5,train,20260703,mnist-sampling-v1,9337,gold_candidate,develop_policy
train_00840,mnist,4,4,data/images/mnist-classification/source-datasets/mnist/4/f9781.png,f9781.png,png,c38cf9e7bb2f90bad3150d2de28e6657aaad49324df5d5cadcc176764bc37b1f,train,20260703,mnist-sampling-v1,9781,gold_candidate,develop_policy
train_00841,mnist,4,4,data/images/mnist-classification/source-datasets/mnist/4/f10462.png,f10462.png,png,257970ead11b8c0a23f5fc34a56b1cfaaf80d275785ceaa97342a843da7884c5,train,20260703,mnist-sampling-v1,10462,gold_candidate,develop_policy
train_00842,mnist,4,4,data/images/mnist-classification/source-datasets/mnist/4/f10639.png,f10639.png,png,1f2fdf74af20b8ccbec398c1de7cecf13182ca3295b9546f67ffea6f7dbeef78,train,20260703,mnist-sampling-v1,10639,gold_candidate,develop_policy
train_00843,mnist,4,4,data/images/mnist-classification/source-datasets/mnist/4/f10918.png,f10918.png,png,356ff2f352d54b4dd2c8bbc710328a3944f7aa68091d2533fa136e11019a05d4,train,20260703,mnist-sampling-v1,10918,gold_candidate,develop_policy
train_00844,mnist,4,4,data/images/mnist-classification/source-datasets/mnist/4/f10937.png,f10937.png,png,91bd2c011b9322c9377da6003b5b15f3a3d3d813fb8c1bae5a83d3d3f534aa3a,train,20260703,mnist-sampling-v1,10937,gold_candidate,develop_policy
train_00845,mnist,4,4,data/images/mnist-classification/source-datasets/mnist/4/f11283.png,f11283.png,png,7c407d4ad45d5f9c01a597b40abd2cbf5e946ec3e5578d4ba05db5ea3de92217,train,20260703,mnist-sampling-v1,11283,gold_candidate,develop_policy
train_00846,mnist,4,4,data/images/mnist-classification/source-datasets/mnist/4/f12019.png,f12019.png,png,e541028966e217f5d811fc576ffa9d29b941eebb4d81887aa6eeb4c41d0a5363,train,20260703,mnist-sampling-v1,12019,gold_candidate,develop_policy
train_00847,mnist,4,4,data/images/mnist-classification/source-datasets/mnist/4/f12564.png,f12564.png,png,50c331929863dcfd4b6662fadf7713a60173d052831e2fa4a47dabbf5c31f847,train,20260703,mnist-sampling-v1,12564,gold_candidate,develop_policy
train_00848,mnist,4,4,data/images/mnist-classification/source-datasets/mnist/4/f13008.png,f13008.png,png,2251883220fba4a79994a4daf522bb0cc075b245dc47ceb357e873bb67219f00,train,20260703,mnist-sampling-v1,13008,gold_candidate,develop_policy
train_00849,mnist,4,4,data/images/mnist-classification/source-datasets/mnist/4/f13009.png,f13009.png,png,6529a762a352da7bd536639b66df69d87f3412bfc5393c9a7e3d864bd2fb0e97,train,20260703,mnist-sampling-v1,13009,gold_candidate,develop_policy
train_00850,mnist,4,4,data/images/mnist-classification/source-datasets/mnist/4/f14086.png,f14086.png,png,3f9c3e4b30ccee52338f53f5e57128ce9aa225070170dc3a3329a3e23887185c,train,20260703,mnist-sampling-v1,14086,gold_candidate,develop_policy
train_00851,mnist,4,4,data/images/mnist-classification/source-datasets/mnist/4/f14257.png,f14257.png,png,d864a2f883c8d9aba099784d44f9726b32067456e1efaeeee6cf94059bea01b7,train,20260703,mnist-sampling-v1,14257,gold_candidate,develop_policy
train_00852,mnist,4,4,data/images/mnist-classification/source-datasets/mnist/4/f14411.png,f14411.png,png,b4059e9721ea69aacd5646a112539b28005754b39121a2f3253d75d77f4c21a2,train,20260703,mnist-sampling-v1,14411,gold_candidate,develop_policy
train_00853,mnist,4,4,data/images/mnist-classification/source-datasets/mnist/4/f14539.png,f14539.png,png,ea17220d5abcdac7bbdba9d9e8b71b9cdf7c98799053d79e722de2199adb3d61,train,20260703,mnist-sampling-v1,14539,gold_candidate,develop_policy
train_00854,mnist,4,4,data/images/mnist-classification/source-datasets/mnist/4/f14578.png,f14578.png,png,0c4e2a0049c886e4d7b51c6ec7a9b9b51d04c2025834b63e2dee20ec5c1d922f,train,20260703,mnist-sampling-v1,14578,gold_candidate,develop_policy
train_00855,mnist,4,4,data/images/mnist-classification/source-datasets/mnist/4/f14939.png,f14939.png,png,57036c949aa88196a1453d5e3a5f52cd20965e60746cb51bfe5a38c926a39657,train,20260703,mnist-sampling-v1,14939,gold_candidate,develop_policy
train_00856,mnist,4,4,data/images/mnist-classification/source-datasets/mnist/4/f15207.png,f15207.png,png,4a679615fefff781b5292a40657d0b9e1b9d1579c9e3c728b3ae141f48bd2c89,train,20260703,mnist-sampling-v1,15207,gold_candidate,develop_policy
train_00857,mnist,4,4,data/images/mnist-classification/source-datasets/mnist/4/f15313.png,f15313.png,png,47411459c0d11df035871566fbf7b9d4bb8b63592b86ce9fb0efa7a988fc8353,train,20260703,mnist-sampling-v1,15313,gold_candidate,develop_policy
train_00858,mnist,4,4,data/images/mnist-classification/source-datasets/mnist/4/f16314.png,f16314.png,png,836f6c0e7a2dbc68b7d9fc1266bf9f64295d0177a6e84108a65bda9dd6889e67,train,20260703,mnist-sampling-v1,16314,gold_candidate,develop_policy
train_00859,mnist,4,4,data/images/mnist-classification/source-datasets/mnist/4/f16899.png,f16899.png,png,7f9b36f96ed3d5cd0f69ace1a46f2ced3debafcc27ce08ee96e3b9602578230c,train,20260703,mnist-sampling-v1,16899,gold_candidate,develop_policy
train_00860,mnist,4,4,data/images/mnist-classification/source-datasets/mnist/4/f17198.png,f17198.png,png,864f8152b269cef2fd5e243d7cf5aee0b319b58388f9e29a5ae154f814e0e485,train,20260703,mnist-sampling-v1,17198,gold_candidate,develop_policy
train_00861,mnist,4,4,data/images/mnist-classification/source-datasets/mnist/4/f17300.png,f17300.png,png,3a3278cc909c529cb3b94711f92626275a9d5ff6e7ce01c14632f9a91e511a43,train,20260703,mnist-sampling-v1,17300,gold_candidate,develop_policy
train_00862,mnist,4,4,data/images/mnist-classification/source-datasets/mnist/4/f17399.png,f17399.png,png,ca1568e5a37b9348c38770b9b4ab97cd32974ae034b05e888f14bbc9e9b08593,train,20260703,mnist-sampling-v1,17399,gold_candidate,develop_policy
train_00863,mnist,4,4,data/images/mnist-classification/source-datasets/mnist/4/f17604.png,f17604.png,png,8f22f3adc4f5f38166759a0a7639a2c70a18818c58a9dcb7404e845b8f01077b,train,20260703,mnist-sampling-v1,17604,gold_candidate,develop_policy
train_00864,mnist,4,4,data/images/mnist-classification/source-datasets/mnist/4/f18145.png,f18145.png,png,5ca7ec5091ed488b323edc880a2332417d52eccfbf43f96afa687380ff8e138d,train,20260703,mnist-sampling-v1,18145,gold_candidate,develop_policy
train_00865,mnist,4,4,data/images/mnist-classification/source-datasets/mnist/4/f18306.png,f18306.png,png,2ccee822cf60e8da38150de60de945841904014ea88ddaa17525a746bfb76549,train,20260703,mnist-sampling-v1,18306,gold_candidate,develop_policy
train_00866,mnist,4,4,data/images/mnist-classification/source-datasets/mnist/4/f18455.png,f18455.png,png,2e42aefcbbf20e02ee33282dd367ad76451dd3c5da5c597f4f1f9511f9af950d,train,20260703,mnist-sampling-v1,18455,gold_candidate,develop_policy
train_00867,mnist,4,4,data/images/mnist-classification/source-datasets/mnist/4/f18686.png,f18686.png,png,b387a2773fb1c0fe15dc2ff0ece79e62a97ddf5295db08cc1e98070db7056b25,train,20260703,mnist-sampling-v1,18686,gold_candidate,develop_policy
train_00868,mnist,4,4,data/images/mnist-classification/source-datasets/mnist/4/f18866.png,f18866.png,png,5edbeba3cc7e4a3e35898b5029bc8241ba210bff6aabf8796f87a5c386b94435,train,20260703,mnist-sampling-v1,18866,gold_candidate,develop_policy
train_00869,mnist,4,4,data/images/mnist-classification/source-datasets/mnist/4/f19032.png,f19032.png,png,dfe01b157a6814ded6ac69f9577a1393b1779672c6297503f9e1b93e2f20fc03,train,20260703,mnist-sampling-v1,19032,gold_candidate,develop_policy
train_00870,mnist,4,4,data/images/mnist-classification/source-datasets/mnist/4/f19217.png,f19217.png,png,833864a4a2414a13d61c42ccbf27532a76895b9c3e7c3ee8488f10adff6dbaba,train,20260703,mnist-sampling-v1,19217,gold_candidate,develop_policy
train_00871,mnist,4,4,data/images/mnist-classification/source-datasets/mnist/4/f19522.png,f19522.png,png,5854e2b84bcae209040b02c041a99aac8a59c6ec4e30f4411f7e16668788a844,train,20260703,mnist-sampling-v1,19522,gold_candidate,develop_policy
train_00872,mnist,4,4,data/images/mnist-classification/source-datasets/mnist/4/f19840.png,f19840.png,png,73c5d1f2d8ab870d426a205c05398c0c711746d1b926595016348b047fbdbf1d,train,20260703,mnist-sampling-v1,19840,gold_candidate,develop_policy
train_00873,mnist,4,4,data/images/mnist-classification/source-datasets/mnist/4/f20040.png,f20040.png,png,7bfa186602ca3c6088b842be9641470f576ceb518ae5d107e0525e435917579d,train,20260703,mnist-sampling-v1,20040,gold_candidate,develop_policy
train_00874,mnist,4,4,data/images/mnist-classification/source-datasets/mnist/4/f20069.png,f20069.png,png,33ddf181a9196900aba92ac836038d0e85e7dd651e75c2b4084c764d2a4152dc,train,20260703,mnist-sampling-v1,20069,gold_candidate,develop_policy
train_00875,mnist,4,4,data/images/mnist-classification/source-datasets/mnist/4/f20464.png,f20464.png,png,850b96f5eb086108ebb82340eebbb170619829c1acdee85406f5c118df69e3cc,train,20260703,mnist-sampling-v1,20464,gold_candidate,develop_policy
train_00876,mnist,4,4,data/images/mnist-classification/source-datasets/mnist/4/f20490.png,f20490.png,png,43c2d94dcb288041fa43a3308c8218a5ba5ea11f369b3990f04f355d9be11d4d,train,20260703,mnist-sampling-v1,20490,gold_candidate,develop_policy
train_00877,mnist,4,4,data/images/mnist-classification/source-datasets/mnist/4/f21022.png,f21022.png,png,ab222ffb1899ce869196e7d22b6c4a5b477fd169c2fee87b09fa0b64c77188a2,train,20260703,mnist-sampling-v1,21022,gold_candidate,develop_policy
train_00878,mnist,4,4,data/images/mnist-classification/source-datasets/mnist/4/f21448.png,f21448.png,png,e12196e22dca58bb10725c50be90a39ecd1c1d4c5c8b94d73c19cbfae1f71fef,train,20260703,mnist-sampling-v1,21448,gold_candidate,develop_policy
train_00879,mnist,4,4,data/images/mnist-classification/source-datasets/mnist/4/f22197.png,f22197.png,png,e1e3ce7be299c97f20f330cf10552977c1e38d950d981bfb4031e55130e854f0,train,20260703,mnist-sampling-v1,22197,gold_candidate,develop_policy
train_00880,mnist,4,4,data/images/mnist-classification/source-datasets/mnist/4/f22400.png,f22400.png,png,5081d84dbfea7afc8f42526298f605db23abe4285b4c68f74454298110cedc60,train,20260703,mnist-sampling-v1,22400,gold_candidate,develop_policy
train_00881,mnist,4,4,data/images/mnist-classification/source-datasets/mnist/4/f22495.png,f22495.png,png,5749b2cfd607976c7c696e2785f1ccea76b0e1480db0ffcb720b1560c0248a80,train,20260703,mnist-sampling-v1,22495,gold_candidate,develop_policy
train_00882,mnist,4,4,data/images/mnist-classification/source-datasets/mnist/4/f22535.png,f22535.png,png,0a8e311c218d349075b952a21b141ad2ecca2c460f09714547d053c668f7a1d0,train,20260703,mnist-sampling-v1,22535,gold_candidate,develop_policy
train_00883,mnist,4,4,data/images/mnist-classification/source-datasets/mnist/4/f22544.png,f22544.png,png,325e45b4c5e9cba68fc18d74c0c29cde169dfdd3769a63e62c622539497da984,train,20260703,mnist-sampling-v1,22544,gold_candidate,develop_policy
train_00884,mnist,4,4,data/images/mnist-classification/source-datasets/mnist/4/f22547.png,f22547.png,png,9bcaeed74475a263aee6ff62a7333d4004f0e611ebe15235d4990913866a9f32,train,20260703,mnist-sampling-v1,22547,gold_candidate,develop_policy
train_00885,mnist,4,4,data/images/mnist-classification/source-datasets/mnist/4/f22980.png,f22980.png,png,c82f67b0a356b05a984d0ec17b6a51db898437c7b7afdf58e03147fbcf4021cd,train,20260703,mnist-sampling-v1,22980,gold_candidate,develop_policy
train_00886,mnist,4,4,data/images/mnist-classification/source-datasets/mnist/4/f22991.png,f22991.png,png,e46f754f1eaa9ec42d58c4183fc078001d421d91628dad4e6bc40c888472da7b,train,20260703,mnist-sampling-v1,22991,gold_candidate,develop_policy
train_00887,mnist,4,4,data/images/mnist-classification/source-datasets/mnist/4/f23411.png,f23411.png,png,7e8bdf892ed567b7e55f98436d7f520eb1c15e066970af88faa94f5384e2cc24,train,20260703,mnist-sampling-v1,23411,gold_candidate,develop_policy
train_00888,mnist,4,4,data/images/mnist-classification/source-datasets/mnist/4/f23549.png,f23549.png,png,d9bba09277ba37fedc5e6daa59850d66bd189c09d2b76a95be630a463961135b,train,20260703,mnist-sampling-v1,23549,gold_candidate,develop_policy
train_00889,mnist,4,4,data/images/mnist-classification/source-datasets/mnist/4/f23781.png,f23781.png,png,752038234def80129c6fb210ddbb23f00f86d511f55fd52ab8f8a9c566127727,train,20260703,mnist-sampling-v1,23781,gold_candidate,develop_policy
train_00890,mnist,4,4,data/images/mnist-classification/source-datasets/mnist/4/f23837.png,f23837.png,png,c93830e34e34b57bf8cff78bff9b3d1ee7087927a8ee2166463679992f31076c,train,20260703,mnist-sampling-v1,23837,gold_candidate,develop_policy
train_00891,mnist,4,4,data/images/mnist-classification/source-datasets/mnist/4/f23974.png,f23974.png,png,a33111ede6ba71398c0c23ca455656daa59ba6685fc5a5247d6197f430daa46c,train,20260703,mnist-sampling-v1,23974,gold_candidate,develop_policy
train_00892,mnist,4,4,data/images/mnist-classification/source-datasets/mnist/4/f24472.png,f24472.png,png,efa284c62867916fe8c646e8ffbe29e5e98823f27e737a34ea5c2953b83e590e,train,20260703,mnist-sampling-v1,24472,gold_candidate,develop_policy
train_00893,mnist,4,4,data/images/mnist-classification/source-datasets/mnist/4/f24642.png,f24642.png,png,3d8f84220c49c8d20bb8013bc0d43175233f1e637fabee5f07b60fee09d9ce5d,train,20260703,mnist-sampling-v1,24642,gold_candidate,develop_policy
train_00894,mnist,4,4,data/images/mnist-classification/source-datasets/mnist/4/f24798.png,f24798.png,png,9168ece7b97176ff6027bc824a8979b85eec9821b7e411a3df4a7609c9fd0873,train,20260703,mnist-sampling-v1,24798,gold_candidate,develop_policy
train_00895,mnist,4,4,data/images/mnist-classification/source-datasets/mnist/4/f24992.png,f24992.png,png,ea7dae56326a31a48e1edf604b2da02c5118ad541b0f321086dca9056ee841d3,train,20260703,mnist-sampling-v1,24992,gold_candidate,develop_policy
train_00896,mnist,4,4,data/images/mnist-classification/source-datasets/mnist/4/f25056.png,f25056.png,png,48533dacb566602bcb25db6a66eb3bd5c63b87a9539f4993038e44f3025823a5,train,20260703,mnist-sampling-v1,25056,gold_candidate,develop_policy
train_00897,mnist,4,4,data/images/mnist-classification/source-datasets/mnist/4/f25093.png,f25093.png,png,ed04e360bc4978a0d3515f0ead029ddbb1b7f9241834f8d80348d4c54d9bd0f0,train,20260703,mnist-sampling-v1,25093,gold_candidate,develop_policy
train_00898,mnist,4,4,data/images/mnist-classification/source-datasets/mnist/4/f25292.png,f25292.png,png,ac09fd80c546c0a99182bb0bc0ea9dcf10ea34707852e79e6ba45b5c040816ff,train,20260703,mnist-sampling-v1,25292,gold_candidate,develop_policy
train_00899,mnist,4,4,data/images/mnist-classification/source-datasets/mnist/4/f25438.png,f25438.png,png,5bdcc51c1c119bf351dfafa73cf0586bf1a584f6d1a0a38a365ea6e16816c00d,train,20260703,mnist-sampling-v1,25438,gold_candidate,develop_policy
train_00900,mnist,4,4,data/images/mnist-classification/source-datasets/mnist/4/f25498.png,f25498.png,png,28fb0458b7bbefc1d2f3fecc8b63ba7aaac90df2d28f7ce7b1f290acc41bf543,train,20260703,mnist-sampling-v1,25498,gold_candidate,develop_policy
train_00901,mnist,4,4,data/images/mnist-classification/source-datasets/mnist/4/f25990.png,f25990.png,png,2ae5b23b1d0c5aa42843892fb145a7dec3715edf1fff8b9c90c7829620bcb682,train,20260703,mnist-sampling-v1,25990,gold_candidate,develop_policy
train_00902,mnist,4,4,data/images/mnist-classification/source-datasets/mnist/4/f26763.png,f26763.png,png,b992b1eb529c9bd01414801f0594fab918c65581f2e59eb046ac42c8ab10036c,train,20260703,mnist-sampling-v1,26763,gold_candidate,develop_policy
train_00903,mnist,4,4,data/images/mnist-classification/source-datasets/mnist/4/f26864.png,f26864.png,png,434ab9a4e6594b16b494af887be299b07b8e54cc1c7eed0d3966a97e72599e07,train,20260703,mnist-sampling-v1,26864,gold_candidate,develop_policy
train_00904,mnist,4,4,data/images/mnist-classification/source-datasets/mnist/4/f26911.png,f26911.png,png,8b4b7386901a2d0615e2bdfcef03f42eca95f10b41c0bb30a12deacf5ec9db19,train,20260703,mnist-sampling-v1,26911,gold_candidate,develop_policy
train_00905,mnist,4,4,data/images/mnist-classification/source-datasets/mnist/4/f26963.png,f26963.png,png,aed86b617f647f38ae0bbbe4a4a18ec7d97a931a4b4485bd0d226df39a4fb0f9,train,20260703,mnist-sampling-v1,26963,gold_candidate,develop_policy
train_00906,mnist,4,4,data/images/mnist-classification/source-datasets/mnist/4/f27196.png,f27196.png,png,cd9305a9311af68e58eb47718cb3d85b3b14793d0d09cfa3cb56e08f03906cbb,train,20260703,mnist-sampling-v1,27196,gold_candidate,develop_policy
train_00907,mnist,4,4,data/images/mnist-classification/source-datasets/mnist/4/f27494.png,f27494.png,png,faec0f3cd023e8ed05ec4d3665a115ed288f7629f383aea3ebee1658180c8891,train,20260703,mnist-sampling-v1,27494,gold_candidate,develop_policy
train_00908,mnist,4,4,data/images/mnist-classification/source-datasets/mnist/4/f27826.png,f27826.png,png,d7f9c5fe136ab2fadbfc044b18ebadf73d0fea0196129eae8334c2507419563c,train,20260703,mnist-sampling-v1,27826,gold_candidate,develop_policy
train_00909,mnist,4,4,data/images/mnist-classification/source-datasets/mnist/4/f28556.png,f28556.png,png,daeeaba32193b4f497547d52d6ec77e88d6d62ae388f11f7e15cdd8b94257ffe,train,20260703,mnist-sampling-v1,28556,gold_candidate,develop_policy
train_00910,mnist,4,4,data/images/mnist-classification/source-datasets/mnist/4/f29739.png,f29739.png,png,6b2eddeeaf3c2bc3f6305759378d805b612637e5b86f13526a3d0d06f63726ba,train,20260703,mnist-sampling-v1,29739,gold_candidate,develop_policy
train_00911,mnist,4,4,data/images/mnist-classification/source-datasets/mnist/4/f29788.png,f29788.png,png,2462ce1e5539b5f5b91a17562b7836d1ea2aaec45738934684de183097c121af,train,20260703,mnist-sampling-v1,29788,gold_candidate,develop_policy
train_00912,mnist,4,4,data/images/mnist-classification/source-datasets/mnist/4/f30321.png,f30321.png,png,07c21a78f61a906391e70eff1248793bfd1ea3c4ea0596edc57e13da0d801e29,train,20260703,mnist-sampling-v1,30321,gold_candidate,develop_policy
train_00913,mnist,4,4,data/images/mnist-classification/source-datasets/mnist/4/f30590.png,f30590.png,png,0eb9ee18917117cfacef030bfb5f301764a2b954869fef4ec333e2c698af7c8a,train,20260703,mnist-sampling-v1,30590,gold_candidate,develop_policy
train_00914,mnist,4,4,data/images/mnist-classification/source-datasets/mnist/4/f30658.png,f30658.png,png,988f6a1a425cac057bca793da3ae92a052a0f1c939f1ba676059636e61a3e908,train,20260703,mnist-sampling-v1,30658,gold_candidate,develop_policy
train_00915,mnist,4,4,data/images/mnist-classification/source-datasets/mnist/4/f30792.png,f30792.png,png,1af5100455817b4cd13b5afb47fa557d72331c42ad693c69584f0a05d525d3dc,train,20260703,mnist-sampling-v1,30792,gold_candidate,develop_policy
train_00916,mnist,4,4,data/images/mnist-classification/source-datasets/mnist/4/f32027.png,f32027.png,png,602107961c3995b5f4f224f8dee732ab42749eeabba9a39537e75a56a401e606,train,20260703,mnist-sampling-v1,32027,gold_candidate,develop_policy
train_00917,mnist,4,4,data/images/mnist-classification/source-datasets/mnist/4/f32238.png,f32238.png,png,4c466077de0374f43ca5caa1c6d48ce3875c0ee370735f4b7e9e0ca35b5ee7ba,train,20260703,mnist-sampling-v1,32238,gold_candidate,develop_policy
train_00918,mnist,4,4,data/images/mnist-classification/source-datasets/mnist/4/f32262.png,f32262.png,png,48f0d1109caeb2d38dd5bc231800d484256f4029153dfd1c2cbcb90081c4342a,train,20260703,mnist-sampling-v1,32262,gold_candidate,develop_policy
train_00919,mnist,4,4,data/images/mnist-classification/source-datasets/mnist/4/f32448.png,f32448.png,png,2344a84722a771342e361f883897c3d18872d44a6bbd93af001436f1d442ce03,train,20260703,mnist-sampling-v1,32448,gold_candidate,develop_policy
train_00920,mnist,4,4,data/images/mnist-classification/source-datasets/mnist/4/f32487.png,f32487.png,png,c706ddb6280adaa7108f867ac7259748c716143b2fbe56d62b445fd2d916f547,train,20260703,mnist-sampling-v1,32487,gold_candidate,develop_policy
train_00921,mnist,4,4,data/images/mnist-classification/source-datasets/mnist/4/f32498.png,f32498.png,png,4f925c7aa19cdc4982e0c51ede19702ef7e1af9ef6874d77b1436f75634ff0c3,train,20260703,mnist-sampling-v1,32498,gold_candidate,develop_policy
train_00922,mnist,4,4,data/images/mnist-classification/source-datasets/mnist/4/f32683.png,f32683.png,png,93d5531d7093cc241e97f8334e968abeaa34911f033607f96feb43243d20c665,train,20260703,mnist-sampling-v1,32683,gold_candidate,develop_policy
train_00923,mnist,4,4,data/images/mnist-classification/source-datasets/mnist/4/f32719.png,f32719.png,png,7551dacd27d5ee3f9b0ebdd198a20b4f7b79c0f00f52cdd1b4f4b7f0e8618277,train,20260703,mnist-sampling-v1,32719,gold_candidate,develop_policy
train_00924,mnist,4,4,data/images/mnist-classification/source-datasets/mnist/4/f33285.png,f33285.png,png,d1772100150f78655789ad5d89301a7b299cb76b249ebcd276eac3f8719e9c87,train,20260703,mnist-sampling-v1,33285,gold_candidate,develop_policy
train_00925,mnist,4,4,data/images/mnist-classification/source-datasets/mnist/4/f33355.png,f33355.png,png,71f54daaaccfb6847f55ff60ec2c48d29fa17e4bcab211f7c3a1faf419c3c923,train,20260703,mnist-sampling-v1,33355,gold_candidate,develop_policy
train_00926,mnist,4,4,data/images/mnist-classification/source-datasets/mnist/4/f33411.png,f33411.png,png,6557e17f5065f3d7e7b605d59b924eb2750839e722527be105ac228f48f563c7,train,20260703,mnist-sampling-v1,33411,gold_candidate,develop_policy
train_00927,mnist,4,4,data/images/mnist-classification/source-datasets/mnist/4/f33551.png,f33551.png,png,c536e038a1fb64c4d35bc8e5ded41be2e62392564405c86ca011cf772b7537e1,train,20260703,mnist-sampling-v1,33551,gold_candidate,develop_policy
train_00928,mnist,4,4,data/images/mnist-classification/source-datasets/mnist/4/f33872.png,f33872.png,png,002b0290e27f54b0377a4726facf9bbf9af23b850af21657837a8b8e53bc3e35,train,20260703,mnist-sampling-v1,33872,gold_candidate,develop_policy
train_00929,mnist,4,4,data/images/mnist-classification/source-datasets/mnist/4/f33925.png,f33925.png,png,76cc04197b0fc2df0d4b251a128220ab2f5982925cf0eef256e32367a29ec076,train,20260703,mnist-sampling-v1,33925,gold_candidate,develop_policy
train_00930,mnist,4,4,data/images/mnist-classification/source-datasets/mnist/4/f33952.png,f33952.png,png,64dfa31d57b121cd4bbb80bc8fd155edea916f3b4b821e33e20af2c0a8adfc25,train,20260703,mnist-sampling-v1,33952,gold_candidate,develop_policy
train_00931,mnist,4,4,data/images/mnist-classification/source-datasets/mnist/4/f34144.png,f34144.png,png,60e8c6310355815aa3afa44797a5a1071e3f603517d6c9eb07c4f5d2e2c5a1aa,train,20260703,mnist-sampling-v1,34144,gold_candidate,develop_policy
train_00932,mnist,4,4,data/images/mnist-classification/source-datasets/mnist/4/f34221.png,f34221.png,png,f9380115a70f4bff428a1af1beb26c124d1572d87f7033bcec15fa8e6e0a0571,train,20260703,mnist-sampling-v1,34221,gold_candidate,develop_policy
train_00933,mnist,4,4,data/images/mnist-classification/source-datasets/mnist/4/f34948.png,f34948.png,png,8e9118b3f402e8d502b64dc0934fcebd41ee34b14d7d6ca06eb39417256dbb5e,train,20260703,mnist-sampling-v1,34948,gold_candidate,develop_policy
train_00934,mnist,4,4,data/images/mnist-classification/source-datasets/mnist/4/f36279.png,f36279.png,png,6313f1f6410903d1a29820ba099e2f9ed8d1d4753d5b32b585782c4cf47afec6,train,20260703,mnist-sampling-v1,36279,gold_candidate,develop_policy
train_00935,mnist,4,4,data/images/mnist-classification/source-datasets/mnist/4/f36630.png,f36630.png,png,7d0b42343adcb3d4a1a318592a06662d8a0770047d3bf0f3b9a7d6b228c3c8e7,train,20260703,mnist-sampling-v1,36630,gold_candidate,develop_policy
train_00936,mnist,4,4,data/images/mnist-classification/source-datasets/mnist/4/f37128.png,f37128.png,png,a5de6f3f8b133f39d6e37e65446a725ba0b3d20eedf221ca4f1b9c20742b1958,train,20260703,mnist-sampling-v1,37128,gold_candidate,develop_policy
train_00937,mnist,4,4,data/images/mnist-classification/source-datasets/mnist/4/f37492.png,f37492.png,png,20df997a4de4840927b31ee79e23e75a7064ff4fd07726fe35d7beb5a7a933fe,train,20260703,mnist-sampling-v1,37492,gold_candidate,develop_policy
train_00938,mnist,4,4,data/images/mnist-classification/source-datasets/mnist/4/f37645.png,f37645.png,png,fe3b30415e64622e74f166e218606934b01f5dec8a2c75c94e34a950a42fc3d7,train,20260703,mnist-sampling-v1,37645,gold_candidate,develop_policy
train_00939,mnist,4,4,data/images/mnist-classification/source-datasets/mnist/4/f37988.png,f37988.png,png,88ca5a364e7d40ff899e493027ca0c3506da748c7845decbb982d5511f835773,train,20260703,mnist-sampling-v1,37988,gold_candidate,develop_policy
train_00940,mnist,4,4,data/images/mnist-classification/source-datasets/mnist/4/f38906.png,f38906.png,png,48a2877ea59fa49967f8a2f859c010b0b5d2e613e54dcdeac73606d3c862d9eb,train,20260703,mnist-sampling-v1,38906,gold_candidate,develop_policy
train_00941,mnist,4,4,data/images/mnist-classification/source-datasets/mnist/4/f39080.png,f39080.png,png,2d38ccb44b8045853d7d848f9b7acfabe533150a92a6f984dbdd85ac2af723a9,train,20260703,mnist-sampling-v1,39080,gold_candidate,develop_policy
train_00942,mnist,4,4,data/images/mnist-classification/source-datasets/mnist/4/f40285.png,f40285.png,png,dcd8343667235cb71e5354322daedb9f57dfbd0d75f96a507e49a9a1bd133f2e,train,20260703,mnist-sampling-v1,40285,gold_candidate,develop_policy
train_00943,mnist,4,4,data/images/mnist-classification/source-datasets/mnist/4/f40334.png,f40334.png,png,a1674134100954589e58dff6b8a1518358baca7153a21d41a46cebe7a6383721,train,20260703,mnist-sampling-v1,40334,gold_candidate,develop_policy
train_00944,mnist,4,4,data/images/mnist-classification/source-datasets/mnist/4/f40529.png,f40529.png,png,a02d97dd43373228c57c59400cb8265f177ce13b00a33b16e4684012e0ea5b19,train,20260703,mnist-sampling-v1,40529,gold_candidate,develop_policy
train_00945,mnist,4,4,data/images/mnist-classification/source-datasets/mnist/4/f40576.png,f40576.png,png,5eaba9211bf01c8124ca00e1c559bd580122e28944344dc8fc48a20454b93222,train,20260703,mnist-sampling-v1,40576,gold_candidate,develop_policy
train_00946,mnist,4,4,data/images/mnist-classification/source-datasets/mnist/4/f40766.png,f40766.png,png,a5839008cb86eae590b8f87c8592c8aeb419270228f87d484f023939ec0ea4b9,train,20260703,mnist-sampling-v1,40766,gold_candidate,develop_policy
train_00947,mnist,4,4,data/images/mnist-classification/source-datasets/mnist/4/f40946.png,f40946.png,png,bf87d3d1c01e176308f6f12e94b968e6c2b3f7b6246406141e09b5aa8374c070,train,20260703,mnist-sampling-v1,40946,gold_candidate,develop_policy
train_00948,mnist,4,4,data/images/mnist-classification/source-datasets/mnist/4/f41626.png,f41626.png,png,15f510e8d4e72900a68e35c21f118266f30b4fb7fd6f60a226055a053c4df9b6,train,20260703,mnist-sampling-v1,41626,gold_candidate,develop_policy
train_00949,mnist,4,4,data/images/mnist-classification/source-datasets/mnist/4/f42032.png,f42032.png,png,5cceff4ab31bff27603b05e5d531d720cf21602b62d01e61f0ab05d53dfdd912,train,20260703,mnist-sampling-v1,42032,gold_candidate,develop_policy
train_00950,mnist,4,4,data/images/mnist-classification/source-datasets/mnist/4/f42236.png,f42236.png,png,bde5f6042087ef3c6538fc6e7c7af4a5e44477e6001077696da118618e00f812,train,20260703,mnist-sampling-v1,42236,gold_candidate,develop_policy
train_00951,mnist,4,4,data/images/mnist-classification/source-datasets/mnist/4/f42638.png,f42638.png,png,83092f47294a41863ffa713d51996cda2dc89a15c7ad1f3979279128a16eb828,train,20260703,mnist-sampling-v1,42638,gold_candidate,develop_policy
train_00952,mnist,4,4,data/images/mnist-classification/source-datasets/mnist/4/f43302.png,f43302.png,png,42f41d1ae354932a35f548da71685719050b445c9322131a80139ef53d03b9cc,train,20260703,mnist-sampling-v1,43302,gold_candidate,develop_policy
train_00953,mnist,4,4,data/images/mnist-classification/source-datasets/mnist/4/f43452.png,f43452.png,png,c10aa138a51fee78c3f119924fee95aba7b4340059788fa22c0a5cb179844062,train,20260703,mnist-sampling-v1,43452,gold_candidate,develop_policy
train_00954,mnist,4,4,data/images/mnist-classification/source-datasets/mnist/4/f45064.png,f45064.png,png,dc43573561f53ef1e4a88f00eb2928dc26825f0d784ee4241190d490d1d7005a,train,20260703,mnist-sampling-v1,45064,gold_candidate,develop_policy
train_00955,mnist,4,4,data/images/mnist-classification/source-datasets/mnist/4/f45485.png,f45485.png,png,33dd30b29c6635b1657a117801753eabd97696fb5cda8919b6a56a5f70f41b2b,train,20260703,mnist-sampling-v1,45485,gold_candidate,develop_policy
train_00956,mnist,4,4,data/images/mnist-classification/source-datasets/mnist/4/f45950.png,f45950.png,png,c347ec0870aafba9a93783e78572f6f2b47d916c8d29c6800709c7acbcd4ccae,train,20260703,mnist-sampling-v1,45950,gold_candidate,develop_policy
train_00957,mnist,4,4,data/images/mnist-classification/source-datasets/mnist/4/f46164.png,f46164.png,png,36a8900f1537891bc75332ada10aed8280274f71eb9cd6d8f55c41a2661702c8,train,20260703,mnist-sampling-v1,46164,gold_candidate,develop_policy
train_00958,mnist,4,4,data/images/mnist-classification/source-datasets/mnist/4/f46194.png,f46194.png,png,b434cb06f02b84acead6bf7ecc7f5e5dc850aead43524e0823580df034db2716,train,20260703,mnist-sampling-v1,46194,gold_candidate,develop_policy
train_00959,mnist,4,4,data/images/mnist-classification/source-datasets/mnist/4/f46352.png,f46352.png,png,7acb513e02e54518cf95a1fc7e82ac88d394d37a0b6ae7db4869f9b14a813a69,train,20260703,mnist-sampling-v1,46352,gold_candidate,develop_policy
train_00960,mnist,4,4,data/images/mnist-classification/source-datasets/mnist/4/f46716.png,f46716.png,png,e2dda01ae197a103a9044e6bfbab978881d25e850a06cd3e0481f4f162a562f2,train,20260703,mnist-sampling-v1,46716,gold_candidate,develop_policy
train_00961,mnist,4,4,data/images/mnist-classification/source-datasets/mnist/4/f46877.png,f46877.png,png,7612581eb28fed417bd5445f243621716898ba77bf2f2238e79198b70449ebe8,train,20260703,mnist-sampling-v1,46877,gold_candidate,develop_policy
train_00962,mnist,4,4,data/images/mnist-classification/source-datasets/mnist/4/f47001.png,f47001.png,png,04b4d12174010d0bfca8223eea11abdb01a666810c0c4e0ddfa7e9243e0f8ad3,train,20260703,mnist-sampling-v1,47001,gold_candidate,develop_policy
train_00963,mnist,4,4,data/images/mnist-classification/source-datasets/mnist/4/f47002.png,f47002.png,png,f778094003b235881342c9136130a0ef3983bd31f971323ab8e1d708561fbf6a,train,20260703,mnist-sampling-v1,47002,gold_candidate,develop_policy
train_00964,mnist,4,4,data/images/mnist-classification/source-datasets/mnist/4/f47109.png,f47109.png,png,d99e74eb3732a3fc8e17abb0e57d0197d4456f9ddb458869fc52146c77ccf611,train,20260703,mnist-sampling-v1,47109,gold_candidate,develop_policy
train_00965,mnist,4,4,data/images/mnist-classification/source-datasets/mnist/4/f47276.png,f47276.png,png,b3000f55c5320084816f87a72e07d215464933291ddabcabc33fcc89fd8efa19,train,20260703,mnist-sampling-v1,47276,gold_candidate,develop_policy
train_00966,mnist,4,4,data/images/mnist-classification/source-datasets/mnist/4/f48786.png,f48786.png,png,c454bba30c681dbfe593adbcdd6daf7b29d7ba1756a65a1dcdac801253f998b5,train,20260703,mnist-sampling-v1,48786,gold_candidate,develop_policy
train_00967,mnist,4,4,data/images/mnist-classification/source-datasets/mnist/4/f48835.png,f48835.png,png,9230f68cf3b7a2b4fdac1f542634b7e528002e5ca5b7a6977d89d914caa49f03,train,20260703,mnist-sampling-v1,48835,gold_candidate,develop_policy
train_00968,mnist,4,4,data/images/mnist-classification/source-datasets/mnist/4/f48936.png,f48936.png,png,8a6dc7bb51f7950b6607415012e560102a1383b5fa500764938367e1644108dd,train,20260703,mnist-sampling-v1,48936,gold_candidate,develop_policy
train_00969,mnist,4,4,data/images/mnist-classification/source-datasets/mnist/4/f48972.png,f48972.png,png,9367d1d97f41be2c1b71541923f4f3c0c027408683e4058a45e952be7b120520,train,20260703,mnist-sampling-v1,48972,gold_candidate,develop_policy
train_00970,mnist,4,4,data/images/mnist-classification/source-datasets/mnist/4/f49017.png,f49017.png,png,7f4555246446e0ef9708c07cebf0de3e8b14410ce5f673980a0e206ed6275ac1,train,20260703,mnist-sampling-v1,49017,gold_candidate,develop_policy
train_00971,mnist,4,4,data/images/mnist-classification/source-datasets/mnist/4/f49271.png,f49271.png,png,ef7689911db0da0113999e3a700951542e6d92dbb70f44657acd6ef7407fc8ce,train,20260703,mnist-sampling-v1,49271,gold_candidate,develop_policy
train_00972,mnist,4,4,data/images/mnist-classification/source-datasets/mnist/4/f49676.png,f49676.png,png,f95880720906a7434ebdf37f65ef6fdc4f97206226096e95936f92da53cc5e4a,train,20260703,mnist-sampling-v1,49676,gold_candidate,develop_policy
train_00973,mnist,4,4,data/images/mnist-classification/source-datasets/mnist/4/f50149.png,f50149.png,png,56a9f3d39cd7814fec4576501aa15d410728d97cfa4d560ca4bd9784c2d361b0,train,20260703,mnist-sampling-v1,50149,gold_candidate,develop_policy
train_00974,mnist,4,4,data/images/mnist-classification/source-datasets/mnist/4/f50388.png,f50388.png,png,2a92159f45a04355ab27dde74b202e7c1b5be9078f1a675e8b8e04506e6e739a,train,20260703,mnist-sampling-v1,50388,gold_candidate,develop_policy
train_00975,mnist,4,4,data/images/mnist-classification/source-datasets/mnist/4/f51264.png,f51264.png,png,ae9e6bb0c8f03f9e575ac850401cda50911181bb7bce7bc04fe19043d098b622,train,20260703,mnist-sampling-v1,51264,gold_candidate,develop_policy
train_00976,mnist,4,4,data/images/mnist-classification/source-datasets/mnist/4/f51923.png,f51923.png,png,64845b65b80eadf278679f42ee99586c5f858d71e3c0cdb056c0c11ef15526e5,train,20260703,mnist-sampling-v1,51923,gold_candidate,develop_policy
train_00977,mnist,4,4,data/images/mnist-classification/source-datasets/mnist/4/f52267.png,f52267.png,png,1c46136967939be1c60c12594dcd89b69c504bfe607bb6c08e2943abc8deb03d,train,20260703,mnist-sampling-v1,52267,gold_candidate,develop_policy
train_00978,mnist,4,4,data/images/mnist-classification/source-datasets/mnist/4/f52277.png,f52277.png,png,9267adcd5db3962997ae93affce57f41b5ddd80b092a562e59c9e2cacfc07270,train,20260703,mnist-sampling-v1,52277,gold_candidate,develop_policy
train_00979,mnist,4,4,data/images/mnist-classification/source-datasets/mnist/4/f52873.png,f52873.png,png,8f09f7178cd0deac5054189ed129d1ec41bd34ab4224bda9961556c1f85a98d5,train,20260703,mnist-sampling-v1,52873,gold_candidate,develop_policy
train_00980,mnist,4,4,data/images/mnist-classification/source-datasets/mnist/4/f52909.png,f52909.png,png,b87325ae9e91c9d50fe564783cbe0376b2662196fa5851c441024b7da0756543,train,20260703,mnist-sampling-v1,52909,gold_candidate,develop_policy
train_00981,mnist,4,4,data/images/mnist-classification/source-datasets/mnist/4/f53130.png,f53130.png,png,86933f32c04618679c4c948a36b8d99570ea2330814c0bc94fa7590bd1590eb7,train,20260703,mnist-sampling-v1,53130,gold_candidate,develop_policy
train_00982,mnist,4,4,data/images/mnist-classification/source-datasets/mnist/4/f53249.png,f53249.png,png,aae9f5a506780c9e5d381348248ef7bb77500969a4ec675db66b4ef49ec27f28,train,20260703,mnist-sampling-v1,53249,gold_candidate,develop_policy
train_00983,mnist,4,4,data/images/mnist-classification/source-datasets/mnist/4/f53327.png,f53327.png,png,c5eaece694acdc12d54f3a7c3da51091434262c0d6c44e6c9b2aff202fbeee79,train,20260703,mnist-sampling-v1,53327,gold_candidate,develop_policy
train_00984,mnist,4,4,data/images/mnist-classification/source-datasets/mnist/4/f53613.png,f53613.png,png,f5fe3384b42afad6dac3323d4455ff6db2de4b4f1281a3de398bd12c49aa3b44,train,20260703,mnist-sampling-v1,53613,gold_candidate,develop_policy
train_00985,mnist,4,4,data/images/mnist-classification/source-datasets/mnist/4/f53674.png,f53674.png,png,92dc3c4e933cc598c41e4d05cc27c47fb8c44cd02c64f6e2391b7ea5b4f796ce,train,20260703,mnist-sampling-v1,53674,gold_candidate,develop_policy
train_00986,mnist,4,4,data/images/mnist-classification/source-datasets/mnist/4/f54419.png,f54419.png,png,4380d291c673dab82e85190034072690450f7fb883504717bcc8230f06915bda,train,20260703,mnist-sampling-v1,54419,gold_candidate,develop_policy
train_00987,mnist,4,4,data/images/mnist-classification/source-datasets/mnist/4/f54452.png,f54452.png,png,24fc95f8bf1f21aa4e41d76bf9b4513a4596868aad657adf4c96631abe5ecc5a,train,20260703,mnist-sampling-v1,54452,gold_candidate,develop_policy
train_00988,mnist,4,4,data/images/mnist-classification/source-datasets/mnist/4/f54991.png,f54991.png,png,e582f4a4a3e6d35cabe01cc0c040e81fd48a13f1bf16ec088fa7369bda95e27b,train,20260703,mnist-sampling-v1,54991,gold_candidate,develop_policy
train_00989,mnist,4,4,data/images/mnist-classification/source-datasets/mnist/4/f55025.png,f55025.png,png,38cdc4be69177925fe96216d3c9905a61a46c415dc3bfeebb2db99cf9dc64114,train,20260703,mnist-sampling-v1,55025,gold_candidate,develop_policy
train_00990,mnist,4,4,data/images/mnist-classification/source-datasets/mnist/4/f55109.png,f55109.png,png,4fd41345485fc4206d9f1142450325c3011708d3482feea2e65e5bee609034a2,train,20260703,mnist-sampling-v1,55109,gold_candidate,develop_policy
train_00991,mnist,4,4,data/images/mnist-classification/source-datasets/mnist/4/f55124.png,f55124.png,png,326a1d810695bb26ff5acf5caa54eb9ecd6286ffe2906b9277eb5217e07111b9,train,20260703,mnist-sampling-v1,55124,gold_candidate,develop_policy
train_00992,mnist,4,4,data/images/mnist-classification/source-datasets/mnist/4/f55136.png,f55136.png,png,b32718fc25d8b7bd013a0df94f3c85d341f3787407304c216cf98b2e73e64ad4,train,20260703,mnist-sampling-v1,55136,gold_candidate,develop_policy
train_00993,mnist,4,4,data/images/mnist-classification/source-datasets/mnist/4/f57011.png,f57011.png,png,da1d333bd72a58b1eda2901d5450343de119623941f5364a50e39a7365e7275a,train,20260703,mnist-sampling-v1,57011,gold_candidate,develop_policy
train_00994,mnist,4,4,data/images/mnist-classification/source-datasets/mnist/4/f57035.png,f57035.png,png,529d816765590fe41db379f555ced81b325e0ec19a2ffab0996df87b460323b2,train,20260703,mnist-sampling-v1,57035,gold_candidate,develop_policy
train_00995,mnist,4,4,data/images/mnist-classification/source-datasets/mnist/4/f57102.png,f57102.png,png,ef35ab457ab9359401fe6ad8cc3285ebe735c3bd40e8712444c0291a9f92ddd3,train,20260703,mnist-sampling-v1,57102,gold_candidate,develop_policy
train_00996,mnist,4,4,data/images/mnist-classification/source-datasets/mnist/4/f57184.png,f57184.png,png,d208763f086078ecd73025f650b3d3891f0f794adea92400fe532b04d96fbb66,train,20260703,mnist-sampling-v1,57184,gold_candidate,develop_policy
train_00997,mnist,4,4,data/images/mnist-classification/source-datasets/mnist/4/f58047.png,f58047.png,png,fc3e83378876f07f6e34063825816b81decb6561b19dca34f614b5f764bc29f1,train,20260703,mnist-sampling-v1,58047,gold_candidate,develop_policy
train_00998,mnist,4,4,data/images/mnist-classification/source-datasets/mnist/4/f58463.png,f58463.png,png,a988d63fe70eda2838806c93ee761b20f0c8ebe2aa8927abe88060935dd042b1,train,20260703,mnist-sampling-v1,58463,gold_candidate,develop_policy
train_00999,mnist,4,4,data/images/mnist-classification/source-datasets/mnist/4/f59185.png,f59185.png,png,e7883bcedf9c9e979177a31b1b4f4d6f5be088dcc0664ed4fe08c4fc56dc912a,train,20260703,mnist-sampling-v1,59185,gold_candidate,develop_policy
train_01000,mnist,4,4,data/images/mnist-classification/source-datasets/mnist/4/f59657.png,f59657.png,png,0703f68c3b994d4c9cc933ec791f49c4de5b634df69d5899024706441cd3fb8c,train,20260703,mnist-sampling-v1,59657,gold_candidate,develop_policy
train_01001,mnist,5,5,data/images/mnist-classification/source-datasets/mnist/5/f335.png,f335.png,png,27ed3328cd696366d6ac09aae877b5553cd3f6de0d9835832203c9e1749d833a,train,20260703,mnist-sampling-v1,335,gold_candidate,develop_policy
train_01002,mnist,5,5,data/images/mnist-classification/source-datasets/mnist/5/f523.png,f523.png,png,28c1b1d537c5a9c44f44a6a18973a63896e1576b7f12829a338a6d64faccf792,train,20260703,mnist-sampling-v1,523,gold_candidate,develop_policy
train_01003,mnist,5,5,data/images/mnist-classification/source-datasets/mnist/5/f653.png,f653.png,png,022b98e5b4114850555381995f7abd167c9579e4cc68370df47047c06c59266a,train,20260703,mnist-sampling-v1,653,gold_candidate,develop_policy
train_01004,mnist,5,5,data/images/mnist-classification/source-datasets/mnist/5/f1481.png,f1481.png,png,149be6da9be6023c9393b69fa4dcb636e93761af16c86ff1e0c43259c262a669,train,20260703,mnist-sampling-v1,1481,gold_candidate,develop_policy
train_01005,mnist,5,5,data/images/mnist-classification/source-datasets/mnist/5/f1509.png,f1509.png,png,c43153410ec8b7aea9301a5012f1a3a0fe8afdf0eb37082dc9d0f4fdc8231922,train,20260703,mnist-sampling-v1,1509,gold_candidate,develop_policy
train_01006,mnist,5,5,data/images/mnist-classification/source-datasets/mnist/5/f2363.png,f2363.png,png,d7106910c4e6eadb171139c5b779d09cbf4fea3dca09ce01e96fc1d1e427f32c,train,20260703,mnist-sampling-v1,2363,gold_candidate,develop_policy
train_01007,mnist,5,5,data/images/mnist-classification/source-datasets/mnist/5/f2605.png,f2605.png,png,a43815fbe15646e0d089fb59d53bdaf71b3661941da58dc3ad5d3e79e3387a96,train,20260703,mnist-sampling-v1,2605,gold_candidate,develop_policy
train_01008,mnist,5,5,data/images/mnist-classification/source-datasets/mnist/5/f2744.png,f2744.png,png,12f8c904c2ded5c0a5004682658811157e450b808385280d30c00a8be757b4e3,train,20260703,mnist-sampling-v1,2744,gold_candidate,develop_policy
train_01009,mnist,5,5,data/images/mnist-classification/source-datasets/mnist/5/f3085.png,f3085.png,png,47b7de294121430700cfdf9929f3129d5c15e6d9739820dee685c6438be87804,train,20260703,mnist-sampling-v1,3085,gold_candidate,develop_policy
train_01010,mnist,5,5,data/images/mnist-classification/source-datasets/mnist/5/f3137.png,f3137.png,png,31385b8d5404b889fb4736441d04501804e280647dee3595dffe7a4509a865a3,train,20260703,mnist-sampling-v1,3137,gold_candidate,develop_policy
train_01011,mnist,5,5,data/images/mnist-classification/source-datasets/mnist/5/f4443.png,f4443.png,png,695d0ae382b3223f66a7c5bfdfdb86c10229927b866cc87f4046983280b2c4c7,train,20260703,mnist-sampling-v1,4443,gold_candidate,develop_policy
train_01012,mnist,5,5,data/images/mnist-classification/source-datasets/mnist/5/f4695.png,f4695.png,png,e4d900d669ce8815adce105ead62149f6bacfe0990167f33867e96c6a2be91e8,train,20260703,mnist-sampling-v1,4695,gold_candidate,develop_policy
train_01013,mnist,5,5,data/images/mnist-classification/source-datasets/mnist/5/f6200.png,f6200.png,png,086f29620920705f4cc6c7d324080689375d6beffdf15180cbe76bae64ca8a9b,train,20260703,mnist-sampling-v1,6200,gold_candidate,develop_policy
train_01014,mnist,5,5,data/images/mnist-classification/source-datasets/mnist/5/f6305.png,f6305.png,png,8f019a141b6859b26d72dc39700fde9753f62fa974adabb8540c4ecb1aad9e6f,train,20260703,mnist-sampling-v1,6305,gold_candidate,develop_policy
train_01015,mnist,5,5,data/images/mnist-classification/source-datasets/mnist/5/f6451.png,f6451.png,png,2e33b7a98831dc3f130fc32a8c88e53fb814833f3399fbefbf46f3b58f9bb8c1,train,20260703,mnist-sampling-v1,6451,gold_candidate,develop_policy
train_01016,mnist,5,5,data/images/mnist-classification/source-datasets/mnist/5/f6776.png,f6776.png,png,37b769a2e6eef5f0b89ddf5cb89337ed45f08f339915ed39703d6ce8eaa21cff,train,20260703,mnist-sampling-v1,6776,gold_candidate,develop_policy
train_01017,mnist,5,5,data/images/mnist-classification/source-datasets/mnist/5/f7377.png,f7377.png,png,b88e80647d637735d6f4b4d9f27c410db376fdfeb10e37d2c8e9ea6918151997,train,20260703,mnist-sampling-v1,7377,gold_candidate,develop_policy
train_01018,mnist,5,5,data/images/mnist-classification/source-datasets/mnist/5/f7419.png,f7419.png,png,7c65add23de9658a09534d4a57b21d84dcc12dcc7b6ad4710298788b11cda492,train,20260703,mnist-sampling-v1,7419,gold_candidate,develop_policy
train_01019,mnist,5,5,data/images/mnist-classification/source-datasets/mnist/5/f7449.png,f7449.png,png,04828674f7dc7143f3ffd1d8f1afa93e3da889742cc61eb2e915189b0fec813c,train,20260703,mnist-sampling-v1,7449,gold_candidate,develop_policy
train_01020,mnist,5,5,data/images/mnist-classification/source-datasets/mnist/5/f7902.png,f7902.png,png,d4d9306d6c26adfe75e18bee76b98382caf10ee4959f65b74ee8fc56c6249d5a,train,20260703,mnist-sampling-v1,7902,gold_candidate,develop_policy
train_01021,mnist,5,5,data/images/mnist-classification/source-datasets/mnist/5/f7988.png,f7988.png,png,8dd58387b27798760c4d90494451c013f8834d9e0a830fc3f0c2b1c35e73d2c6,train,20260703,mnist-sampling-v1,7988,gold_candidate,develop_policy
train_01022,mnist,5,5,data/images/mnist-classification/source-datasets/mnist/5/f8339.png,f8339.png,png,3c55fa68467f9c886f484decd51748f5d02c6d7f47311768590f5159a0026a63,train,20260703,mnist-sampling-v1,8339,gold_candidate,develop_policy
train_01023,mnist,5,5,data/images/mnist-classification/source-datasets/mnist/5/f9009.png,f9009.png,png,ca7b503978db525e77de3bf7880eb42ffac824605acab782ca2b6e2fe5b45478,train,20260703,mnist-sampling-v1,9009,gold_candidate,develop_policy
train_01024,mnist,5,5,data/images/mnist-classification/source-datasets/mnist/5/f9073.png,f9073.png,png,9a2d59cca73913e67b8c846d63f4eeeb1cd8340f91e0db96ea9079c725972771,train,20260703,mnist-sampling-v1,9073,gold_candidate,develop_policy
train_01025,mnist,5,5,data/images/mnist-classification/source-datasets/mnist/5/f9344.png,f9344.png,png,76fe9b780fc2bf40b60b88950aeee19b9a6ac390f1cbd83e469cda0428f045da,train,20260703,mnist-sampling-v1,9344,gold_candidate,develop_policy
train_01026,mnist,5,5,data/images/mnist-classification/source-datasets/mnist/5/f9376.png,f9376.png,png,75a429965550dd692b03be3aafd2f99a40e00085fd24ae729ebef93ea7697d81,train,20260703,mnist-sampling-v1,9376,gold_candidate,develop_policy
train_01027,mnist,5,5,data/images/mnist-classification/source-datasets/mnist/5/f9381.png,f9381.png,png,1e1151ae9f8406fce4554ed28e48109a4d06955754907b92eea5f374f940af52,train,20260703,mnist-sampling-v1,9381,gold_candidate,develop_policy
train_01028,mnist,5,5,data/images/mnist-classification/source-datasets/mnist/5/f10353.png,f10353.png,png,4e082c5ab8753d85e2d7ed57f84ded99c931d5e4e803ddb8d44ac873c10dd11b,train,20260703,mnist-sampling-v1,10353,gold_candidate,develop_policy
train_01029,mnist,5,5,data/images/mnist-classification/source-datasets/mnist/5/f10400.png,f10400.png,png,6f7c68db5c3535fa1123d99a135c80760418f9c51909f54b007dcd695ca39f5a,train,20260703,mnist-sampling-v1,10400,gold_candidate,develop_policy
train_01030,mnist,5,5,data/images/mnist-classification/source-datasets/mnist/5/f11064.png,f11064.png,png,73f1f07b48b28528c1afee017c255d37f499cf5e83abf7646bd5d0d188f179c3,train,20260703,mnist-sampling-v1,11064,gold_candidate,develop_policy
train_01031,mnist,5,5,data/images/mnist-classification/source-datasets/mnist/5/f11238.png,f11238.png,png,a7c58c95e19ec0c50eb143bbcc20d5558a810e2a2189a470690a2c1617976060,train,20260703,mnist-sampling-v1,11238,gold_candidate,develop_policy
train_01032,mnist,5,5,data/images/mnist-classification/source-datasets/mnist/5/f11356.png,f11356.png,png,e8394255f7f52cacf072463bdd28a99183fa10ce2f8b99f5e3fee210848fe8bc,train,20260703,mnist-sampling-v1,11356,gold_candidate,develop_policy
train_01033,mnist,5,5,data/images/mnist-classification/source-datasets/mnist/5/f12358.png,f12358.png,png,e32b711e009bfbb8c5e67cecc4a33454b3c6db18966304b8c552d959c15a04cd,train,20260703,mnist-sampling-v1,12358,gold_candidate,develop_policy
train_01034,mnist,5,5,data/images/mnist-classification/source-datasets/mnist/5/f12800.png,f12800.png,png,bd1913e915bf773a56276b6ff32c7b5d7d155fbbcbc05c2ba859d835e2bd9f99,train,20260703,mnist-sampling-v1,12800,gold_candidate,develop_policy
train_01035,mnist,5,5,data/images/mnist-classification/source-datasets/mnist/5/f13253.png,f13253.png,png,8205d91aa091d022c25f3facac1b36260995309e41fda29affdbfec185983eca,train,20260703,mnist-sampling-v1,13253,gold_candidate,develop_policy
train_01036,mnist,5,5,data/images/mnist-classification/source-datasets/mnist/5/f13276.png,f13276.png,png,1035a1af2f53198606376ca571be005aa919a0ece27b99ad3f9080a53cb4651f,train,20260703,mnist-sampling-v1,13276,gold_candidate,develop_policy
train_01037,mnist,5,5,data/images/mnist-classification/source-datasets/mnist/5/f13324.png,f13324.png,png,83d43a5ddc9c1e0dee58535c446f9266fabea515b31d6ae209502fc1a691d205,train,20260703,mnist-sampling-v1,13324,gold_candidate,develop_policy
train_01038,mnist,5,5,data/images/mnist-classification/source-datasets/mnist/5/f14471.png,f14471.png,png,e86e5feb837d4abbc371cfc9d074db2ee3e4beb1a52c5fc76e42586e80a2097d,train,20260703,mnist-sampling-v1,14471,gold_candidate,develop_policy
train_01039,mnist,5,5,data/images/mnist-classification/source-datasets/mnist/5/f14534.png,f14534.png,png,03b0486b09612c277005137b77a3af76ed33d5445088d27ad333e90cade451a3,train,20260703,mnist-sampling-v1,14534,gold_candidate,develop_policy
train_01040,mnist,5,5,data/images/mnist-classification/source-datasets/mnist/5/f14562.png,f14562.png,png,e8995aa1f29d6e10014d089fc1318e1dfb2626f6a0b72ef0a41b339a387a437f,train,20260703,mnist-sampling-v1,14562,gold_candidate,develop_policy
train_01041,mnist,5,5,data/images/mnist-classification/source-datasets/mnist/5/f14628.png,f14628.png,png,ce6266ffb428ec59da0a59022661f1d9e1313ff197f3cc31a71bc8cb11102aed,train,20260703,mnist-sampling-v1,14628,gold_candidate,develop_policy
train_01042,mnist,5,5,data/images/mnist-classification/source-datasets/mnist/5/f14672.png,f14672.png,png,c7eda34a6c45125ae1a2751d3216bae44c58dd5156fae3c6d7b5e98af5e7f1a4,train,20260703,mnist-sampling-v1,14672,gold_candidate,develop_policy
train_01043,mnist,5,5,data/images/mnist-classification/source-datasets/mnist/5/f14918.png,f14918.png,png,3ef0a146d322d3008ecb49d51be26116401e8219a5b52e4b8ca45772c7a8be34,train,20260703,mnist-sampling-v1,14918,gold_candidate,develop_policy
train_01044,mnist,5,5,data/images/mnist-classification/source-datasets/mnist/5/f14979.png,f14979.png,png,77f727baf803b94c3672c5b0b2505ccbacdd6a1f07f168ffd9894d2fbf066598,train,20260703,mnist-sampling-v1,14979,gold_candidate,develop_policy
train_01045,mnist,5,5,data/images/mnist-classification/source-datasets/mnist/5/f15197.png,f15197.png,png,17a4e3a40dca08c8b178d85c5d4f402be0db6b7eb1f19ac7a21b9e8f250c0f31,train,20260703,mnist-sampling-v1,15197,gold_candidate,develop_policy
train_01046,mnist,5,5,data/images/mnist-classification/source-datasets/mnist/5/f15528.png,f15528.png,png,8736dabdfc14e8280400f74b9afe55592bbb25ef7cc0745c25653b1a8b390655,train,20260703,mnist-sampling-v1,15528,gold_candidate,develop_policy
train_01047,mnist,5,5,data/images/mnist-classification/source-datasets/mnist/5/f15676.png,f15676.png,png,d49311923be93e50cb86c580da0c9602ac51ef418959c4788526262fb7809516,train,20260703,mnist-sampling-v1,15676,gold_candidate,develop_policy
train_01048,mnist,5,5,data/images/mnist-classification/source-datasets/mnist/5/f15810.png,f15810.png,png,6a5401515e9a7756f7b7937cdff13cdbd3bfd79b78fc42a4ce3347c68113f023,train,20260703,mnist-sampling-v1,15810,gold_candidate,develop_policy
train_01049,mnist,5,5,data/images/mnist-classification/source-datasets/mnist/5/f15949.png,f15949.png,png,2313ec7694017c1d2e97b28a91ff8d00b379040f56a9d791cb5c731e47252389,train,20260703,mnist-sampling-v1,15949,gold_candidate,develop_policy
train_01050,mnist,5,5,data/images/mnist-classification/source-datasets/mnist/5/f16384.png,f16384.png,png,b9dae4a394feadf6f6eb0fa74794360bf947f200e2f68d5360a390ff6545d862,train,20260703,mnist-sampling-v1,16384,gold_candidate,develop_policy
train_01051,mnist,5,5,data/images/mnist-classification/source-datasets/mnist/5/f16646.png,f16646.png,png,e57edea6c9eda3c2aa10169c8175a83e8eab0c1557c2224c472eac434c6c9292,train,20260703,mnist-sampling-v1,16646,gold_candidate,develop_policy
train_01052,mnist,5,5,data/images/mnist-classification/source-datasets/mnist/5/f16655.png,f16655.png,png,ec2464e622f297dfdd59bdda54b16f6c8717d85395e0066afa0e96ff9758e561,train,20260703,mnist-sampling-v1,16655,gold_candidate,develop_policy
train_01053,mnist,5,5,data/images/mnist-classification/source-datasets/mnist/5/f17631.png,f17631.png,png,7275b2c59798bb521b9122cc05d20dba76a0b3f7f9b9d4864cb0e5cfee7849e2,train,20260703,mnist-sampling-v1,17631,gold_candidate,develop_policy
train_01054,mnist,5,5,data/images/mnist-classification/source-datasets/mnist/5/f18440.png,f18440.png,png,ab7117845fd549e428784d4fd4c9b2899d47d7b3cc0387ddc8fd43f00b519e2b,train,20260703,mnist-sampling-v1,18440,gold_candidate,develop_policy
train_01055,mnist,5,5,data/images/mnist-classification/source-datasets/mnist/5/f18749.png,f18749.png,png,691a808e10046ea26e47cb6d7d82935a6509ff06911ea076d2de7396f1e2bc14,train,20260703,mnist-sampling-v1,18749,gold_candidate,develop_policy
train_01056,mnist,5,5,data/images/mnist-classification/source-datasets/mnist/5/f19020.png,f19020.png,png,f77e732b0587571a11ca74fa3d1d382d2a6353558a42630bca681b3582251001,train,20260703,mnist-sampling-v1,19020,gold_candidate,develop_policy
train_01057,mnist,5,5,data/images/mnist-classification/source-datasets/mnist/5/f19078.png,f19078.png,png,0c023dc7766d998faa8217864a3b01a74973d836a984912def9f44c550b5082d,train,20260703,mnist-sampling-v1,19078,gold_candidate,develop_policy
train_01058,mnist,5,5,data/images/mnist-classification/source-datasets/mnist/5/f19175.png,f19175.png,png,97d20562bb2f3799406c72c051670499e0714aef8c6a1adfb428b379d8f94acc,train,20260703,mnist-sampling-v1,19175,gold_candidate,develop_policy
train_01059,mnist,5,5,data/images/mnist-classification/source-datasets/mnist/5/f20093.png,f20093.png,png,eb4656ea64d1d1f5a7c82ebaaa8c9fc71687abab4cb5b949368351c5e9841210,train,20260703,mnist-sampling-v1,20093,gold_candidate,develop_policy
train_01060,mnist,5,5,data/images/mnist-classification/source-datasets/mnist/5/f20190.png,f20190.png,png,cb3e0132eaf5630358d467c96a0ca2c90e41ebea22a1861c06cf346477f896c9,train,20260703,mnist-sampling-v1,20190,gold_candidate,develop_policy
train_01061,mnist,5,5,data/images/mnist-classification/source-datasets/mnist/5/f20601.png,f20601.png,png,0bc103c82549e8a5853bf845aa4bc3b918f6346bd4dc7d4bf052427cbb9fb5f0,train,20260703,mnist-sampling-v1,20601,gold_candidate,develop_policy
train_01062,mnist,5,5,data/images/mnist-classification/source-datasets/mnist/5/f20784.png,f20784.png,png,85d5f5120183df00fd1b1691b68d03af24d8f9756b574094668a302f23477fe6,train,20260703,mnist-sampling-v1,20784,gold_candidate,develop_policy
train_01063,mnist,5,5,data/images/mnist-classification/source-datasets/mnist/5/f20799.png,f20799.png,png,a183de630b253a7238ef1b63e8d31628b7e1558e7547a07576c90c3db05e8a72,train,20260703,mnist-sampling-v1,20799,gold_candidate,develop_policy
train_01064,mnist,5,5,data/images/mnist-classification/source-datasets/mnist/5/f21397.png,f21397.png,png,f5eab3c48a5421e1b3b66656385927094d1501425c75b273106422ed1e2a5d5b,train,20260703,mnist-sampling-v1,21397,gold_candidate,develop_policy
train_01065,mnist,5,5,data/images/mnist-classification/source-datasets/mnist/5/f21661.png,f21661.png,png,431599ea6c7d66f3302bc88e8561ad0d51c58b5f7f04b1abe0c1a47e981a736f,train,20260703,mnist-sampling-v1,21661,gold_candidate,develop_policy
train_01066,mnist,5,5,data/images/mnist-classification/source-datasets/mnist/5/f21919.png,f21919.png,png,9e8e4ca55c4f973718fafd2e229732143423abab4f1886f470ade761707b819a,train,20260703,mnist-sampling-v1,21919,gold_candidate,develop_policy
train_01067,mnist,5,5,data/images/mnist-classification/source-datasets/mnist/5/f22205.png,f22205.png,png,b5fbf8bf95ebe75f26ad42d6b64332e4682b92284e23e75cd12d3bcf093454ca,train,20260703,mnist-sampling-v1,22205,gold_candidate,develop_policy
train_01068,mnist,5,5,data/images/mnist-classification/source-datasets/mnist/5/f22211.png,f22211.png,png,cd5135a6f8e4a40d59ea8fe1719e804e4485f2197a4c17ffa2406ac6be9032cf,train,20260703,mnist-sampling-v1,22211,gold_candidate,develop_policy
train_01069,mnist,5,5,data/images/mnist-classification/source-datasets/mnist/5/f23189.png,f23189.png,png,3c7647db47932132055c4328c3253be4cedf06bd3b8ee5c8e1deada309680a42,train,20260703,mnist-sampling-v1,23189,gold_candidate,develop_policy
train_01070,mnist,5,5,data/images/mnist-classification/source-datasets/mnist/5/f23438.png,f23438.png,png,e7b78c29a7b30ff31a2565bf78c04aaeb6f420d11259eafc69599673c4c01b29,train,20260703,mnist-sampling-v1,23438,gold_candidate,develop_policy
train_01071,mnist,5,5,data/images/mnist-classification/source-datasets/mnist/5/f23947.png,f23947.png,png,e8da3f315aa3f286005dbf26f2b73bb24aa939700867102a60ec7ab60846ed3c,train,20260703,mnist-sampling-v1,23947,gold_candidate,develop_policy
train_01072,mnist,5,5,data/images/mnist-classification/source-datasets/mnist/5/f24166.png,f24166.png,png,d78d7b41208681b0b63619c14ee4d8aacb9d75c60a3febab52e0bc8970ae926c,train,20260703,mnist-sampling-v1,24166,gold_candidate,develop_policy
train_01073,mnist,5,5,data/images/mnist-classification/source-datasets/mnist/5/f25359.png,f25359.png,png,752a3a341e9241a765b0cfad51706f62ae8464b3fede9aeeb73a21b060c78cc3,train,20260703,mnist-sampling-v1,25359,gold_candidate,develop_policy
train_01074,mnist,5,5,data/images/mnist-classification/source-datasets/mnist/5/f26094.png,f26094.png,png,fe2e1e0370838d324441e2a4c079bb1005d1e276a01111025cfec92af14d7f18,train,20260703,mnist-sampling-v1,26094,gold_candidate,develop_policy
train_01075,mnist,5,5,data/images/mnist-classification/source-datasets/mnist/5/f26195.png,f26195.png,png,00027a41f7a4aa2f2882b2795cada05c49c027276f5c106b11ef7eac3898f1bf,train,20260703,mnist-sampling-v1,26195,gold_candidate,develop_policy
train_01076,mnist,5,5,data/images/mnist-classification/source-datasets/mnist/5/f26236.png,f26236.png,png,6e0f364fff433340efb1e2d07493b215c0c209df86ca1a8e35a9d558bb061046,train,20260703,mnist-sampling-v1,26236,gold_candidate,develop_policy
train_01077,mnist,5,5,data/images/mnist-classification/source-datasets/mnist/5/f26926.png,f26926.png,png,d41841a66e45b43e705a7c47cabbfe8dbcfbd21ce2e89716c40c5e4d0e401729,train,20260703,mnist-sampling-v1,26926,gold_candidate,develop_policy
train_01078,mnist,5,5,data/images/mnist-classification/source-datasets/mnist/5/f27065.png,f27065.png,png,4a8c214026821b51031a27208892f94bc71a18c19d234928e16cc093f52d39ab,train,20260703,mnist-sampling-v1,27065,gold_candidate,develop_policy
train_01079,mnist,5,5,data/images/mnist-classification/source-datasets/mnist/5/f27416.png,f27416.png,png,4ede4e76ac698eafb3db7a659e9a9f10ac7e63ce39268c06be22cde4aa864525,train,20260703,mnist-sampling-v1,27416,gold_candidate,develop_policy
train_01080,mnist,5,5,data/images/mnist-classification/source-datasets/mnist/5/f27648.png,f27648.png,png,c92c08165ee3774398446a2c903f29fceffb6340dd50bec37f33caa4d31d8ebe,train,20260703,mnist-sampling-v1,27648,gold_candidate,develop_policy
train_01081,mnist,5,5,data/images/mnist-classification/source-datasets/mnist/5/f27760.png,f27760.png,png,b301c6c05294fbed713d83c738fe9c1e493ae926fb29787837d04a9f01f6bbc6,train,20260703,mnist-sampling-v1,27760,gold_candidate,develop_policy
train_01082,mnist,5,5,data/images/mnist-classification/source-datasets/mnist/5/f27813.png,f27813.png,png,22ab842ff1d441c884000c5de2797b30b38133693abad1e284feb2653bc2284d,train,20260703,mnist-sampling-v1,27813,gold_candidate,develop_policy
train_01083,mnist,5,5,data/images/mnist-classification/source-datasets/mnist/5/f27996.png,f27996.png,png,b8d6f827d8e8d753b6a78d8861037612bb43b19b037410d6474fb5a4df134427,train,20260703,mnist-sampling-v1,27996,gold_candidate,develop_policy
train_01084,mnist,5,5,data/images/mnist-classification/source-datasets/mnist/5/f28040.png,f28040.png,png,86d459f913447dcc0c23b04368a99454bd4dae90c8ff91a74d72e7096b246b1f,train,20260703,mnist-sampling-v1,28040,gold_candidate,develop_policy
train_01085,mnist,5,5,data/images/mnist-classification/source-datasets/mnist/5/f28097.png,f28097.png,png,b559f1b760f6117f064a550e7acaeb950d4b88b98bdd7c914503ddd0a9c1c865,train,20260703,mnist-sampling-v1,28097,gold_candidate,develop_policy
train_01086,mnist,5,5,data/images/mnist-classification/source-datasets/mnist/5/f28717.png,f28717.png,png,e965780786573e826d28108187825d80e440f37c56e63b5f2a92b9f0d64df61e,train,20260703,mnist-sampling-v1,28717,gold_candidate,develop_policy
train_01087,mnist,5,5,data/images/mnist-classification/source-datasets/mnist/5/f29473.png,f29473.png,png,b1945aae93aa75f44c944e36ec29236b945b474c54bb2f279ca0e647a4089b3c,train,20260703,mnist-sampling-v1,29473,gold_candidate,develop_policy
train_01088,mnist,5,5,data/images/mnist-classification/source-datasets/mnist/5/f29555.png,f29555.png,png,2a49f481f2d39d8dcb2bc8ff126d5fc7fe4ab15ab4f434640b440071fc21ed7d,train,20260703,mnist-sampling-v1,29555,gold_candidate,develop_policy
train_01089,mnist,5,5,data/images/mnist-classification/source-datasets/mnist/5/f30046.png,f30046.png,png,7fbeae8941b915bc8add3f5739e54b8f45277fe284a2ffdf6f517fffd1d0c1c9,train,20260703,mnist-sampling-v1,30046,gold_candidate,develop_policy
train_01090,mnist,5,5,data/images/mnist-classification/source-datasets/mnist/5/f30615.png,f30615.png,png,a6958381086a2d301d4216554d4240e3d77e7d404ffe64d7e5ccc8d9b10c9de0,train,20260703,mnist-sampling-v1,30615,gold_candidate,develop_policy
train_01091,mnist,5,5,data/images/mnist-classification/source-datasets/mnist/5/f30858.png,f30858.png,png,713c11a1f269b35fb11193f9e62f538620004eba1c716581ef7feec7ffc550e7,train,20260703,mnist-sampling-v1,30858,gold_candidate,develop_policy
train_01092,mnist,5,5,data/images/mnist-classification/source-datasets/mnist/5/f30983.png,f30983.png,png,23cc5070f72c5441e6a31e33411607c18b19f26cbc921a1573c74d6445a0fdeb,train,20260703,mnist-sampling-v1,30983,gold_candidate,develop_policy
train_01093,mnist,5,5,data/images/mnist-classification/source-datasets/mnist/5/f31214.png,f31214.png,png,38163216033a00e8be2cfa1c005c5204549fb9ad019a82a16bb6bae9a6913179,train,20260703,mnist-sampling-v1,31214,gold_candidate,develop_policy
train_01094,mnist,5,5,data/images/mnist-classification/source-datasets/mnist/5/f31266.png,f31266.png,png,9eb09b8b42b2fe192a6fa6c0f81088c396b77e82a9825a9c95cf8f929c95663f,train,20260703,mnist-sampling-v1,31266,gold_candidate,develop_policy
train_01095,mnist,5,5,data/images/mnist-classification/source-datasets/mnist/5/f31301.png,f31301.png,png,f337125b6d856632822a9ae146228259354e40bd00b302819b3120e7b9d93c6b,train,20260703,mnist-sampling-v1,31301,gold_candidate,develop_policy
train_01096,mnist,5,5,data/images/mnist-classification/source-datasets/mnist/5/f31821.png,f31821.png,png,5c047eef159a5b9ed992f1b6f29ed5ab42e879363148e03055a3a98ded5d1af1,train,20260703,mnist-sampling-v1,31821,gold_candidate,develop_policy
train_01097,mnist,5,5,data/images/mnist-classification/source-datasets/mnist/5/f31891.png,f31891.png,png,c003bc67727d8494a1e0f7c2dd718ab807b15ed87d6d445a9d40d9122c1ac38f,train,20260703,mnist-sampling-v1,31891,gold_candidate,develop_policy
train_01098,mnist,5,5,data/images/mnist-classification/source-datasets/mnist/5/f31900.png,f31900.png,png,2352c45fe71baa1559f8a0115a774618efb1a06e1431a531142a1ff260267800,train,20260703,mnist-sampling-v1,31900,gold_candidate,develop_policy
train_01099,mnist,5,5,data/images/mnist-classification/source-datasets/mnist/5/f32136.png,f32136.png,png,f2f8befaab821c5a46dd2638c9fbf1e6444806e3bc0111eedd0b76a18016ae2a,train,20260703,mnist-sampling-v1,32136,gold_candidate,develop_policy
train_01100,mnist,5,5,data/images/mnist-classification/source-datasets/mnist/5/f32344.png,f32344.png,png,fbb0ea79bb328373400b7e3cfaf50b52aec5556ee397480cd055ba25c44af335,train,20260703,mnist-sampling-v1,32344,gold_candidate,develop_policy
train_01101,mnist,5,5,data/images/mnist-classification/source-datasets/mnist/5/f32415.png,f32415.png,png,f82463a0211a82d9437de36b74722a5454a457c5226c7aba646014d0408e0aa0,train,20260703,mnist-sampling-v1,32415,gold_candidate,develop_policy
train_01102,mnist,5,5,data/images/mnist-classification/source-datasets/mnist/5/f32750.png,f32750.png,png,ac33a5d1dfca186f3ed6e23b3d3788523192413df3a2971d8ded0ca3f7866532,train,20260703,mnist-sampling-v1,32750,gold_candidate,develop_policy
train_01103,mnist,5,5,data/images/mnist-classification/source-datasets/mnist/5/f32870.png,f32870.png,png,aa1144d9e2bad0cb276bebb78a63d7b33621457a2455c4b3795765189ceed720,train,20260703,mnist-sampling-v1,32870,gold_candidate,develop_policy
train_01104,mnist,5,5,data/images/mnist-classification/source-datasets/mnist/5/f33303.png,f33303.png,png,652b64ea1db32ee9b7cacfb1371af6a2432fc6fa0b768e943fc58685e1bf943e,train,20260703,mnist-sampling-v1,33303,gold_candidate,develop_policy
train_01105,mnist,5,5,data/images/mnist-classification/source-datasets/mnist/5/f33602.png,f33602.png,png,5c93d62ec1af7deacf65a9434a69ea11dc92c73d7138f61a7f672f50b8ee3dc2,train,20260703,mnist-sampling-v1,33602,gold_candidate,develop_policy
train_01106,mnist,5,5,data/images/mnist-classification/source-datasets/mnist/5/f33767.png,f33767.png,png,5e5f13830b09011843cbbcbea3b45bb740f26b42ad694ae4e693bf2b093704cf,train,20260703,mnist-sampling-v1,33767,gold_candidate,develop_policy
train_01107,mnist,5,5,data/images/mnist-classification/source-datasets/mnist/5/f33825.png,f33825.png,png,fd1119e35fe1c845576ac10a4a1fd0d2369849d94fd1dc7b09c0f90ea9d9885f,train,20260703,mnist-sampling-v1,33825,gold_candidate,develop_policy
train_01108,mnist,5,5,data/images/mnist-classification/source-datasets/mnist/5/f33903.png,f33903.png,png,33af4e70108ad0519d766f68fed5352a5b76a7d34eba6ec1dabb1e30ed08470a,train,20260703,mnist-sampling-v1,33903,gold_candidate,develop_policy
train_01109,mnist,5,5,data/images/mnist-classification/source-datasets/mnist/5/f33972.png,f33972.png,png,9227d62b79caf6594496a873e9b755adce37a9b51a10d70719fff02e7fadad73,train,20260703,mnist-sampling-v1,33972,gold_candidate,develop_policy
train_01110,mnist,5,5,data/images/mnist-classification/source-datasets/mnist/5/f34431.png,f34431.png,png,25ed0d3681ed6b30a1d53529845bb42cdcb39f280a1eb2205c14d9f15c6f02b9,train,20260703,mnist-sampling-v1,34431,gold_candidate,develop_policy
train_01111,mnist,5,5,data/images/mnist-classification/source-datasets/mnist/5/f34584.png,f34584.png,png,6096dd90397b9e50e77bea831b435426be8ee4f36af9c707efaef93be46e9710,train,20260703,mnist-sampling-v1,34584,gold_candidate,develop_policy
train_01112,mnist,5,5,data/images/mnist-classification/source-datasets/mnist/5/f34843.png,f34843.png,png,5479afab4434e43d043f18ad31bc6d54af2ce775e589ea8c951dc09d9af5d02e,train,20260703,mnist-sampling-v1,34843,gold_candidate,develop_policy
train_01113,mnist,5,5,data/images/mnist-classification/source-datasets/mnist/5/f35077.png,f35077.png,png,d723736073ff9d653f86f9245cae1a33d9926136735f2522212542b99e2639b5,train,20260703,mnist-sampling-v1,35077,gold_candidate,develop_policy
train_01114,mnist,5,5,data/images/mnist-classification/source-datasets/mnist/5/f35224.png,f35224.png,png,5044fb79187ae7381bd998c3dcde55f143ce93bacb3bbbc5ee5f3f077f9e1761,train,20260703,mnist-sampling-v1,35224,gold_candidate,develop_policy
train_01115,mnist,5,5,data/images/mnist-classification/source-datasets/mnist/5/f35310.png,f35310.png,png,ebdcdb1e6b37f11496e9c413843bb611e6526c7e0ab0fb4fa552c1301ecd9c0b,train,20260703,mnist-sampling-v1,35310,gold_candidate,develop_policy
train_01116,mnist,5,5,data/images/mnist-classification/source-datasets/mnist/5/f36658.png,f36658.png,png,b362ae842ce2dcdae407d52cdb7b6482d6de69e32c7057088e25d0733e200d8b,train,20260703,mnist-sampling-v1,36658,gold_candidate,develop_policy
train_01117,mnist,5,5,data/images/mnist-classification/source-datasets/mnist/5/f36984.png,f36984.png,png,57243c2b193f77b3d6671e06b1e8d6bfcd00e976976334a2dd465f5f9d240663,train,20260703,mnist-sampling-v1,36984,gold_candidate,develop_policy
train_01118,mnist,5,5,data/images/mnist-classification/source-datasets/mnist/5/f37548.png,f37548.png,png,8ed9070593c2df4cc5ce8d0e5aae42c1518b8fa90430de0a303de326b40196a6,train,20260703,mnist-sampling-v1,37548,gold_candidate,develop_policy
train_01119,mnist,5,5,data/images/mnist-classification/source-datasets/mnist/5/f37750.png,f37750.png,png,85c0d94fc2b57fd025026d8dc134170b1799dda60e8cdbf0bcc472a4d9ec273b,train,20260703,mnist-sampling-v1,37750,gold_candidate,develop_policy
train_01120,mnist,5,5,data/images/mnist-classification/source-datasets/mnist/5/f38189.png,f38189.png,png,87ba31eaae6d56a9d771898e061f15e46bcc9686dc1acc6797d7e559a303b5c8,train,20260703,mnist-sampling-v1,38189,gold_candidate,develop_policy
train_01121,mnist,5,5,data/images/mnist-classification/source-datasets/mnist/5/f38459.png,f38459.png,png,d77fc114ba3eb810a815da5da9011e40315af1bc57f0080de843d4b7ba60e701,train,20260703,mnist-sampling-v1,38459,gold_candidate,develop_policy
train_01122,mnist,5,5,data/images/mnist-classification/source-datasets/mnist/5/f39280.png,f39280.png,png,a2e042abade12f9f9b0c6b4aed9df80fae09f9f8f6e6f353b5c87812e46a53f9,train,20260703,mnist-sampling-v1,39280,gold_candidate,develop_policy
train_01123,mnist,5,5,data/images/mnist-classification/source-datasets/mnist/5/f39374.png,f39374.png,png,190d23785b6a108cce1f6bcf3b8d97d54f5a35b3d817b0c50fb1c9acac49ad1b,train,20260703,mnist-sampling-v1,39374,gold_candidate,develop_policy
train_01124,mnist,5,5,data/images/mnist-classification/source-datasets/mnist/5/f39493.png,f39493.png,png,56db9f786fe3c2eb484f98c89476a9071f44303f0316488efcc80ddfb8a1fb25,train,20260703,mnist-sampling-v1,39493,gold_candidate,develop_policy
train_01125,mnist,5,5,data/images/mnist-classification/source-datasets/mnist/5/f39666.png,f39666.png,png,56b08484f2260132e8e606aa7fc0552b29dca9f401b6a0212c45edee72457f45,train,20260703,mnist-sampling-v1,39666,gold_candidate,develop_policy
train_01126,mnist,5,5,data/images/mnist-classification/source-datasets/mnist/5/f39780.png,f39780.png,png,5e1d323d9160a071dbe6d6e87ef5760fcafcfb146ca6d6e419c736b2fd1f7db3,train,20260703,mnist-sampling-v1,39780,gold_candidate,develop_policy
train_01127,mnist,5,5,data/images/mnist-classification/source-datasets/mnist/5/f41140.png,f41140.png,png,7aebd73b8f6c27c8bee303d6e0f7d2d8055dc07589e3cf9c4448cf34786d9d02,train,20260703,mnist-sampling-v1,41140,gold_candidate,develop_policy
train_01128,mnist,5,5,data/images/mnist-classification/source-datasets/mnist/5/f41263.png,f41263.png,png,edb7bb7fa3e37a497b5a4f7c18eb828be4240276bef6901c98ab072376380c02,train,20260703,mnist-sampling-v1,41263,gold_candidate,develop_policy
train_01129,mnist,5,5,data/images/mnist-classification/source-datasets/mnist/5/f41628.png,f41628.png,png,2f81fd85707216c58c38aa91f2ccc6b642b9aaf7f77248277537b6bf406fabfa,train,20260703,mnist-sampling-v1,41628,gold_candidate,develop_policy
train_01130,mnist,5,5,data/images/mnist-classification/source-datasets/mnist/5/f41674.png,f41674.png,png,d1f2d1c63a0daedd7a8afc2d3566989dcace5bdd61851ce0309bdcfb0d31a1f0,train,20260703,mnist-sampling-v1,41674,gold_candidate,develop_policy
train_01131,mnist,5,5,data/images/mnist-classification/source-datasets/mnist/5/f41786.png,f41786.png,png,a1df2af81130fcab73db2e3cda9e99c412c840200d4cae29447e0aec537aab62,train,20260703,mnist-sampling-v1,41786,gold_candidate,develop_policy
train_01132,mnist,5,5,data/images/mnist-classification/source-datasets/mnist/5/f42428.png,f42428.png,png,eef720b160d0e5ffbc54469aefe137fe53dc9524fa2b055740183126fd7ffcbf,train,20260703,mnist-sampling-v1,42428,gold_candidate,develop_policy
train_01133,mnist,5,5,data/images/mnist-classification/source-datasets/mnist/5/f42560.png,f42560.png,png,569a03501baa75d9b750e592009033c97a9002d9b783ac8e88eb482148f01b0a,train,20260703,mnist-sampling-v1,42560,gold_candidate,develop_policy
train_01134,mnist,5,5,data/images/mnist-classification/source-datasets/mnist/5/f42609.png,f42609.png,png,3b74a81668f7abf947169d19a2a3c0b7362f468705b96ad52ca9b44196e6088b,train,20260703,mnist-sampling-v1,42609,gold_candidate,develop_policy
train_01135,mnist,5,5,data/images/mnist-classification/source-datasets/mnist/5/f43159.png,f43159.png,png,f040f80d0f15740a7cebcda34839a3da61adab51cae058005512d34c835e9917,train,20260703,mnist-sampling-v1,43159,gold_candidate,develop_policy
train_01136,mnist,5,5,data/images/mnist-classification/source-datasets/mnist/5/f43308.png,f43308.png,png,76616faf87991b2d5c4a62fe1b0e83e47439d2e2dfa85fe8d3d0d18d4ae9166e,train,20260703,mnist-sampling-v1,43308,gold_candidate,develop_policy
train_01137,mnist,5,5,data/images/mnist-classification/source-datasets/mnist/5/f43328.png,f43328.png,png,1be7d1fb0f42907e5f13b7a054f936b6a596a13c755ac4bf8bf67ac3987bc599,train,20260703,mnist-sampling-v1,43328,gold_candidate,develop_policy
train_01138,mnist,5,5,data/images/mnist-classification/source-datasets/mnist/5/f43733.png,f43733.png,png,18ceede99c9dd10649926588c71c8f2d0f4b62b6bdbd53e1139a1b65ee5527d2,train,20260703,mnist-sampling-v1,43733,gold_candidate,develop_policy
train_01139,mnist,5,5,data/images/mnist-classification/source-datasets/mnist/5/f43799.png,f43799.png,png,d59d05a8eda97345a8ceaaeb9e768d7adeffae9abd009903b033e1c76bc1f897,train,20260703,mnist-sampling-v1,43799,gold_candidate,develop_policy
train_01140,mnist,5,5,data/images/mnist-classification/source-datasets/mnist/5/f43838.png,f43838.png,png,6231d5f275dd1e298846bf95c110bb2000aafed7141b59a5506883128da2d533,train,20260703,mnist-sampling-v1,43838,gold_candidate,develop_policy
train_01141,mnist,5,5,data/images/mnist-classification/source-datasets/mnist/5/f44292.png,f44292.png,png,683393dac5c0ed2561a8af10e3cc7ed3da5f41b4172189865e8ba38b95ec4dfc,train,20260703,mnist-sampling-v1,44292,gold_candidate,develop_policy
train_01142,mnist,5,5,data/images/mnist-classification/source-datasets/mnist/5/f44293.png,f44293.png,png,f4a4787a644201ecccbc5e2af620129847e22a690dd5b2112f0fa22c6bf9693c,train,20260703,mnist-sampling-v1,44293,gold_candidate,develop_policy
train_01143,mnist,5,5,data/images/mnist-classification/source-datasets/mnist/5/f44329.png,f44329.png,png,d66c0b7b15d2d9184f5f15d1b6d336a817799cce4d6cd79f137f148221230f10,train,20260703,mnist-sampling-v1,44329,gold_candidate,develop_policy
train_01144,mnist,5,5,data/images/mnist-classification/source-datasets/mnist/5/f44476.png,f44476.png,png,c41f9b57aeaa50ed1c0d4746cc59b336c7f71e37f325120fb37593185cdc0b93,train,20260703,mnist-sampling-v1,44476,gold_candidate,develop_policy
train_01145,mnist,5,5,data/images/mnist-classification/source-datasets/mnist/5/f44852.png,f44852.png,png,ba671995994893ee247e2715412cf478e6fe804777bce661d0ddca4ec92cc83b,train,20260703,mnist-sampling-v1,44852,gold_candidate,develop_policy
train_01146,mnist,5,5,data/images/mnist-classification/source-datasets/mnist/5/f45886.png,f45886.png,png,498b8d6c0e9c3d33e12dd27ea143d9dec8d908970a80523f1f1ac31b2dc8abb3,train,20260703,mnist-sampling-v1,45886,gold_candidate,develop_policy
train_01147,mnist,5,5,data/images/mnist-classification/source-datasets/mnist/5/f45897.png,f45897.png,png,4a240164a4f0216a208c444859cfb3b79f2ab1b8fb4a6309e6ab8d7556702f05,train,20260703,mnist-sampling-v1,45897,gold_candidate,develop_policy
train_01148,mnist,5,5,data/images/mnist-classification/source-datasets/mnist/5/f45933.png,f45933.png,png,719b758e3dfd70606b627b6b79192529a2dd3701f6f31593e6c4e5b70280fe6d,train,20260703,mnist-sampling-v1,45933,gold_candidate,develop_policy
train_01149,mnist,5,5,data/images/mnist-classification/source-datasets/mnist/5/f46522.png,f46522.png,png,d7271ec6f1a4b22b59ddde689d51e8b96574d25a22082ddf5d5b0e3a2a1310a9,train,20260703,mnist-sampling-v1,46522,gold_candidate,develop_policy
train_01150,mnist,5,5,data/images/mnist-classification/source-datasets/mnist/5/f46999.png,f46999.png,png,f25bd5f61754b69220368cebbe94c78ff1bea8532b3caed8f6eede0f1df245ae,train,20260703,mnist-sampling-v1,46999,gold_candidate,develop_policy
train_01151,mnist,5,5,data/images/mnist-classification/source-datasets/mnist/5/f47630.png,f47630.png,png,c105f17e7c1d08c9b4a0fd40dfecbf3b14572ef81e6e2e3af4c43b47dfde62d1,train,20260703,mnist-sampling-v1,47630,gold_candidate,develop_policy
train_01152,mnist,5,5,data/images/mnist-classification/source-datasets/mnist/5/f47944.png,f47944.png,png,c1694d267070b29fedc45a84541e4df9874019fee8d08a8bbcbf8a4d13f3d1e9,train,20260703,mnist-sampling-v1,47944,gold_candidate,develop_policy
train_01153,mnist,5,5,data/images/mnist-classification/source-datasets/mnist/5/f48561.png,f48561.png,png,305ce2e7dd724d6c2f8268fcdcc85dc4a66758ccb57bd145b0242338c14b75c8,train,20260703,mnist-sampling-v1,48561,gold_candidate,develop_policy
train_01154,mnist,5,5,data/images/mnist-classification/source-datasets/mnist/5/f48615.png,f48615.png,png,e1009f8a1ed866f65c3b23f0a46a409813e574d4e523aeb80b28d0d22a8d7127,train,20260703,mnist-sampling-v1,48615,gold_candidate,develop_policy
train_01155,mnist,5,5,data/images/mnist-classification/source-datasets/mnist/5/f49460.png,f49460.png,png,4e5b9591ebc2c2a9573cc86ef745549fa170fd0d3d8aa62f27180788013f0b9b,train,20260703,mnist-sampling-v1,49460,gold_candidate,develop_policy
train_01156,mnist,5,5,data/images/mnist-classification/source-datasets/mnist/5/f49686.png,f49686.png,png,b9613af55847724ed92e293e8dd47deb4c506c5b81626f252d358b7cfbdab234,train,20260703,mnist-sampling-v1,49686,gold_candidate,develop_policy
train_01157,mnist,5,5,data/images/mnist-classification/source-datasets/mnist/5/f49726.png,f49726.png,png,f5eb9776bf35b3701faed71e450a955a51ace9db0d51c2856c5f376c5a9379c3,train,20260703,mnist-sampling-v1,49726,gold_candidate,develop_policy
train_01158,mnist,5,5,data/images/mnist-classification/source-datasets/mnist/5/f49728.png,f49728.png,png,62f7dce4796b6e8b130405faeec4076018a34c228ea267d3ad3e110ffa48aeb8,train,20260703,mnist-sampling-v1,49728,gold_candidate,develop_policy
train_01159,mnist,5,5,data/images/mnist-classification/source-datasets/mnist/5/f49895.png,f49895.png,png,cb92a3cb059da1df2400bb4cd62f9763e9874c060bdf74974d6128378238c817,train,20260703,mnist-sampling-v1,49895,gold_candidate,develop_policy
train_01160,mnist,5,5,data/images/mnist-classification/source-datasets/mnist/5/f49905.png,f49905.png,png,a86259fba5b1859e0473174d42092d0a45fc14d4dd10631c39e300d89f0a3faf,train,20260703,mnist-sampling-v1,49905,gold_candidate,develop_policy
train_01161,mnist,5,5,data/images/mnist-classification/source-datasets/mnist/5/f50422.png,f50422.png,png,45afb70337c2e44265e35019b6bc20b5b49cb1197cdc853c4f088e76a200f4c6,train,20260703,mnist-sampling-v1,50422,gold_candidate,develop_policy
train_01162,mnist,5,5,data/images/mnist-classification/source-datasets/mnist/5/f50570.png,f50570.png,png,1ccb3eee36bdc8887a09b75d54d176b3881a46063521d71773b50c91531d5c87,train,20260703,mnist-sampling-v1,50570,gold_candidate,develop_policy
train_01163,mnist,5,5,data/images/mnist-classification/source-datasets/mnist/5/f50602.png,f50602.png,png,69af87c7913923a48b46c4f10c56822c608951580be85b9a4f52520cc48ef1c5,train,20260703,mnist-sampling-v1,50602,gold_candidate,develop_policy
train_01164,mnist,5,5,data/images/mnist-classification/source-datasets/mnist/5/f50649.png,f50649.png,png,24f12ae8092cd1d7fbcd7a23f50c3e34af969e346b8794abaa894ba82b534f6c,train,20260703,mnist-sampling-v1,50649,gold_candidate,develop_policy
train_01165,mnist,5,5,data/images/mnist-classification/source-datasets/mnist/5/f50768.png,f50768.png,png,b6b8c8042e7b2d74aa3cf42a43f704661c8cdb132efda76423777d35f933875c,train,20260703,mnist-sampling-v1,50768,gold_candidate,develop_policy
train_01166,mnist,5,5,data/images/mnist-classification/source-datasets/mnist/5/f50778.png,f50778.png,png,2a80c8ab42eb0537424c1de55bf7a1993d6bbe16a7445795ff520205fc0563da,train,20260703,mnist-sampling-v1,50778,gold_candidate,develop_policy
train_01167,mnist,5,5,data/images/mnist-classification/source-datasets/mnist/5/f51050.png,f51050.png,png,3b2d7b5ad0d4733a46872a8247d09bd73f9e84a6eb481f848beb7c8324576c72,train,20260703,mnist-sampling-v1,51050,gold_candidate,develop_policy
train_01168,mnist,5,5,data/images/mnist-classification/source-datasets/mnist/5/f51124.png,f51124.png,png,7d33555de203e2a67dbead51bf5abbd9b50384e2dfdb3b0866a3defe72b36f68,train,20260703,mnist-sampling-v1,51124,gold_candidate,develop_policy
train_01169,mnist,5,5,data/images/mnist-classification/source-datasets/mnist/5/f51130.png,f51130.png,png,a15eb1aba804cce16fe2a315dccf1d5271a3da0a6ea19817fc78e1f9b06d37f4,train,20260703,mnist-sampling-v1,51130,gold_candidate,develop_policy
train_01170,mnist,5,5,data/images/mnist-classification/source-datasets/mnist/5/f51405.png,f51405.png,png,f890110d46690f508544830f798ec3f26b19814efd822213e015c21f71270077,train,20260703,mnist-sampling-v1,51405,gold_candidate,develop_policy
train_01171,mnist,5,5,data/images/mnist-classification/source-datasets/mnist/5/f52459.png,f52459.png,png,503b30e0b4871732ff82054c5ab61f9b634117536b9cee24938a5cfd0e82f198,train,20260703,mnist-sampling-v1,52459,gold_candidate,develop_policy
train_01172,mnist,5,5,data/images/mnist-classification/source-datasets/mnist/5/f52509.png,f52509.png,png,53ac6c6fc242811fcbfb53a59469214dd831173a769f90656975a6d1ef9dc4d4,train,20260703,mnist-sampling-v1,52509,gold_candidate,develop_policy
train_01173,mnist,5,5,data/images/mnist-classification/source-datasets/mnist/5/f52650.png,f52650.png,png,4889b04dab079d930bde31e51a83ce8a59e795bfee01f4abf14da11f8582ece9,train,20260703,mnist-sampling-v1,52650,gold_candidate,develop_policy
train_01174,mnist,5,5,data/images/mnist-classification/source-datasets/mnist/5/f53292.png,f53292.png,png,45bd1ff14455248db218414b1b2efab6bb2132752b708215f124578af2c5ffea,train,20260703,mnist-sampling-v1,53292,gold_candidate,develop_policy
train_01175,mnist,5,5,data/images/mnist-classification/source-datasets/mnist/5/f53620.png,f53620.png,png,4d711e27011dafe4e0aa119f1db46548cceb8e39a96cc56278c411644929a54f,train,20260703,mnist-sampling-v1,53620,gold_candidate,develop_policy
train_01176,mnist,5,5,data/images/mnist-classification/source-datasets/mnist/5/f53690.png,f53690.png,png,4bdfae0d80c187ff9a90c945c3a3fd31cf7efeefb0637e8750b55557eba88a64,train,20260703,mnist-sampling-v1,53690,gold_candidate,develop_policy
train_01177,mnist,5,5,data/images/mnist-classification/source-datasets/mnist/5/f53992.png,f53992.png,png,df63650d1a9deb421152fbe8a94d038d2b9efee9e63f3870ed600e39a3fa7513,train,20260703,mnist-sampling-v1,53992,gold_candidate,develop_policy
train_01178,mnist,5,5,data/images/mnist-classification/source-datasets/mnist/5/f54429.png,f54429.png,png,969e06669fbfbc1623d6ef1304fb32289c4acc79daa0878c477d0efe8ac4aeac,train,20260703,mnist-sampling-v1,54429,gold_candidate,develop_policy
train_01179,mnist,5,5,data/images/mnist-classification/source-datasets/mnist/5/f54581.png,f54581.png,png,cd32f5d6834e2d7611ed383261cef1601740f2c599510253a88e9ae2abfd888d,train,20260703,mnist-sampling-v1,54581,gold_candidate,develop_policy
train_01180,mnist,5,5,data/images/mnist-classification/source-datasets/mnist/5/f54779.png,f54779.png,png,afb5ce4ca13e5b051e0f252f8e0913edb2cca900520c22fd36af399b2cabf45d,train,20260703,mnist-sampling-v1,54779,gold_candidate,develop_policy
train_01181,mnist,5,5,data/images/mnist-classification/source-datasets/mnist/5/f55223.png,f55223.png,png,d23bf4699dbd0cf86c9e04967f7ba936665ec5405ba80f8d51013df081498aba,train,20260703,mnist-sampling-v1,55223,gold_candidate,develop_policy
train_01182,mnist,5,5,data/images/mnist-classification/source-datasets/mnist/5/f55248.png,f55248.png,png,3455939075f0cc416ff7fa13d31d47694ce47d7b940d08831af685ebf8247cf3,train,20260703,mnist-sampling-v1,55248,gold_candidate,develop_policy
train_01183,mnist,5,5,data/images/mnist-classification/source-datasets/mnist/5/f55298.png,f55298.png,png,ded864100bb58df8c54d0542ffa0272c99dee792d19b2ce292be6872c7c3833e,train,20260703,mnist-sampling-v1,55298,gold_candidate,develop_policy
train_01184,mnist,5,5,data/images/mnist-classification/source-datasets/mnist/5/f55602.png,f55602.png,png,8b69461c711025f14bcbee8896eae1546568d440626be9211242f58505aa95bb,train,20260703,mnist-sampling-v1,55602,gold_candidate,develop_policy
train_01185,mnist,5,5,data/images/mnist-classification/source-datasets/mnist/5/f55905.png,f55905.png,png,577493f540488b140a239630f0801856c712d52d0498a49e19ad5998e95b77a5,train,20260703,mnist-sampling-v1,55905,gold_candidate,develop_policy
train_01186,mnist,5,5,data/images/mnist-classification/source-datasets/mnist/5/f56113.png,f56113.png,png,5a5bcc0c59f36d12fbd8fce1825789272b49d85e030d1d118abda7ec59b63005,train,20260703,mnist-sampling-v1,56113,gold_candidate,develop_policy
train_01187,mnist,5,5,data/images/mnist-classification/source-datasets/mnist/5/f56860.png,f56860.png,png,4f156ae52c9e33c3614d5415c82d496662d20e15c6e6f4e45dd6a3a2d0c960cf,train,20260703,mnist-sampling-v1,56860,gold_candidate,develop_policy
train_01188,mnist,5,5,data/images/mnist-classification/source-datasets/mnist/5/f57013.png,f57013.png,png,ffe8ba0cb1e8c0fe849f538b9ab16ead3dfa2af6ed56bd72a1f2507542c2b9f6,train,20260703,mnist-sampling-v1,57013,gold_candidate,develop_policy
train_01189,mnist,5,5,data/images/mnist-classification/source-datasets/mnist/5/f57055.png,f57055.png,png,e8cea22e887d24fbeed347b7c97836b657fd6887a1b5d95249a2536198f61b90,train,20260703,mnist-sampling-v1,57055,gold_candidate,develop_policy
train_01190,mnist,5,5,data/images/mnist-classification/source-datasets/mnist/5/f57369.png,f57369.png,png,10b9497f16336628223c7be47ca58e0780777cc866f3bca421554165cd22fb58,train,20260703,mnist-sampling-v1,57369,gold_candidate,develop_policy
train_01191,mnist,5,5,data/images/mnist-classification/source-datasets/mnist/5/f57812.png,f57812.png,png,35aa74024d4889726fc15c3d0d4d7979420eb3df0a330d3ffa82fdfc139a8a9b,train,20260703,mnist-sampling-v1,57812,gold_candidate,develop_policy
train_01192,mnist,5,5,data/images/mnist-classification/source-datasets/mnist/5/f58190.png,f58190.png,png,62c306e74edfe2ef199a78fc80d64be9881e607975b9a5056ee080c5ae8dae44,train,20260703,mnist-sampling-v1,58190,gold_candidate,develop_policy
train_01193,mnist,5,5,data/images/mnist-classification/source-datasets/mnist/5/f58193.png,f58193.png,png,ce6bb49addf7923401a5ea2e7ad240591fb2c7b0d012579e6e983a777bfcd500,train,20260703,mnist-sampling-v1,58193,gold_candidate,develop_policy
train_01194,mnist,5,5,data/images/mnist-classification/source-datasets/mnist/5/f58803.png,f58803.png,png,d5a9eb107624d6ae5ceb286d14a2b8c9d493fba2c436a976329e5f66b64799e5,train,20260703,mnist-sampling-v1,58803,gold_candidate,develop_policy
train_01195,mnist,5,5,data/images/mnist-classification/source-datasets/mnist/5/f58948.png,f58948.png,png,8be0c913295fc54c0f0bf78719f37eff016a5cf9d1f8b6146bcd41a1de5b3e6e,train,20260703,mnist-sampling-v1,58948,gold_candidate,develop_policy
train_01196,mnist,5,5,data/images/mnist-classification/source-datasets/mnist/5/f59133.png,f59133.png,png,354fc1ace3abc6f166bd3341fa5114eb8ff82fbf45716b03d73a749c9415156a,train,20260703,mnist-sampling-v1,59133,gold_candidate,develop_policy
train_01197,mnist,5,5,data/images/mnist-classification/source-datasets/mnist/5/f59201.png,f59201.png,png,0d3c4310cbb8596253f57707a15cad8c4a6805f49e8629416da61259611ec22a,train,20260703,mnist-sampling-v1,59201,gold_candidate,develop_policy
train_01198,mnist,5,5,data/images/mnist-classification/source-datasets/mnist/5/f59525.png,f59525.png,png,f5a618932a219658fecd4fd609ee0a001dc0f3323f7b70618e9ed7558c3a0385,train,20260703,mnist-sampling-v1,59525,gold_candidate,develop_policy
train_01199,mnist,5,5,data/images/mnist-classification/source-datasets/mnist/5/f59676.png,f59676.png,png,afbef2372c2c027850f63482eaf5a59609d9cad25612f6de0cf5bf00daa63e7b,train,20260703,mnist-sampling-v1,59676,gold_candidate,develop_policy
train_01200,mnist,5,5,data/images/mnist-classification/source-datasets/mnist/5/f59810.png,f59810.png,png,4188c5129635280b4fa9c35f0d2bd90c6dfcab2a1014433e09a7d8eb6651b3d0,train,20260703,mnist-sampling-v1,59810,gold_candidate,develop_policy
train_01201,mnist,6,6,data/images/mnist-classification/source-datasets/mnist/6/f39.png,f39.png,png,52ddcf039688f57ab7cb0ed8b456a55f84cb8917b5a58bde7179006e427bc6e7,train,20260703,mnist-sampling-v1,39,gold_candidate,develop_policy
train_01202,mnist,6,6,data/images/mnist-classification/source-datasets/mnist/6/f430.png,f430.png,png,7be67257f4c0856ca299178f4d1d6e578c87acad7b35d3a525b71a47a36197af,train,20260703,mnist-sampling-v1,430,gold_candidate,develop_policy
train_01203,mnist,6,6,data/images/mnist-classification/source-datasets/mnist/6/f996.png,f996.png,png,de11e28a5554eb73cebbc36047d75aac3104b1e517669288f7155cedfb5c8d08,train,20260703,mnist-sampling-v1,996,gold_candidate,develop_policy
train_01204,mnist,6,6,data/images/mnist-classification/source-datasets/mnist/6/f1257.png,f1257.png,png,7eefe2baf377f0a126dcefa448473080a85089de8c65d058cbe01bcc3f2a845f,train,20260703,mnist-sampling-v1,1257,gold_candidate,develop_policy
train_01205,mnist,6,6,data/images/mnist-classification/source-datasets/mnist/6/f1266.png,f1266.png,png,a736f8ee6198e469852ebc0ccb381137d7c2dc4fb6342c6253a0e678709080ae,train,20260703,mnist-sampling-v1,1266,gold_candidate,develop_policy
train_01206,mnist,6,6,data/images/mnist-classification/source-datasets/mnist/6/f1389.png,f1389.png,png,b18a2b680848d71b0eb735362c1f739aded1f63b2877dc380d431a119be389d1,train,20260703,mnist-sampling-v1,1389,gold_candidate,develop_policy
train_01207,mnist,6,6,data/images/mnist-classification/source-datasets/mnist/6/f1418.png,f1418.png,png,a5087e8f6a9478a8034f17c9d6ed623edb522862caf45ec4a2fc3576bb17c05c,train,20260703,mnist-sampling-v1,1418,gold_candidate,develop_policy
train_01208,mnist,6,6,data/images/mnist-classification/source-datasets/mnist/6/f1567.png,f1567.png,png,3ca7a3ced802d48598ee06a7334bce0d3141635eb50a703b74baaf4ee175dab3,train,20260703,mnist-sampling-v1,1567,gold_candidate,develop_policy
train_01209,mnist,6,6,data/images/mnist-classification/source-datasets/mnist/6/f1761.png,f1761.png,png,df3c7a5ed28576f53dbc03258fc1e2856b762038a57ebad941973c30d48b69e0,train,20260703,mnist-sampling-v1,1761,gold_candidate,develop_policy
train_01210,mnist,6,6,data/images/mnist-classification/source-datasets/mnist/6/f1792.png,f1792.png,png,cf1624aea141f1020ababefc344183cc08260e6a8894da6cf4e6f401f7fb1ee7,train,20260703,mnist-sampling-v1,1792,gold_candidate,develop_policy
train_01211,mnist,6,6,data/images/mnist-classification/source-datasets/mnist/6/f2345.png,f2345.png,png,ebbb827490fa1f11077d58dad94b64ecff561dfb6a6216716a7405f5bbd37742,train,20260703,mnist-sampling-v1,2345,gold_candidate,develop_policy
train_01212,mnist,6,6,data/images/mnist-classification/source-datasets/mnist/6/f3053.png,f3053.png,png,d2145e646e3e83e5c64a4ca8cfd4c4c0ed00e567b5afb19fecc1d171c6ecd69a,train,20260703,mnist-sampling-v1,3053,gold_candidate,develop_policy
train_01213,mnist,6,6,data/images/mnist-classification/source-datasets/mnist/6/f3936.png,f3936.png,png,feeec7631e1fad1c2059148d313cd750f61aa8295cc52e85dda8738e91c58bd0,train,20260703,mnist-sampling-v1,3936,gold_candidate,develop_policy
train_01214,mnist,6,6,data/images/mnist-classification/source-datasets/mnist/6/f3939.png,f3939.png,png,677becbe066fb4b9e200c8ec0d266ace48d2a02f0cede1cf83ffe4908f4efa82,train,20260703,mnist-sampling-v1,3939,gold_candidate,develop_policy
train_01215,mnist,6,6,data/images/mnist-classification/source-datasets/mnist/6/f4112.png,f4112.png,png,7ddcb552161d3465568773b02f359605f4ac569852e38b4bc3e1ecb425ccf150,train,20260703,mnist-sampling-v1,4112,gold_candidate,develop_policy
train_01216,mnist,6,6,data/images/mnist-classification/source-datasets/mnist/6/f4560.png,f4560.png,png,e1067c070ac09813155c5917e7a21fbd00193eb17b080157c3ec6728b0b0a216,train,20260703,mnist-sampling-v1,4560,gold_candidate,develop_policy
train_01217,mnist,6,6,data/images/mnist-classification/source-datasets/mnist/6/f4673.png,f4673.png,png,22fe3baa4210122e9268dff9842b7bfd75f22461de24740927b7e903834cce12,train,20260703,mnist-sampling-v1,4673,gold_candidate,develop_policy
train_01218,mnist,6,6,data/images/mnist-classification/source-datasets/mnist/6/f4778.png,f4778.png,png,b6c0f78d268bec513a00ab82e84bcd5af7d0a4f92d93187e4eb1aa73526eefba,train,20260703,mnist-sampling-v1,4778,gold_candidate,develop_policy
train_01219,mnist,6,6,data/images/mnist-classification/source-datasets/mnist/6/f5098.png,f5098.png,png,efe4c5b95b807fb49445161ad7315e4e840e44c2a4647761426b1b0c5db4601c,train,20260703,mnist-sampling-v1,5098,gold_candidate,develop_policy
train_01220,mnist,6,6,data/images/mnist-classification/source-datasets/mnist/6/f5374.png,f5374.png,png,3ef30688dc6089d7246a39e38b930bd8fa0e6d2a82793482cda1c1fd90ba849b,train,20260703,mnist-sampling-v1,5374,gold_candidate,develop_policy
train_01221,mnist,6,6,data/images/mnist-classification/source-datasets/mnist/6/f5554.png,f5554.png,png,421dc67790f7a7513a10ae3b40b20c60b169a459b1871920961b52859a0dcbdb,train,20260703,mnist-sampling-v1,5554,gold_candidate,develop_policy
train_01222,mnist,6,6,data/images/mnist-classification/source-datasets/mnist/6/f5951.png,f5951.png,png,0066ccdab4840911c5de3d0090010a953e4d3602cb0c6330ed31f896ba267c0b,train,20260703,mnist-sampling-v1,5951,gold_candidate,develop_policy
train_01223,mnist,6,6,data/images/mnist-classification/source-datasets/mnist/6/f6265.png,f6265.png,png,ba750d55997e59599a2b4a2b1772db60e5f3fa840845037aba1d768f41fdc3a8,train,20260703,mnist-sampling-v1,6265,gold_candidate,develop_policy
train_01224,mnist,6,6,data/images/mnist-classification/source-datasets/mnist/6/f6456.png,f6456.png,png,17578b502010f7e359c1b572f0a30eaaf10e3f0fbfef015592e3f72748e1d373,train,20260703,mnist-sampling-v1,6456,gold_candidate,develop_policy
train_01225,mnist,6,6,data/images/mnist-classification/source-datasets/mnist/6/f6869.png,f6869.png,png,3ad2bdd770ff552affb3cda9a4ff36e69ccd63571d8a55e2d8267e25605eb054,train,20260703,mnist-sampling-v1,6869,gold_candidate,develop_policy
train_01226,mnist,6,6,data/images/mnist-classification/source-datasets/mnist/6/f7102.png,f7102.png,png,222cebf052457fc3c0ef59799c44577d65a57bd09c7045e2d2df6e2bd722a10b,train,20260703,mnist-sampling-v1,7102,gold_candidate,develop_policy
train_01227,mnist,6,6,data/images/mnist-classification/source-datasets/mnist/6/f7868.png,f7868.png,png,e8cc6c0556409e063d1b035e85a71a75600bf1720af7b50c1f6199d8967a2978,train,20260703,mnist-sampling-v1,7868,gold_candidate,develop_policy
train_01228,mnist,6,6,data/images/mnist-classification/source-datasets/mnist/6/f7926.png,f7926.png,png,551bc5e3a630ebfa5cff6c151921fecdf2938f0adfeff8206c21795178371099,train,20260703,mnist-sampling-v1,7926,gold_candidate,develop_policy
train_01229,mnist,6,6,data/images/mnist-classification/source-datasets/mnist/6/f8683.png,f8683.png,png,a57cdcdde242354133b575cf1952d8eec32c63950840dd3f873714689a25ddec,train,20260703,mnist-sampling-v1,8683,gold_candidate,develop_policy
train_01230,mnist,6,6,data/images/mnist-classification/source-datasets/mnist/6/f8814.png,f8814.png,png,cb7e50cc51aa311d43e9e42dce9bffae277b261a58e7592ef208e5d632ad52ac,train,20260703,mnist-sampling-v1,8814,gold_candidate,develop_policy
train_01231,mnist,6,6,data/images/mnist-classification/source-datasets/mnist/6/f8822.png,f8822.png,png,5ce4f5b7a2c3891782541d1ca2d4e711327e66bbd2af6d26f9f9143011d7fa72,train,20260703,mnist-sampling-v1,8822,gold_candidate,develop_policy
train_01232,mnist,6,6,data/images/mnist-classification/source-datasets/mnist/6/f9016.png,f9016.png,png,1c39d57eda8047d15ef468788df3ba9ab96d3e5d77023ae14f0b6b253ef35416,train,20260703,mnist-sampling-v1,9016,gold_candidate,develop_policy
train_01233,mnist,6,6,data/images/mnist-classification/source-datasets/mnist/6/f9068.png,f9068.png,png,66f26c67013cb0970852088a288cb53d32ceba92bf193dc3676b295e7ca119f4,train,20260703,mnist-sampling-v1,9068,gold_candidate,develop_policy
train_01234,mnist,6,6,data/images/mnist-classification/source-datasets/mnist/6/f9244.png,f9244.png,png,c5924be573f758203de28913a3d8c226de5ae1cb6e0eef198417dffb97a2f26b,train,20260703,mnist-sampling-v1,9244,gold_candidate,develop_policy
train_01235,mnist,6,6,data/images/mnist-classification/source-datasets/mnist/6/f9813.png,f9813.png,png,9f47acb59b2bc94ad7b5d3b9e9ba410fb4b137eefdf797f3a36b1ff435181dec,train,20260703,mnist-sampling-v1,9813,gold_candidate,develop_policy
train_01236,mnist,6,6,data/images/mnist-classification/source-datasets/mnist/6/f9943.png,f9943.png,png,c7223446be780cc2b980e7233f686e64b7fa2814a7cf9ca105e19b9c63ef5274,train,20260703,mnist-sampling-v1,9943,gold_candidate,develop_policy
train_01237,mnist,6,6,data/images/mnist-classification/source-datasets/mnist/6/f10299.png,f10299.png,png,1048aa0d77cc135c60b795f1ac082472f7c1127588c86550fd5c3737dc6ccc16,train,20260703,mnist-sampling-v1,10299,gold_candidate,develop_policy
train_01238,mnist,6,6,data/images/mnist-classification/source-datasets/mnist/6/f10463.png,f10463.png,png,360cc790386bf4a6811a0b7e0c67bae0059d76a49c54605274598a1715490903,train,20260703,mnist-sampling-v1,10463,gold_candidate,develop_policy
train_01239,mnist,6,6,data/images/mnist-classification/source-datasets/mnist/6/f10813.png,f10813.png,png,fa3fd738a891af7de8c25928fa369be39f79e83cf7ffdf80a00da121f1cf33e9,train,20260703,mnist-sampling-v1,10813,gold_candidate,develop_policy
train_01240,mnist,6,6,data/images/mnist-classification/source-datasets/mnist/6/f11140.png,f11140.png,png,559d0f18d6be43251e2e90d56a49a579a3b0b5b901d709bb90327598e8be462d,train,20260703,mnist-sampling-v1,11140,gold_candidate,develop_policy
train_01241,mnist,6,6,data/images/mnist-classification/source-datasets/mnist/6/f11952.png,f11952.png,png,07ba4263e6bcab07cd2606881c8e7e6d9199923681e69030a311524e1f986511,train,20260703,mnist-sampling-v1,11952,gold_candidate,develop_policy
train_01242,mnist,6,6,data/images/mnist-classification/source-datasets/mnist/6/f12199.png,f12199.png,png,0e2dbb753c07ba1f6b21cef8c90ac519ee9c5f28da7c79c230b6eeb2f3164474,train,20260703,mnist-sampling-v1,12199,gold_candidate,develop_policy
train_01243,mnist,6,6,data/images/mnist-classification/source-datasets/mnist/6/f12271.png,f12271.png,png,a0f3ad70e0f50ced479d35cd9b4898822fe174a0cd6cb487a2bc544f360797b4,train,20260703,mnist-sampling-v1,12271,gold_candidate,develop_policy
train_01244,mnist,6,6,data/images/mnist-classification/source-datasets/mnist/6/f12401.png,f12401.png,png,a5a0bd6cfdff25cfb90dc534850aeec92f52b042ec5b0fdffb7cf6ea5b25b140,train,20260703,mnist-sampling-v1,12401,gold_candidate,develop_policy
train_01245,mnist,6,6,data/images/mnist-classification/source-datasets/mnist/6/f12541.png,f12541.png,png,ad55c0d5640b976f9a17b3f1215bf980a5f3b09cbd99514340c82fbb38ab1823,train,20260703,mnist-sampling-v1,12541,gold_candidate,develop_policy
train_01246,mnist,6,6,data/images/mnist-classification/source-datasets/mnist/6/f13220.png,f13220.png,png,ccc5a0e7f47d997770eb675160bf32b5f6a889d9ea13b8339a9ee7ff44dcebb3,train,20260703,mnist-sampling-v1,13220,gold_candidate,develop_policy
train_01247,mnist,6,6,data/images/mnist-classification/source-datasets/mnist/6/f13661.png,f13661.png,png,7076a0e4b3011594bf0cd4b2e7e712abd698c39988a4650234a04b78d1267743,train,20260703,mnist-sampling-v1,13661,gold_candidate,develop_policy
train_01248,mnist,6,6,data/images/mnist-classification/source-datasets/mnist/6/f14172.png,f14172.png,png,90d35442146d8a691b19e21570924a493ae862eacf414ef47758db000ad2fe92,train,20260703,mnist-sampling-v1,14172,gold_candidate,develop_policy
train_01249,mnist,6,6,data/images/mnist-classification/source-datasets/mnist/6/f15188.png,f15188.png,png,20b94c9061432d0a6078d8adef88101874636b018542519fb5e924f656360bf1,train,20260703,mnist-sampling-v1,15188,gold_candidate,develop_policy
train_01250,mnist,6,6,data/images/mnist-classification/source-datasets/mnist/6/f15780.png,f15780.png,png,65cfae6394fc5ef419541dcd23971df8d0a6133ef2fdc010b889de198f301b5e,train,20260703,mnist-sampling-v1,15780,gold_candidate,develop_policy
train_01251,mnist,6,6,data/images/mnist-classification/source-datasets/mnist/6/f15908.png,f15908.png,png,a2f5674b02742e2c67f974918bc9d267112a769a7ab638e0189e12672cfe3c07,train,20260703,mnist-sampling-v1,15908,gold_candidate,develop_policy
train_01252,mnist,6,6,data/images/mnist-classification/source-datasets/mnist/6/f16786.png,f16786.png,png,d4601df14184c02656f247f1861e33b6111236a01bbbbbbb749fe5ab7435f062,train,20260703,mnist-sampling-v1,16786,gold_candidate,develop_policy
train_01253,mnist,6,6,data/images/mnist-classification/source-datasets/mnist/6/f16830.png,f16830.png,png,e480a69208906343a37c251bbae5a986fc38a6eba1a7b70ac8d14a26f5b7242d,train,20260703,mnist-sampling-v1,16830,gold_candidate,develop_policy
train_01254,mnist,6,6,data/images/mnist-classification/source-datasets/mnist/6/f16896.png,f16896.png,png,afc1cd702a91b5e9a80b4ad3f4948ba830a719fca5b8e26b41b888e97e1c3f3d,train,20260703,mnist-sampling-v1,16896,gold_candidate,develop_policy
train_01255,mnist,6,6,data/images/mnist-classification/source-datasets/mnist/6/f16957.png,f16957.png,png,3d922d2932814d1654040ca6b7a5d0808a7f464844ab68ed2f94157af3c12705,train,20260703,mnist-sampling-v1,16957,gold_candidate,develop_policy
train_01256,mnist,6,6,data/images/mnist-classification/source-datasets/mnist/6/f17273.png,f17273.png,png,00f1be3ac69496cb5c3aa44136119b13826542e381b1b64c171eeba8b04756fc,train,20260703,mnist-sampling-v1,17273,gold_candidate,develop_policy
train_01257,mnist,6,6,data/images/mnist-classification/source-datasets/mnist/6/f17332.png,f17332.png,png,c97df466245e94396fb5509bb772995ac4796d4dbc93e9746efbf45c919219cb,train,20260703,mnist-sampling-v1,17332,gold_candidate,develop_policy
train_01258,mnist,6,6,data/images/mnist-classification/source-datasets/mnist/6/f17829.png,f17829.png,png,bc5ac39fb3477d715609790d2357217125dd58f91eb9f983b4c68ef816a34c0d,train,20260703,mnist-sampling-v1,17829,gold_candidate,develop_policy
train_01259,mnist,6,6,data/images/mnist-classification/source-datasets/mnist/6/f18023.png,f18023.png,png,cfdb01d0ba2fa6e6889c663cd3df4e5fcc0b8f02d76c65dc61277387d01c224d,train,20260703,mnist-sampling-v1,18023,gold_candidate,develop_policy
train_01260,mnist,6,6,data/images/mnist-classification/source-datasets/mnist/6/f19701.png,f19701.png,png,35747111e7850bf40e943526658c371246d8316dca307e006db9bf08783308d6,train,20260703,mnist-sampling-v1,19701,gold_candidate,develop_policy
train_01261,mnist,6,6,data/images/mnist-classification/source-datasets/mnist/6/f19723.png,f19723.png,png,49c7b689b25ef596a2092739cba1feadca502df121e40df482e33ed9fd2f1983,train,20260703,mnist-sampling-v1,19723,gold_candidate,develop_policy
train_01262,mnist,6,6,data/images/mnist-classification/source-datasets/mnist/6/f19947.png,f19947.png,png,0648a76e421a54f97def0286eb44b8dc852ba4070937beb7d4dcd8565c40a234,train,20260703,mnist-sampling-v1,19947,gold_candidate,develop_policy
train_01263,mnist,6,6,data/images/mnist-classification/source-datasets/mnist/6/f19986.png,f19986.png,png,98290cf822661d36a6d138bae0b242b4e302598b367d4f3dea503af3a436c4e6,train,20260703,mnist-sampling-v1,19986,gold_candidate,develop_policy
train_01264,mnist,6,6,data/images/mnist-classification/source-datasets/mnist/6/f20156.png,f20156.png,png,2fb6bcfd60fd342382e7352c186e9fca9f7c6d010c59faf484ff1947165edc3e,train,20260703,mnist-sampling-v1,20156,gold_candidate,develop_policy
train_01265,mnist,6,6,data/images/mnist-classification/source-datasets/mnist/6/f20704.png,f20704.png,png,b2d23ea7f803cd0ad341d200a22f6cb5802071ced3e8a654d3fb176595efa8db,train,20260703,mnist-sampling-v1,20704,gold_candidate,develop_policy
train_01266,mnist,6,6,data/images/mnist-classification/source-datasets/mnist/6/f20796.png,f20796.png,png,7e93cc178e7f665e74985bef816f7aa70231e6ea95a4000d9ca58ee2face2e9a,train,20260703,mnist-sampling-v1,20796,gold_candidate,develop_policy
train_01267,mnist,6,6,data/images/mnist-classification/source-datasets/mnist/6/f20940.png,f20940.png,png,cd81ff63368ad335b93ce625482f33a9bbf78e469884148e5e05fc9bdd76aa6b,train,20260703,mnist-sampling-v1,20940,gold_candidate,develop_policy
train_01268,mnist,6,6,data/images/mnist-classification/source-datasets/mnist/6/f21298.png,f21298.png,png,211c77ef94e891aa1dc78ca55dc558be11b77743e15b3fa33161f2c5b3e8ca2c,train,20260703,mnist-sampling-v1,21298,gold_candidate,develop_policy
train_01269,mnist,6,6,data/images/mnist-classification/source-datasets/mnist/6/f22237.png,f22237.png,png,e3dcb774353397ed9dc0a28faede9f5443b90e5231ba6a1327b5016f3b03d49e,train,20260703,mnist-sampling-v1,22237,gold_candidate,develop_policy
train_01270,mnist,6,6,data/images/mnist-classification/source-datasets/mnist/6/f22383.png,f22383.png,png,24e10c416b25bf7ab3a3d9ea239ad94fe7175a4db33254628415808b0071f43b,train,20260703,mnist-sampling-v1,22383,gold_candidate,develop_policy
train_01271,mnist,6,6,data/images/mnist-classification/source-datasets/mnist/6/f22615.png,f22615.png,png,9cdb4601dab84b0b966cfaf1919b24c9ad3225a8f5a45b22b438ea8b39abe36a,train,20260703,mnist-sampling-v1,22615,gold_candidate,develop_policy
train_01272,mnist,6,6,data/images/mnist-classification/source-datasets/mnist/6/f22702.png,f22702.png,png,33612755ff554489f87229fdbdf3ebbcc9348ae5e668816831a14e4f0e08a0ed,train,20260703,mnist-sampling-v1,22702,gold_candidate,develop_policy
train_01273,mnist,6,6,data/images/mnist-classification/source-datasets/mnist/6/f22775.png,f22775.png,png,1082d264ff889e79dcf2a02b6b16fb02ba10967df761eb082694a75326307eae,train,20260703,mnist-sampling-v1,22775,gold_candidate,develop_policy
train_01274,mnist,6,6,data/images/mnist-classification/source-datasets/mnist/6/f23251.png,f23251.png,png,b2bf203f64ecf49e33c00b12d2b176b5cbb09e7d2815ed2b7b02081d570c46a6,train,20260703,mnist-sampling-v1,23251,gold_candidate,develop_policy
train_01275,mnist,6,6,data/images/mnist-classification/source-datasets/mnist/6/f23577.png,f23577.png,png,5e73bf1f35ea1624e62cde6e8d87b5bb6899b27bdc52716a50292ff8bbb28d2d,train,20260703,mnist-sampling-v1,23577,gold_candidate,develop_policy
train_01276,mnist,6,6,data/images/mnist-classification/source-datasets/mnist/6/f23654.png,f23654.png,png,69bc8f7252c963feac4ee2cbed49b5c763ae6a0300ae7b8d47cd1b9057ee1d1e,train,20260703,mnist-sampling-v1,23654,gold_candidate,develop_policy
train_01277,mnist,6,6,data/images/mnist-classification/source-datasets/mnist/6/f24003.png,f24003.png,png,aed296c2e08c4017ed3f971babe33edd5119b0c337f2501e12d34b903af118e9,train,20260703,mnist-sampling-v1,24003,gold_candidate,develop_policy
train_01278,mnist,6,6,data/images/mnist-classification/source-datasets/mnist/6/f24622.png,f24622.png,png,fd52409bb61a3775f60cf49be629e7423fc43249c64194249bcdcf2f9cffe6d6,train,20260703,mnist-sampling-v1,24622,gold_candidate,develop_policy
train_01279,mnist,6,6,data/images/mnist-classification/source-datasets/mnist/6/f25226.png,f25226.png,png,8fded32268367aac04b6a11584d530899ade38f2b0554eb631aa9153bcf02029,train,20260703,mnist-sampling-v1,25226,gold_candidate,develop_policy
train_01280,mnist,6,6,data/images/mnist-classification/source-datasets/mnist/6/f25424.png,f25424.png,png,34ec2f31d0ec006b92b47a218da17fd798d6dd21a7d4bc47c2b0b2fc0c2293ab,train,20260703,mnist-sampling-v1,25424,gold_candidate,develop_policy
train_01281,mnist,6,6,data/images/mnist-classification/source-datasets/mnist/6/f25462.png,f25462.png,png,ac6293c4db42d6e51d968ac1053a7f8d194cd4efd58a4300a473d1acb9f8f5ea,train,20260703,mnist-sampling-v1,25462,gold_candidate,develop_policy
train_01282,mnist,6,6,data/images/mnist-classification/source-datasets/mnist/6/f25889.png,f25889.png,png,31d458f226060ba1372187a0ad3f5ebd79115035474bb49866fa7c957de650fd,train,20260703,mnist-sampling-v1,25889,gold_candidate,develop_policy
train_01283,mnist,6,6,data/images/mnist-classification/source-datasets/mnist/6/f26321.png,f26321.png,png,f83eb48ac7f679e4a1487a6aa92a663a68d70d998ba27763e68c8a7c09a66be5,train,20260703,mnist-sampling-v1,26321,gold_candidate,develop_policy
train_01284,mnist,6,6,data/images/mnist-classification/source-datasets/mnist/6/f26396.png,f26396.png,png,edac5ea409f0a1222cbadc83dd44f69368a061dbd126b955be5d4fac1bdf6cf2,train,20260703,mnist-sampling-v1,26396,gold_candidate,develop_policy
train_01285,mnist,6,6,data/images/mnist-classification/source-datasets/mnist/6/f26402.png,f26402.png,png,6b65203bf5ed3d1ab7581ac303359205f1a49b8980fe8eb90863992dfcd7f6c8,train,20260703,mnist-sampling-v1,26402,gold_candidate,develop_policy
train_01286,mnist,6,6,data/images/mnist-classification/source-datasets/mnist/6/f27119.png,f27119.png,png,b0e0c6856345da465aac7b2deeb71f91f51793f74c7c778c6d6fa9c955ba26f0,train,20260703,mnist-sampling-v1,27119,gold_candidate,develop_policy
train_01287,mnist,6,6,data/images/mnist-classification/source-datasets/mnist/6/f27653.png,f27653.png,png,6ba6b0f7be484297beed521fb8d1ccc4d308f203a79a865d318e625b9d323b2f,train,20260703,mnist-sampling-v1,27653,gold_candidate,develop_policy
train_01288,mnist,6,6,data/images/mnist-classification/source-datasets/mnist/6/f27799.png,f27799.png,png,6c540ec6adb4541e20de950e6512987dd81077b4845715bb914d2e77338a0982,train,20260703,mnist-sampling-v1,27799,gold_candidate,develop_policy
train_01289,mnist,6,6,data/images/mnist-classification/source-datasets/mnist/6/f28377.png,f28377.png,png,b97dc5f132d31050171ebd8064c5321ad48a1c808f82fe49630ae66d43d638e3,train,20260703,mnist-sampling-v1,28377,gold_candidate,develop_policy
train_01290,mnist,6,6,data/images/mnist-classification/source-datasets/mnist/6/f28975.png,f28975.png,png,27dfdd2187fb6e6d2e50e4fcbb354b51ceb7b46342e24576c00746354d192b68,train,20260703,mnist-sampling-v1,28975,gold_candidate,develop_policy
train_01291,mnist,6,6,data/images/mnist-classification/source-datasets/mnist/6/f29020.png,f29020.png,png,a15073321befb3a7256683e48bb622ab11e92d80dcfd502895225be8cdba9773,train,20260703,mnist-sampling-v1,29020,gold_candidate,develop_policy
train_01292,mnist,6,6,data/images/mnist-classification/source-datasets/mnist/6/f29140.png,f29140.png,png,c0956db01b5a6fc998b76cb61236a3ef7ca2a06e5adf26df11a9f2363ab919a0,train,20260703,mnist-sampling-v1,29140,gold_candidate,develop_policy
train_01293,mnist,6,6,data/images/mnist-classification/source-datasets/mnist/6/f29832.png,f29832.png,png,627672fdd3be8f996048101dfe5441ed1ce744c62271d53d35a7985ea4aa46e3,train,20260703,mnist-sampling-v1,29832,gold_candidate,develop_policy
train_01294,mnist,6,6,data/images/mnist-classification/source-datasets/mnist/6/f29966.png,f29966.png,png,07471ba057718102e87a8035314adae64405087a9d392cf35e3fe884572ac809,train,20260703,mnist-sampling-v1,29966,gold_candidate,develop_policy
train_01295,mnist,6,6,data/images/mnist-classification/source-datasets/mnist/6/f30582.png,f30582.png,png,5819290f7a821a3e78bf481d98d7164f3bc168c1a90fb74213e531723463d607,train,20260703,mnist-sampling-v1,30582,gold_candidate,develop_policy
train_01296,mnist,6,6,data/images/mnist-classification/source-datasets/mnist/6/f30687.png,f30687.png,png,0de9b31efed76477da84f37007a0b4b71566b028ffb697a66fae32f7f9329b0f,train,20260703,mnist-sampling-v1,30687,gold_candidate,develop_policy
train_01297,mnist,6,6,data/images/mnist-classification/source-datasets/mnist/6/f31268.png,f31268.png,png,9e8f2aa52b930d920d6649da6edef62b2b8d2644ee0d5824d210e813c8f06106,train,20260703,mnist-sampling-v1,31268,gold_candidate,develop_policy
train_01298,mnist,6,6,data/images/mnist-classification/source-datasets/mnist/6/f31339.png,f31339.png,png,a8f209a0d1b7eb2a8fac29bf4f5ff11ffc4682cc827fab419a29ef942c7bd9f8,train,20260703,mnist-sampling-v1,31339,gold_candidate,develop_policy
train_01299,mnist,6,6,data/images/mnist-classification/source-datasets/mnist/6/f31619.png,f31619.png,png,ea843aeab7b850bf10037a9ff02996d4e0e39363cb9dacd9ddf832ed3e518bea,train,20260703,mnist-sampling-v1,31619,gold_candidate,develop_policy
train_01300,mnist,6,6,data/images/mnist-classification/source-datasets/mnist/6/f31705.png,f31705.png,png,049cf15900b567df196f180b644642446346e77222d1b2f7025f4d42565ecac4,train,20260703,mnist-sampling-v1,31705,gold_candidate,develop_policy
train_01301,mnist,6,6,data/images/mnist-classification/source-datasets/mnist/6/f32211.png,f32211.png,png,426348881a7878fa9e455ede99f47460130b3493e98ed6d7ad2d8286ac9c5c37,train,20260703,mnist-sampling-v1,32211,gold_candidate,develop_policy
train_01302,mnist,6,6,data/images/mnist-classification/source-datasets/mnist/6/f32265.png,f32265.png,png,caaddd2195f52c2511125207c4568ca5396a00a1363604a3ff9fa6511a18f9d8,train,20260703,mnist-sampling-v1,32265,gold_candidate,develop_policy
train_01303,mnist,6,6,data/images/mnist-classification/source-datasets/mnist/6/f32477.png,f32477.png,png,846a0e07d631a43f1e32dae7da7d1fbbb81a0844b76ad1408ef2e527566956f1,train,20260703,mnist-sampling-v1,32477,gold_candidate,develop_policy
train_01304,mnist,6,6,data/images/mnist-classification/source-datasets/mnist/6/f32522.png,f32522.png,png,cf460fc6d0c6ca9b99ef5a8cb3d772a5e849d8d595daf1e44609ea263b346dab,train,20260703,mnist-sampling-v1,32522,gold_candidate,develop_policy
train_01305,mnist,6,6,data/images/mnist-classification/source-datasets/mnist/6/f32576.png,f32576.png,png,76220084acc7347e04e5c544adf3d75e92f246cbdc4ef21f652c6115521b1f77,train,20260703,mnist-sampling-v1,32576,gold_candidate,develop_policy
train_01306,mnist,6,6,data/images/mnist-classification/source-datasets/mnist/6/f32696.png,f32696.png,png,17da772ecf7dd3d5bdfb54038941ebd576fee07e5edb3ac93cb82d781349559d,train,20260703,mnist-sampling-v1,32696,gold_candidate,develop_policy
train_01307,mnist,6,6,data/images/mnist-classification/source-datasets/mnist/6/f32754.png,f32754.png,png,860865b81f973314459996df344c7c4b3de0cf769bb1f164724d66f8a203f527,train,20260703,mnist-sampling-v1,32754,gold_candidate,develop_policy
train_01308,mnist,6,6,data/images/mnist-classification/source-datasets/mnist/6/f32942.png,f32942.png,png,f4f405c511076536794a9a11f035dbcb29560042dee6fccdd33d4d1af0fcd18c,train,20260703,mnist-sampling-v1,32942,gold_candidate,develop_policy
train_01309,mnist,6,6,data/images/mnist-classification/source-datasets/mnist/6/f33010.png,f33010.png,png,a55ca70cdce653efcf37d591607348d0399f1e430a635f8cedc12d01a189bf38,train,20260703,mnist-sampling-v1,33010,gold_candidate,develop_policy
train_01310,mnist,6,6,data/images/mnist-classification/source-datasets/mnist/6/f34124.png,f34124.png,png,9f3cad4a9744c42352670a5eb2c4d4796c77af8d490d9bd57e116a2944b2591a,train,20260703,mnist-sampling-v1,34124,gold_candidate,develop_policy
train_01311,mnist,6,6,data/images/mnist-classification/source-datasets/mnist/6/f34135.png,f34135.png,png,aa77862beae852a244f8d23af4d0750d9eda43118294204f0cd82e477c41921e,train,20260703,mnist-sampling-v1,34135,gold_candidate,develop_policy
train_01312,mnist,6,6,data/images/mnist-classification/source-datasets/mnist/6/f34260.png,f34260.png,png,051ad81fdabd13a22d1d64adb0199c239d38cfc8f2aa55a0a7f75a2b519b88f9,train,20260703,mnist-sampling-v1,34260,gold_candidate,develop_policy
train_01313,mnist,6,6,data/images/mnist-classification/source-datasets/mnist/6/f34393.png,f34393.png,png,dee3ed2ddf89f7fe2929ff81c51d265de2ba9b369fd03ac77e39ff46737f3975,train,20260703,mnist-sampling-v1,34393,gold_candidate,develop_policy
train_01314,mnist,6,6,data/images/mnist-classification/source-datasets/mnist/6/f34490.png,f34490.png,png,10c00b76515b0dbdc7bf16bd49f64e31caa21c6d2abe689771c032bd644d1331,train,20260703,mnist-sampling-v1,34490,gold_candidate,develop_policy
train_01315,mnist,6,6,data/images/mnist-classification/source-datasets/mnist/6/f34529.png,f34529.png,png,5e0934d72bcdda9629afa0ff2f28e6184ee8520764de753bb38c059f3903504b,train,20260703,mnist-sampling-v1,34529,gold_candidate,develop_policy
train_01316,mnist,6,6,data/images/mnist-classification/source-datasets/mnist/6/f35079.png,f35079.png,png,07b33f00180637e84ef447555e8f63c218ee7af39c771cf89b5cfbdf7e38890a,train,20260703,mnist-sampling-v1,35079,gold_candidate,develop_policy
train_01317,mnist,6,6,data/images/mnist-classification/source-datasets/mnist/6/f35411.png,f35411.png,png,ea2edefce65e92217e9042cbc60af2fa156da683e6934f6f5960d3dc946768c5,train,20260703,mnist-sampling-v1,35411,gold_candidate,develop_policy
train_01318,mnist,6,6,data/images/mnist-classification/source-datasets/mnist/6/f36636.png,f36636.png,png,a6d02ffc05a9a7e9925d26af5a681f5a67a6f5b3d0c85cd8e8235bceeee66b9f,train,20260703,mnist-sampling-v1,36636,gold_candidate,develop_policy
train_01319,mnist,6,6,data/images/mnist-classification/source-datasets/mnist/6/f36703.png,f36703.png,png,f6509e8963a3effd4fd367606bb2c82ca2aabfa6021b292d3778d0f3665325ca,train,20260703,mnist-sampling-v1,36703,gold_candidate,develop_policy
train_01320,mnist,6,6,data/images/mnist-classification/source-datasets/mnist/6/f36966.png,f36966.png,png,f9c7c20e995f920dbc8c3a12a3bcfc71a4d223c4339850a59b6b1bc1000c6b04,train,20260703,mnist-sampling-v1,36966,gold_candidate,develop_policy
train_01321,mnist,6,6,data/images/mnist-classification/source-datasets/mnist/6/f37037.png,f37037.png,png,48aa31f93d6a4f9649be653eaf84cd594b2838d3028a2668e20c4796da3d0993,train,20260703,mnist-sampling-v1,37037,gold_candidate,develop_policy
train_01322,mnist,6,6,data/images/mnist-classification/source-datasets/mnist/6/f37173.png,f37173.png,png,ba018005e90b34e2ca8d786e04fe77406d721fd6c8946383a579faddcb1fdaf7,train,20260703,mnist-sampling-v1,37173,gold_candidate,develop_policy
train_01323,mnist,6,6,data/images/mnist-classification/source-datasets/mnist/6/f37230.png,f37230.png,png,71d7153e7c608b0d2c5a3251f28406b1373b329ccd954b31f796905e7da31f2b,train,20260703,mnist-sampling-v1,37230,gold_candidate,develop_policy
train_01324,mnist,6,6,data/images/mnist-classification/source-datasets/mnist/6/f37351.png,f37351.png,png,ec4a88dc2c8ae2be214e0ac567894d017f67b8f258b43f093bc0aa9a8ebd9a85,train,20260703,mnist-sampling-v1,37351,gold_candidate,develop_policy
train_01325,mnist,6,6,data/images/mnist-classification/source-datasets/mnist/6/f37451.png,f37451.png,png,5ce6c8fbac75749f424b5993d801eeb2b3ce748bdf64a2409a9e6aa7f50a9387,train,20260703,mnist-sampling-v1,37451,gold_candidate,develop_policy
train_01326,mnist,6,6,data/images/mnist-classification/source-datasets/mnist/6/f37502.png,f37502.png,png,a8d883d61adf745522741a7cec949c6839f6d4d6d8277745c6c79f8978491ed5,train,20260703,mnist-sampling-v1,37502,gold_candidate,develop_policy
train_01327,mnist,6,6,data/images/mnist-classification/source-datasets/mnist/6/f37804.png,f37804.png,png,9fcbd6a370fe65fc62ac1ecb368e04063b12ee80ff1b4e79453066b60994cf5e,train,20260703,mnist-sampling-v1,37804,gold_candidate,develop_policy
train_01328,mnist,6,6,data/images/mnist-classification/source-datasets/mnist/6/f38322.png,f38322.png,png,e65ccdcda0d3f431655b54400b8b639c1e1477effdf3cc211945ba3f4b594bfd,train,20260703,mnist-sampling-v1,38322,gold_candidate,develop_policy
train_01329,mnist,6,6,data/images/mnist-classification/source-datasets/mnist/6/f38450.png,f38450.png,png,27b2f8774431707bcad55ed91ed98990ef2ce91e85bd0d79c9e82a4fd9ac95f9,train,20260703,mnist-sampling-v1,38450,gold_candidate,develop_policy
train_01330,mnist,6,6,data/images/mnist-classification/source-datasets/mnist/6/f38548.png,f38548.png,png,e13ae107c0ca8fa9f753cef76a627eddddde2b20b90bed84f9d478a9bcd9f049,train,20260703,mnist-sampling-v1,38548,gold_candidate,develop_policy
train_01331,mnist,6,6,data/images/mnist-classification/source-datasets/mnist/6/f39045.png,f39045.png,png,adf83d7dee573fd237fc64d6be7867f15e90e318f13d1e588ce9fcfa21903840,train,20260703,mnist-sampling-v1,39045,gold_candidate,develop_policy
train_01332,mnist,6,6,data/images/mnist-classification/source-datasets/mnist/6/f39098.png,f39098.png,png,07a1303486cd2d0a5d1220be6e81bce07e6ecab2a9bfe7af8ceef0f5055fb8f2,train,20260703,mnist-sampling-v1,39098,gold_candidate,develop_policy
train_01333,mnist,6,6,data/images/mnist-classification/source-datasets/mnist/6/f39385.png,f39385.png,png,2de0dac429d6f0e5b04ace5848be2568fafce8b26c6dd47e51b5d150375103da,train,20260703,mnist-sampling-v1,39385,gold_candidate,develop_policy
train_01334,mnist,6,6,data/images/mnist-classification/source-datasets/mnist/6/f39766.png,f39766.png,png,37663b4508f3d54597a29c9092966654f733c6baca43f6699b331a9b0f27e9c4,train,20260703,mnist-sampling-v1,39766,gold_candidate,develop_policy
train_01335,mnist,6,6,data/images/mnist-classification/source-datasets/mnist/6/f39825.png,f39825.png,png,4727287d80448f3ca780eba4aee94f1634535b4db97bc4535cae600ae4811c50,train,20260703,mnist-sampling-v1,39825,gold_candidate,develop_policy
train_01336,mnist,6,6,data/images/mnist-classification/source-datasets/mnist/6/f40230.png,f40230.png,png,f5c59b09ba2eecbcc7af2e65d6d6891eacf4a6ad93af91ee6819edc365f5d7c3,train,20260703,mnist-sampling-v1,40230,gold_candidate,develop_policy
train_01337,mnist,6,6,data/images/mnist-classification/source-datasets/mnist/6/f40349.png,f40349.png,png,4e34df24549d8950d0fdfe8167856385d39bb46acbe1ea69886887176e8f7716,train,20260703,mnist-sampling-v1,40349,gold_candidate,develop_policy
train_01338,mnist,6,6,data/images/mnist-classification/source-datasets/mnist/6/f40554.png,f40554.png,png,e335171c1e75eadcce2b3e95c637b8fa6de3df1073167c68b71c8f6a6e29bdce,train,20260703,mnist-sampling-v1,40554,gold_candidate,develop_policy
train_01339,mnist,6,6,data/images/mnist-classification/source-datasets/mnist/6/f40616.png,f40616.png,png,8251cc38dafbf3d9b3ac9bc12bf2af122baffb58adc33f6bbda73c6adcae3e54,train,20260703,mnist-sampling-v1,40616,gold_candidate,develop_policy
train_01340,mnist,6,6,data/images/mnist-classification/source-datasets/mnist/6/f40771.png,f40771.png,png,5fe2d6f7cfd00a1ce6dc635a9b278a516276fe2cebd781709dff6df48a50e6ac,train,20260703,mnist-sampling-v1,40771,gold_candidate,develop_policy
train_01341,mnist,6,6,data/images/mnist-classification/source-datasets/mnist/6/f40917.png,f40917.png,png,e75331ee5856410c9b671e1a9269a6e6b21c6de99e3c529c760e9286eeeeca49,train,20260703,mnist-sampling-v1,40917,gold_candidate,develop_policy
train_01342,mnist,6,6,data/images/mnist-classification/source-datasets/mnist/6/f41572.png,f41572.png,png,e1f1fbbb7147afe3f3433496fdfdc3d8488b1739d655525e0826ab1e1ee4458f,train,20260703,mnist-sampling-v1,41572,gold_candidate,develop_policy
train_01343,mnist,6,6,data/images/mnist-classification/source-datasets/mnist/6/f42143.png,f42143.png,png,694584c4e44de9776be8340423efbb49e5a7950b75f8a843c9ac1f0e1f02c348,train,20260703,mnist-sampling-v1,42143,gold_candidate,develop_policy
train_01344,mnist,6,6,data/images/mnist-classification/source-datasets/mnist/6/f43177.png,f43177.png,png,4cdb79c9bc0824512280da767c218f9270f23e9778df94098ea26ccaf557f579,train,20260703,mnist-sampling-v1,43177,gold_candidate,develop_policy
train_01345,mnist,6,6,data/images/mnist-classification/source-datasets/mnist/6/f43304.png,f43304.png,png,d8c169d34cbe6340c293dcf4243fe5dc4a7c07c6ceda118ab2d109372e898bf1,train,20260703,mnist-sampling-v1,43304,gold_candidate,develop_policy
train_01346,mnist,6,6,data/images/mnist-classification/source-datasets/mnist/6/f43678.png,f43678.png,png,464891d61326cced3f07e14ca221385ad7c89e51992240f938d3003cdd5eb756,train,20260703,mnist-sampling-v1,43678,gold_candidate,develop_policy
train_01347,mnist,6,6,data/images/mnist-classification/source-datasets/mnist/6/f43822.png,f43822.png,png,41ed38db1dcac910c2e48b5728989e07b6e386b3164c50772370e90bf5e33a33,train,20260703,mnist-sampling-v1,43822,gold_candidate,develop_policy
train_01348,mnist,6,6,data/images/mnist-classification/source-datasets/mnist/6/f43940.png,f43940.png,png,68fe227af6a094672bde2ddc9380211897c403d79426352ce64002f507a6d3ca,train,20260703,mnist-sampling-v1,43940,gold_candidate,develop_policy
train_01349,mnist,6,6,data/images/mnist-classification/source-datasets/mnist/6/f44201.png,f44201.png,png,313767c190584bf87ff87a78c6bcf44fb56e906c5dbf4aa91822ccac1c191441,train,20260703,mnist-sampling-v1,44201,gold_candidate,develop_policy
train_01350,mnist,6,6,data/images/mnist-classification/source-datasets/mnist/6/f44255.png,f44255.png,png,87e320d9c5f5b28a688f83c675e1eb3963e378cee803df8d9776c769f752cebc,train,20260703,mnist-sampling-v1,44255,gold_candidate,develop_policy
train_01351,mnist,6,6,data/images/mnist-classification/source-datasets/mnist/6/f44330.png,f44330.png,png,143e65d50bc04a2a422513957e4af6d8f8aa0968eb3ad214a0cdfbb6aadcc253,train,20260703,mnist-sampling-v1,44330,gold_candidate,develop_policy
train_01352,mnist,6,6,data/images/mnist-classification/source-datasets/mnist/6/f44358.png,f44358.png,png,5ae5ca3be2021618ea64992e55bd44e460ad8156829b7c91a98ebd8f1d94cb04,train,20260703,mnist-sampling-v1,44358,gold_candidate,develop_policy
train_01353,mnist,6,6,data/images/mnist-classification/source-datasets/mnist/6/f44649.png,f44649.png,png,bb1928e72fe067fb8405c1b09d83b48252f12d337438c3f0bfa885b69d0fd8d2,train,20260703,mnist-sampling-v1,44649,gold_candidate,develop_policy
train_01354,mnist,6,6,data/images/mnist-classification/source-datasets/mnist/6/f45630.png,f45630.png,png,3e07432c9ab45f6cf30cd53c115e5ea3bf06c285b3d9f8c75cb9683f838bb6bd,train,20260703,mnist-sampling-v1,45630,gold_candidate,develop_policy
train_01355,mnist,6,6,data/images/mnist-classification/source-datasets/mnist/6/f47112.png,f47112.png,png,91601ef8e1a036234787b39bc90e81b6ad0c8b118f9c7f06b533fb3c8fe8f24a,train,20260703,mnist-sampling-v1,47112,gold_candidate,develop_policy
train_01356,mnist,6,6,data/images/mnist-classification/source-datasets/mnist/6/f47694.png,f47694.png,png,597e0cf962123ef9ec23f45707f9a5f2a44c8c1a81dffdf39c6e9020a32c481e,train,20260703,mnist-sampling-v1,47694,gold_candidate,develop_policy
train_01357,mnist,6,6,data/images/mnist-classification/source-datasets/mnist/6/f48086.png,f48086.png,png,74570af1a428d250362b457336e204cd4a10cf97ce861c30190dd4cc7989c929,train,20260703,mnist-sampling-v1,48086,gold_candidate,develop_policy
train_01358,mnist,6,6,data/images/mnist-classification/source-datasets/mnist/6/f48338.png,f48338.png,png,b7b152b211c46069b7e2a007829ab82aff622e7689704b11daf2de2076d6403b,train,20260703,mnist-sampling-v1,48338,gold_candidate,develop_policy
train_01359,mnist,6,6,data/images/mnist-classification/source-datasets/mnist/6/f48740.png,f48740.png,png,3b1eaa3b08539730e38adbe8af5c184aa15425eaa7bd78ba61713d2d97c7cfc4,train,20260703,mnist-sampling-v1,48740,gold_candidate,develop_policy
train_01360,mnist,6,6,data/images/mnist-classification/source-datasets/mnist/6/f48886.png,f48886.png,png,ee766a0b30656e576ae5622725c7c6c90a6b1c5c50c7de17846b3fb6a48d348a,train,20260703,mnist-sampling-v1,48886,gold_candidate,develop_policy
train_01361,mnist,6,6,data/images/mnist-classification/source-datasets/mnist/6/f49036.png,f49036.png,png,313ef9e1bcd5de742e669da4ab35c0cd566f7ad4bf2454fbb7c9640cc4b35fad,train,20260703,mnist-sampling-v1,49036,gold_candidate,develop_policy
train_01362,mnist,6,6,data/images/mnist-classification/source-datasets/mnist/6/f49765.png,f49765.png,png,5e256f5494d08edaa53d67894227e18c949c2462c4767639d94bb63cea16b23e,train,20260703,mnist-sampling-v1,49765,gold_candidate,develop_policy
train_01363,mnist,6,6,data/images/mnist-classification/source-datasets/mnist/6/f50843.png,f50843.png,png,da01c93183f03f0ab6c1898b90e3ac6896410868582b14be388cf8b2ab187d51,train,20260703,mnist-sampling-v1,50843,gold_candidate,develop_policy
train_01364,mnist,6,6,data/images/mnist-classification/source-datasets/mnist/6/f50880.png,f50880.png,png,b6f3a55fcf24ac6761791e7597ab98621f5832158b545acabd103411aacfd2f4,train,20260703,mnist-sampling-v1,50880,gold_candidate,develop_policy
train_01365,mnist,6,6,data/images/mnist-classification/source-datasets/mnist/6/f50912.png,f50912.png,png,913b30c0f7f9ee7995917ed9f4de4e4dba318447f97db5aeb267a08cd0a65b71,train,20260703,mnist-sampling-v1,50912,gold_candidate,develop_policy
train_01366,mnist,6,6,data/images/mnist-classification/source-datasets/mnist/6/f51310.png,f51310.png,png,d78a698298d609549b8d09e1c793d6e84759c8068ed28ed3853efc293ecb02c4,train,20260703,mnist-sampling-v1,51310,gold_candidate,develop_policy
train_01367,mnist,6,6,data/images/mnist-classification/source-datasets/mnist/6/f51525.png,f51525.png,png,8474b0be650091beb250c19498e5d69feb6fae600dc74670e6260f973dfa6ec7,train,20260703,mnist-sampling-v1,51525,gold_candidate,develop_policy
train_01368,mnist,6,6,data/images/mnist-classification/source-datasets/mnist/6/f51661.png,f51661.png,png,a0791ffcc5e565381470b001981b5dca4b41481973138ccfe336726828735870,train,20260703,mnist-sampling-v1,51661,gold_candidate,develop_policy
train_01369,mnist,6,6,data/images/mnist-classification/source-datasets/mnist/6/f52000.png,f52000.png,png,1f4ccd88559b86133260bc95318bd3ac8900de960d8c3d86b95a976c26d785b8,train,20260703,mnist-sampling-v1,52000,gold_candidate,develop_policy
train_01370,mnist,6,6,data/images/mnist-classification/source-datasets/mnist/6/f52100.png,f52100.png,png,3d4a1d116da8f9dae9845714b37e697824a87494ac9999243b83f4c481e6e3dd,train,20260703,mnist-sampling-v1,52100,gold_candidate,develop_policy
train_01371,mnist,6,6,data/images/mnist-classification/source-datasets/mnist/6/f52156.png,f52156.png,png,057aa831d20af8b0a84ed7c93f0a82076a9d410d3d8bc066072ef445b9863bab,train,20260703,mnist-sampling-v1,52156,gold_candidate,develop_policy
train_01372,mnist,6,6,data/images/mnist-classification/source-datasets/mnist/6/f52206.png,f52206.png,png,851081a7dbeef8b6687de84dd763f556eb3a7280a7ef73dba45eaeb1f01c2fd2,train,20260703,mnist-sampling-v1,52206,gold_candidate,develop_policy
train_01373,mnist,6,6,data/images/mnist-classification/source-datasets/mnist/6/f52374.png,f52374.png,png,a26380f710509e0989509975f66f887d9ce5cb9282a2234d504789be020b3ece,train,20260703,mnist-sampling-v1,52374,gold_candidate,develop_policy
train_01374,mnist,6,6,data/images/mnist-classification/source-datasets/mnist/6/f52494.png,f52494.png,png,345a6697e89b43da71918329bee8fa053013b771832db2ca2db68297dbd923c3,train,20260703,mnist-sampling-v1,52494,gold_candidate,develop_policy
train_01375,mnist,6,6,data/images/mnist-classification/source-datasets/mnist/6/f52513.png,f52513.png,png,1421ef49fe8aa97586c7138bd1c010bfb1b3a2591cd4d83a42c2041eece8f034,train,20260703,mnist-sampling-v1,52513,gold_candidate,develop_policy
train_01376,mnist,6,6,data/images/mnist-classification/source-datasets/mnist/6/f52581.png,f52581.png,png,a4dab6d42075d3ab1180c71d97361a9d490d0709caaae4fd88ff546211e503c7,train,20260703,mnist-sampling-v1,52581,gold_candidate,develop_policy
train_01377,mnist,6,6,data/images/mnist-classification/source-datasets/mnist/6/f52788.png,f52788.png,png,a17d72925a966f04b912b50ad3726a772ae363da6d7d51fa925a969acca9e21f,train,20260703,mnist-sampling-v1,52788,gold_candidate,develop_policy
train_01378,mnist,6,6,data/images/mnist-classification/source-datasets/mnist/6/f52897.png,f52897.png,png,92734eb2922ab0d2bd419bb0faafdc997c4420d6adce217626e22424a096e2c1,train,20260703,mnist-sampling-v1,52897,gold_candidate,develop_policy
train_01379,mnist,6,6,data/images/mnist-classification/source-datasets/mnist/6/f53095.png,f53095.png,png,23a890a805438b37b839d1686a2f6d6b7297e6d0a3444a2f3c7f616087788977,train,20260703,mnist-sampling-v1,53095,gold_candidate,develop_policy
train_01380,mnist,6,6,data/images/mnist-classification/source-datasets/mnist/6/f53228.png,f53228.png,png,498a3d8c9a49ec0673651460cd1488a73fd1e2b0b671408df4f24207d086032f,train,20260703,mnist-sampling-v1,53228,gold_candidate,develop_policy
train_01381,mnist,6,6,data/images/mnist-classification/source-datasets/mnist/6/f54124.png,f54124.png,png,35f5f14c2d33a3a150f4d9a409acc427f0db6cfd5b3b328b2e6b64f81074dfa0,train,20260703,mnist-sampling-v1,54124,gold_candidate,develop_policy
train_01382,mnist,6,6,data/images/mnist-classification/source-datasets/mnist/6/f54288.png,f54288.png,png,7be9a11318f14146da95643c47c41762c49ccaacf1e890364b0ebfa2209c437b,train,20260703,mnist-sampling-v1,54288,gold_candidate,develop_policy
train_01383,mnist,6,6,data/images/mnist-classification/source-datasets/mnist/6/f54390.png,f54390.png,png,47fa63114c29fa8bed866c18cf09cdd32334ba96aef2a1646d4f6c06d0cfdda4,train,20260703,mnist-sampling-v1,54390,gold_candidate,develop_policy
train_01384,mnist,6,6,data/images/mnist-classification/source-datasets/mnist/6/f54641.png,f54641.png,png,4e4d962678a4251b9f4c3abbb293d99031ca3c26bf31c8737f50c5e5c23380f5,train,20260703,mnist-sampling-v1,54641,gold_candidate,develop_policy
train_01385,mnist,6,6,data/images/mnist-classification/source-datasets/mnist/6/f55135.png,f55135.png,png,240006277280cb4be419ea6c17291d9c4db0c8a80b3b4f2de4896c00d3f3dcb8,train,20260703,mnist-sampling-v1,55135,gold_candidate,develop_policy
train_01386,mnist,6,6,data/images/mnist-classification/source-datasets/mnist/6/f55512.png,f55512.png,png,94843967f6b1372fbc948b447eb3cb4bf219ff09c2beac562413561ecde56f0c,train,20260703,mnist-sampling-v1,55512,gold_candidate,develop_policy
train_01387,mnist,6,6,data/images/mnist-classification/source-datasets/mnist/6/f55515.png,f55515.png,png,8e043f4b4ef85e3d16dcf0e70859f74f8eeff06ef92b86297ffb4c4bae6023a6,train,20260703,mnist-sampling-v1,55515,gold_candidate,develop_policy
train_01388,mnist,6,6,data/images/mnist-classification/source-datasets/mnist/6/f55536.png,f55536.png,png,eace713dd3809f2dec5dd5327861c409d8d11d4e427497d4991a4475596c2d5e,train,20260703,mnist-sampling-v1,55536,gold_candidate,develop_policy
train_01389,mnist,6,6,data/images/mnist-classification/source-datasets/mnist/6/f56182.png,f56182.png,png,921018523fb69c6ae14b1e219af81842dc61c1b8901c8f7746a32a7a4bf843dc,train,20260703,mnist-sampling-v1,56182,gold_candidate,develop_policy
train_01390,mnist,6,6,data/images/mnist-classification/source-datasets/mnist/6/f56399.png,f56399.png,png,201a2305769eed7574fa9a377b454ba092a87dfa00b16698241c430dc40315ac,train,20260703,mnist-sampling-v1,56399,gold_candidate,develop_policy
train_01391,mnist,6,6,data/images/mnist-classification/source-datasets/mnist/6/f56405.png,f56405.png,png,697cdcc9555c561f1e971c5e6589758a658420892b4e72d36af472f00e752e5d,train,20260703,mnist-sampling-v1,56405,gold_candidate,develop_policy
train_01392,mnist,6,6,data/images/mnist-classification/source-datasets/mnist/6/f56863.png,f56863.png,png,5af07086e67290bbb218cd38bca0b8ee52c0f50b16e1a086a88e4bdf46a9d92d,train,20260703,mnist-sampling-v1,56863,gold_candidate,develop_policy
train_01393,mnist,6,6,data/images/mnist-classification/source-datasets/mnist/6/f57777.png,f57777.png,png,4fa216466a06c010545305f1604fd7f196b0e4d2bdb278ba075d41f61682b6ed,train,20260703,mnist-sampling-v1,57777,gold_candidate,develop_policy
train_01394,mnist,6,6,data/images/mnist-classification/source-datasets/mnist/6/f58415.png,f58415.png,png,4f77e9d6c2422d7c3c39ef273c5bb2c7f1cad192d2a515c48f47c6260b7b43bb,train,20260703,mnist-sampling-v1,58415,gold_candidate,develop_policy
train_01395,mnist,6,6,data/images/mnist-classification/source-datasets/mnist/6/f58669.png,f58669.png,png,6bf03a7b5d09772eafa900d6b0a4d6cd6a337305f0693596bb3fee9486b15823,train,20260703,mnist-sampling-v1,58669,gold_candidate,develop_policy
train_01396,mnist,6,6,data/images/mnist-classification/source-datasets/mnist/6/f58807.png,f58807.png,png,ddf5332595a03b3c7f206e68a44814732bd2be4c5a23d32ed4c3b2bc28d80508,train,20260703,mnist-sampling-v1,58807,gold_candidate,develop_policy
train_01397,mnist,6,6,data/images/mnist-classification/source-datasets/mnist/6/f59192.png,f59192.png,png,1f1bfe4a2f6fe8f1c32c4cb33b2c51025e35474c9c435b9ddde5441436c42711,train,20260703,mnist-sampling-v1,59192,gold_candidate,develop_policy
train_01398,mnist,6,6,data/images/mnist-classification/source-datasets/mnist/6/f59302.png,f59302.png,png,ec92ad9b957b446bde6756a1e8268d894fa2a85e101fd9274234542cb78c1060,train,20260703,mnist-sampling-v1,59302,gold_candidate,develop_policy
train_01399,mnist,6,6,data/images/mnist-classification/source-datasets/mnist/6/f59601.png,f59601.png,png,65692939cd24d51845b7910e694a0227bccc56ecbf0b2f452bfc531847276f17,train,20260703,mnist-sampling-v1,59601,gold_candidate,develop_policy
train_01400,mnist,6,6,data/images/mnist-classification/source-datasets/mnist/6/f59928.png,f59928.png,png,231aedc816f8c70d64b8fb036b9588626eb9a66f50271e78fb4d748cfaefec9b,train,20260703,mnist-sampling-v1,59928,gold_candidate,develop_policy
train_01401,mnist,7,7,data/images/mnist-classification/source-datasets/mnist/7/f223.png,f223.png,png,5bb4a582c66048093f97738a07b511d8903c12c0fc07932ecd0586a22c8519f1,train,20260703,mnist-sampling-v1,223,gold_candidate,develop_policy
train_01402,mnist,7,7,data/images/mnist-classification/source-datasets/mnist/7/f634.png,f634.png,png,99d53d8a9131313dc32a1e2de843a990e373dd36a5068336d06323d96cea3a51,train,20260703,mnist-sampling-v1,634,gold_candidate,develop_policy
train_01403,mnist,7,7,data/images/mnist-classification/source-datasets/mnist/7/f654.png,f654.png,png,ac7fc383634dd19c48e4b95c25ac93d2cd68158a23cf7ce832d0cfbb16e3e97a,train,20260703,mnist-sampling-v1,654,gold_candidate,develop_policy
train_01404,mnist,7,7,data/images/mnist-classification/source-datasets/mnist/7/f750.png,f750.png,png,18e2ef3223f1d7683790db02f1e2bc7ecd01535c97c7c557557ed60007634749,train,20260703,mnist-sampling-v1,750,gold_candidate,develop_policy
train_01405,mnist,7,7,data/images/mnist-classification/source-datasets/mnist/7/f968.png,f968.png,png,4a8494dcb98a81552567b00d2a50a39173be21594da068853ecd9d0b7302b02b,train,20260703,mnist-sampling-v1,968,gold_candidate,develop_policy
train_01406,mnist,7,7,data/images/mnist-classification/source-datasets/mnist/7/f1019.png,f1019.png,png,7f8903349a91304873697638aedead9eaad13f4773a3401b7d1764beddde48bb,train,20260703,mnist-sampling-v1,1019,gold_candidate,develop_policy
train_01407,mnist,7,7,data/images/mnist-classification/source-datasets/mnist/7/f1871.png,f1871.png,png,7cf5c0e6af82c55c9c38e4f710adcd49b14f2354b3bc45f7169f815c260b53d8,train,20260703,mnist-sampling-v1,1871,gold_candidate,develop_policy
train_01408,mnist,7,7,data/images/mnist-classification/source-datasets/mnist/7/f1933.png,f1933.png,png,c94148e0a17765b273c04d6285a8d784446271da5223817b958cb4ba0c3789f0,train,20260703,mnist-sampling-v1,1933,gold_candidate,develop_policy
train_01409,mnist,7,7,data/images/mnist-classification/source-datasets/mnist/7/f2054.png,f2054.png,png,f534a9907ad6f833df0c8a2c814907236ade637c4968882117149cd042d8def8,train,20260703,mnist-sampling-v1,2054,gold_candidate,develop_policy
train_01410,mnist,7,7,data/images/mnist-classification/source-datasets/mnist/7/f2574.png,f2574.png,png,321f63e28a9280fec5d4f691c8dcc783a06aab5df414beee0ba1f2b83c4960c2,train,20260703,mnist-sampling-v1,2574,gold_candidate,develop_policy
train_01411,mnist,7,7,data/images/mnist-classification/source-datasets/mnist/7/f3140.png,f3140.png,png,b76fcc2fbec017742dff5f0f478e294525df3d45aa7c3c8fd2cfa1034e43475a,train,20260703,mnist-sampling-v1,3140,gold_candidate,develop_policy
train_01412,mnist,7,7,data/images/mnist-classification/source-datasets/mnist/7/f3618.png,f3618.png,png,f907851a1d31649145ee51a02624b3216c00a0e1018abe625db2985db0a2a8bd,train,20260703,mnist-sampling-v1,3618,gold_candidate,develop_policy
train_01413,mnist,7,7,data/images/mnist-classification/source-datasets/mnist/7/f4273.png,f4273.png,png,b6b7a32d2ac54fdb98ed81eb7e929274a129eb5627bfb3651a1b645a92080e9d,train,20260703,mnist-sampling-v1,4273,gold_candidate,develop_policy
train_01414,mnist,7,7,data/images/mnist-classification/source-datasets/mnist/7/f4458.png,f4458.png,png,c62540f5726389104d2e7b8d54afeae1de76bafcab1bd8e18955f8ba3293c958,train,20260703,mnist-sampling-v1,4458,gold_candidate,develop_policy
train_01415,mnist,7,7,data/images/mnist-classification/source-datasets/mnist/7/f4809.png,f4809.png,png,98c148e04df5eec104b13973d871fda0554759b15e8a3e61dcf4f9b703f1ab10,train,20260703,mnist-sampling-v1,4809,gold_candidate,develop_policy
train_01416,mnist,7,7,data/images/mnist-classification/source-datasets/mnist/7/f5182.png,f5182.png,png,cbf6088238d6d1aff36cced62a0483bfad87bc8b9102a1bb6d75ab425edabfca,train,20260703,mnist-sampling-v1,5182,gold_candidate,develop_policy
train_01417,mnist,7,7,data/images/mnist-classification/source-datasets/mnist/7/f5652.png,f5652.png,png,701967b75bd5cb5dc7725a8732ec7dcd7b1f16d4344b7d957a80f9121a470efa,train,20260703,mnist-sampling-v1,5652,gold_candidate,develop_policy
train_01418,mnist,7,7,data/images/mnist-classification/source-datasets/mnist/7/f5786.png,f5786.png,png,41fee0d37e2e8128a08b7396461be50e33e265db37701637b9cbdd33c474ea80,train,20260703,mnist-sampling-v1,5786,gold_candidate,develop_policy
train_01419,mnist,7,7,data/images/mnist-classification/source-datasets/mnist/7/f6202.png,f6202.png,png,5b6e090068220a87319956f2dda098aa7250f702ef931d7d7e35fa2979d0964f,train,20260703,mnist-sampling-v1,6202,gold_candidate,develop_policy
train_01420,mnist,7,7,data/images/mnist-classification/source-datasets/mnist/7/f6280.png,f6280.png,png,1bb47917dcb88913ad82f4dace1fe58bc1065059ced4c6673f03aea151090cd7,train,20260703,mnist-sampling-v1,6280,gold_candidate,develop_policy
train_01421,mnist,7,7,data/images/mnist-classification/source-datasets/mnist/7/f6623.png,f6623.png,png,4ebb83d7dbf6e8cf5cf2215703dcc74a38281c2f7c8e429df908874035c23405,train,20260703,mnist-sampling-v1,6623,gold_candidate,develop_policy
train_01422,mnist,7,7,data/images/mnist-classification/source-datasets/mnist/7/f7173.png,f7173.png,png,5d8b582e52c7e389dbd24c58360801c314ccc5facda9bec30a44bd0e1982a8df,train,20260703,mnist-sampling-v1,7173,gold_candidate,develop_policy
train_01423,mnist,7,7,data/images/mnist-classification/source-datasets/mnist/7/f7255.png,f7255.png,png,5eccea7dc5b01efe07de604623cf21188e4c6dcc2e93858bbdf7d94e4404d198,train,20260703,mnist-sampling-v1,7255,gold_candidate,develop_policy
train_01424,mnist,7,7,data/images/mnist-classification/source-datasets/mnist/7/f7643.png,f7643.png,png,7f8959b486fe34eb92b6789aae33040ce7938cff4aa441512195cf141397f6fb,train,20260703,mnist-sampling-v1,7643,gold_candidate,develop_policy
train_01425,mnist,7,7,data/images/mnist-classification/source-datasets/mnist/7/f7730.png,f7730.png,png,eb4edb2441e92693e4dd5903bb4952d3644024aead0138ee50e4e33e5eda372a,train,20260703,mnist-sampling-v1,7730,gold_candidate,develop_policy
train_01426,mnist,7,7,data/images/mnist-classification/source-datasets/mnist/7/f7866.png,f7866.png,png,ae0e9c7d91ccd015720eccab9bf0a5f20a06442761eae5b2c93de328bd3a73d1,train,20260703,mnist-sampling-v1,7866,gold_candidate,develop_policy
train_01427,mnist,7,7,data/images/mnist-classification/source-datasets/mnist/7/f8248.png,f8248.png,png,af726ff7c94c719241c0b00617e2670eb161666eafd35a407f386fafdb9ac816,train,20260703,mnist-sampling-v1,8248,gold_candidate,develop_policy
train_01428,mnist,7,7,data/images/mnist-classification/source-datasets/mnist/7/f8572.png,f8572.png,png,2318773cf8c5eabd72aa4aae86a76e9121d0df72c31affc716d73d0c09e6ebc0,train,20260703,mnist-sampling-v1,8572,gold_candidate,develop_policy
train_01429,mnist,7,7,data/images/mnist-classification/source-datasets/mnist/7/f8596.png,f8596.png,png,b6631d945586be2d1ff3a0163fd8fef538ac1b26bb33b41020a2f05f27338dc8,train,20260703,mnist-sampling-v1,8596,gold_candidate,develop_policy
train_01430,mnist,7,7,data/images/mnist-classification/source-datasets/mnist/7/f9060.png,f9060.png,png,8a892185814dc10b093667610f67aa4c4794fc1a7ae89d5434c887a91f15647f,train,20260703,mnist-sampling-v1,9060,gold_candidate,develop_policy
train_01431,mnist,7,7,data/images/mnist-classification/source-datasets/mnist/7/f9223.png,f9223.png,png,5fe1b25a8c5239094fbcb405735d44768e7ea75b8561b964be3432c57db4fc10,train,20260703,mnist-sampling-v1,9223,gold_candidate,develop_policy
train_01432,mnist,7,7,data/images/mnist-classification/source-datasets/mnist/7/f9582.png,f9582.png,png,4bcc2d20b6c0a7d983a6fb22b322f2b4e5cadccd6b0a5ae9b5263239ec44f9ec,train,20260703,mnist-sampling-v1,9582,gold_candidate,develop_policy
train_01433,mnist,7,7,data/images/mnist-classification/source-datasets/mnist/7/f9768.png,f9768.png,png,e278bd4e0b39a3f7d3417be864ae3716299337d47033e2f8e66711332bbbae19,train,20260703,mnist-sampling-v1,9768,gold_candidate,develop_policy
train_01434,mnist,7,7,data/images/mnist-classification/source-datasets/mnist/7/f9787.png,f9787.png,png,b859d7dde54ca9c05c0767ece166a182872bf2f22c94f34f71b20716d5ba60c5,train,20260703,mnist-sampling-v1,9787,gold_candidate,develop_policy
train_01435,mnist,7,7,data/images/mnist-classification/source-datasets/mnist/7/f9788.png,f9788.png,png,de9a32b49f02ee97fa29a7f4eb0dc2c3194cfc6ed5994c45650802de951fd5da,train,20260703,mnist-sampling-v1,9788,gold_candidate,develop_policy
train_01436,mnist,7,7,data/images/mnist-classification/source-datasets/mnist/7/f9882.png,f9882.png,png,d7421f2a36663660854633b940e6f18d8c77e42e3780bb0de7957b9321d7401c,train,20260703,mnist-sampling-v1,9882,gold_candidate,develop_policy
train_01437,mnist,7,7,data/images/mnist-classification/source-datasets/mnist/7/f10046.png,f10046.png,png,97f54e089e30e07fa4abaa0ff75d77f35c66dd6c55efd11af2b4ed8929341438,train,20260703,mnist-sampling-v1,10046,gold_candidate,develop_policy
train_01438,mnist,7,7,data/images/mnist-classification/source-datasets/mnist/7/f10388.png,f10388.png,png,823a725fce2ec7d9c8103b902308043f62957e394b67386e600f0b00d68562ea,train,20260703,mnist-sampling-v1,10388,gold_candidate,develop_policy
train_01439,mnist,7,7,data/images/mnist-classification/source-datasets/mnist/7/f10593.png,f10593.png,png,9e2d7d259f09ae0b59bd98e0f2cbb8fe39546486d0a3ff99ee638928a187c31a,train,20260703,mnist-sampling-v1,10593,gold_candidate,develop_policy
train_01440,mnist,7,7,data/images/mnist-classification/source-datasets/mnist/7/f11294.png,f11294.png,png,80535c435435bd63a6386744f1768be94fdedf6dc0c6d6f083bee81a7b038a21,train,20260703,mnist-sampling-v1,11294,gold_candidate,develop_policy
train_01441,mnist,7,7,data/images/mnist-classification/source-datasets/mnist/7/f12031.png,f12031.png,png,bb5fb3863169b319ab111a940b1cfd5c51028d2ddef90cf06f3c479c866352bd,train,20260703,mnist-sampling-v1,12031,gold_candidate,develop_policy
train_01442,mnist,7,7,data/images/mnist-classification/source-datasets/mnist/7/f12188.png,f12188.png,png,2307dd300881492752150dab90f0255e20e1bea457bfdb5f0774ec93b9d49840,train,20260703,mnist-sampling-v1,12188,gold_candidate,develop_policy
train_01443,mnist,7,7,data/images/mnist-classification/source-datasets/mnist/7/f12206.png,f12206.png,png,8883dc022ad7b3b932b06254823a555fd62f9c6a8df23cb990cb834754de5445,train,20260703,mnist-sampling-v1,12206,gold_candidate,develop_policy
train_01444,mnist,7,7,data/images/mnist-classification/source-datasets/mnist/7/f12678.png,f12678.png,png,5a1ddf7ec4bcb502786cdfc5fa7054f11be95a8fb15944e45c87061a94945dc4,train,20260703,mnist-sampling-v1,12678,gold_candidate,develop_policy
train_01445,mnist,7,7,data/images/mnist-classification/source-datasets/mnist/7/f12849.png,f12849.png,png,2aa2b01b7735b1b7856a3a664261c1e5e2f9a298a036b0b8392258e0cccc28b7,train,20260703,mnist-sampling-v1,12849,gold_candidate,develop_policy
train_01446,mnist,7,7,data/images/mnist-classification/source-datasets/mnist/7/f13767.png,f13767.png,png,2c85a234ccea080726c5a3a1cbae4d348efc7a9d515d97079809444a2f93adfb,train,20260703,mnist-sampling-v1,13767,gold_candidate,develop_policy
train_01447,mnist,7,7,data/images/mnist-classification/source-datasets/mnist/7/f13776.png,f13776.png,png,61cde6b7d0b48ef0778e9c225277aeeccea5b3fdc1855ae514d557e8b255da44,train,20260703,mnist-sampling-v1,13776,gold_candidate,develop_policy
train_01448,mnist,7,7,data/images/mnist-classification/source-datasets/mnist/7/f13867.png,f13867.png,png,526c33679d4c0f9f3f594b4b4d923817a847d8985523f29747d25b0677c719a1,train,20260703,mnist-sampling-v1,13867,gold_candidate,develop_policy
train_01449,mnist,7,7,data/images/mnist-classification/source-datasets/mnist/7/f14053.png,f14053.png,png,09f768b8d407369ac4ce21d2d2cd7da9aacb7adc8bdbb249ee0b5c377c4d0a0b,train,20260703,mnist-sampling-v1,14053,gold_candidate,develop_policy
train_01450,mnist,7,7,data/images/mnist-classification/source-datasets/mnist/7/f14455.png,f14455.png,png,e11b7b0f9a4cc65feb2ab8283cb42452c43683f533b1325667bcd5e3236f76d2,train,20260703,mnist-sampling-v1,14455,gold_candidate,develop_policy
train_01451,mnist,7,7,data/images/mnist-classification/source-datasets/mnist/7/f14795.png,f14795.png,png,fad93fa9625d6dcee083491622f4e85159025f94d63b89b51c2a4c68e4b6c8b3,train,20260703,mnist-sampling-v1,14795,gold_candidate,develop_policy
train_01452,mnist,7,7,data/images/mnist-classification/source-datasets/mnist/7/f14911.png,f14911.png,png,5f687578e0144617092ac0f46ce65a11f0dc8d93c3ecceb96f951451121763eb,train,20260703,mnist-sampling-v1,14911,gold_candidate,develop_policy
train_01453,mnist,7,7,data/images/mnist-classification/source-datasets/mnist/7/f15172.png,f15172.png,png,58a25b7dba6aa1e1fb030aef3fe2c24f15f4dc606c1eaeae2f1703d98f60b970,train,20260703,mnist-sampling-v1,15172,gold_candidate,develop_policy
train_01454,mnist,7,7,data/images/mnist-classification/source-datasets/mnist/7/f15200.png,f15200.png,png,37f714aca4652b2ebef77755c5c50906597ded4fab0d5da246c8e659614c9e51,train,20260703,mnist-sampling-v1,15200,gold_candidate,develop_policy
train_01455,mnist,7,7,data/images/mnist-classification/source-datasets/mnist/7/f15209.png,f15209.png,png,e47621ef04c242fd3efb885d10a011bf1d4fdf3f1b77af4259c22527e651068e,train,20260703,mnist-sampling-v1,15209,gold_candidate,develop_policy
train_01456,mnist,7,7,data/images/mnist-classification/source-datasets/mnist/7/f15229.png,f15229.png,png,6537a11889b3371140cf34b8837198dbe80066a2fd7bc6551b234b35900bf2ae,train,20260703,mnist-sampling-v1,15229,gold_candidate,develop_policy
train_01457,mnist,7,7,data/images/mnist-classification/source-datasets/mnist/7/f15319.png,f15319.png,png,cf266c98ab772446e76fca565ebe8d3a946f945f83463562196f441503d5f73a,train,20260703,mnist-sampling-v1,15319,gold_candidate,develop_policy
train_01458,mnist,7,7,data/images/mnist-classification/source-datasets/mnist/7/f15900.png,f15900.png,png,936407be613c30203e02f3f2c85a22c3c654627cd8d6d562e6c4a10e8778e246,train,20260703,mnist-sampling-v1,15900,gold_candidate,develop_policy
train_01459,mnist,7,7,data/images/mnist-classification/source-datasets/mnist/7/f16537.png,f16537.png,png,2cf6c06b14c46d4eea384f3786afc915b071921fda4f1c49a1395969860f1055,train,20260703,mnist-sampling-v1,16537,gold_candidate,develop_policy
train_01460,mnist,7,7,data/images/mnist-classification/source-datasets/mnist/7/f16615.png,f16615.png,png,47107a5f3c6c659d9e6196394350a0dfb1a126a9cd2b6f109f610fc460deca89,train,20260703,mnist-sampling-v1,16615,gold_candidate,develop_policy
train_01461,mnist,7,7,data/images/mnist-classification/source-datasets/mnist/7/f16672.png,f16672.png,png,8561dd4f14509fa80f7922ea2cddc6bcdbce2049d1afc8b84703b3d93166d8bd,train,20260703,mnist-sampling-v1,16672,gold_candidate,develop_policy
train_01462,mnist,7,7,data/images/mnist-classification/source-datasets/mnist/7/f16696.png,f16696.png,png,5c24061c34b2892503a82fa6e0debf0b0a4b6c3d85af8cc9f831b070f72fa07d,train,20260703,mnist-sampling-v1,16696,gold_candidate,develop_policy
train_01463,mnist,7,7,data/images/mnist-classification/source-datasets/mnist/7/f16843.png,f16843.png,png,cc5b9719847c9e11932fad1166424e4beb85df5461d5acaca7162635dc3c4589,train,20260703,mnist-sampling-v1,16843,gold_candidate,develop_policy
train_01464,mnist,7,7,data/images/mnist-classification/source-datasets/mnist/7/f17017.png,f17017.png,png,850e5282f38133deaf27768e9e68d485dbd8b72b4add6d47e0c9fcd37e29f8ab,train,20260703,mnist-sampling-v1,17017,gold_candidate,develop_policy
train_01465,mnist,7,7,data/images/mnist-classification/source-datasets/mnist/7/f17424.png,f17424.png,png,8c079dc8fda4fbcd6b5701c073e75374bef9bf9988d52784ae28acf983a55a61,train,20260703,mnist-sampling-v1,17424,gold_candidate,develop_policy
train_01466,mnist,7,7,data/images/mnist-classification/source-datasets/mnist/7/f17807.png,f17807.png,png,74ff249148955ced6d458aaa759d956b49feee4b10dcdf0ea6d6b980b8573ac2,train,20260703,mnist-sampling-v1,17807,gold_candidate,develop_policy
train_01467,mnist,7,7,data/images/mnist-classification/source-datasets/mnist/7/f18843.png,f18843.png,png,933ad21eb8fbcab903158fac49b3476dd205d1fd581a6c28a5c877b3c7f3cd9a,train,20260703,mnist-sampling-v1,18843,gold_candidate,develop_policy
train_01468,mnist,7,7,data/images/mnist-classification/source-datasets/mnist/7/f19050.png,f19050.png,png,4bdebe831470497419982bad51cfd40d32d763da0eb507247f2c3a9699ee375a,train,20260703,mnist-sampling-v1,19050,gold_candidate,develop_policy
train_01469,mnist,7,7,data/images/mnist-classification/source-datasets/mnist/7/f19642.png,f19642.png,png,567b4be6c1cc022b23d7a0d97bbb6f9d9e59d135bce7ff18bd045214491a4841,train,20260703,mnist-sampling-v1,19642,gold_candidate,develop_policy
train_01470,mnist,7,7,data/images/mnist-classification/source-datasets/mnist/7/f19978.png,f19978.png,png,971b13ac7a29b171b43f9d428bd37a4be4f26687d7078a31cda2f3583749be1d,train,20260703,mnist-sampling-v1,19978,gold_candidate,develop_policy
train_01471,mnist,7,7,data/images/mnist-classification/source-datasets/mnist/7/f20311.png,f20311.png,png,36c7ced7579304d42ca661e7171dfda9c2f531a1363bc9aa8fbecfd376a930af,train,20260703,mnist-sampling-v1,20311,gold_candidate,develop_policy
train_01472,mnist,7,7,data/images/mnist-classification/source-datasets/mnist/7/f20417.png,f20417.png,png,bea575980dd6b51b038c92cac7cee2dcf3e38b5354a28745099d70d78ce2e061,train,20260703,mnist-sampling-v1,20417,gold_candidate,develop_policy
train_01473,mnist,7,7,data/images/mnist-classification/source-datasets/mnist/7/f20669.png,f20669.png,png,962e7cd7b8d95f56e782e2dcf5be78b4aadfbf5fe8043f061c6d9dd9c2f1b83a,train,20260703,mnist-sampling-v1,20669,gold_candidate,develop_policy
train_01474,mnist,7,7,data/images/mnist-classification/source-datasets/mnist/7/f20766.png,f20766.png,png,5eae3520aba7ca4c417985a8e834b4eaf0f9489dda56906755c608c6be841aca,train,20260703,mnist-sampling-v1,20766,gold_candidate,develop_policy
train_01475,mnist,7,7,data/images/mnist-classification/source-datasets/mnist/7/f21133.png,f21133.png,png,4e513fa4bbe5dcdab2729d5771655c4f4c61e57c24dba7a5930bc77fa096c40d,train,20260703,mnist-sampling-v1,21133,gold_candidate,develop_policy
train_01476,mnist,7,7,data/images/mnist-classification/source-datasets/mnist/7/f21236.png,f21236.png,png,4ca0a3c06339727bfa9656401973ce85c65949e2c8265a0c8898d653e6eea98d,train,20260703,mnist-sampling-v1,21236,gold_candidate,develop_policy
train_01477,mnist,7,7,data/images/mnist-classification/source-datasets/mnist/7/f21333.png,f21333.png,png,42c61aff2b9cf53ed300ff1eca99db01c925338a2f1c678fe83859906f2e7174,train,20260703,mnist-sampling-v1,21333,gold_candidate,develop_policy
train_01478,mnist,7,7,data/images/mnist-classification/source-datasets/mnist/7/f21463.png,f21463.png,png,311ed84fd0b104cd74519a273b3f2afdd2c68022ff6409e17db96167d6af3fd2,train,20260703,mnist-sampling-v1,21463,gold_candidate,develop_policy
train_01479,mnist,7,7,data/images/mnist-classification/source-datasets/mnist/7/f21572.png,f21572.png,png,e61f5288e8c1fd06d79189b990bba0e463798e096273e2a7bee3fa9969b8d35b,train,20260703,mnist-sampling-v1,21572,gold_candidate,develop_policy
train_01480,mnist,7,7,data/images/mnist-classification/source-datasets/mnist/7/f21621.png,f21621.png,png,9e02205053f4a127c7c27b2c45ae94c259d5a4b66f710647918a83c1a45e4841,train,20260703,mnist-sampling-v1,21621,gold_candidate,develop_policy
train_01481,mnist,7,7,data/images/mnist-classification/source-datasets/mnist/7/f21700.png,f21700.png,png,9dabf21ac840af78d97f42e92c114c62800331660c8951742ffbcdca894ca858,train,20260703,mnist-sampling-v1,21700,gold_candidate,develop_policy
train_01482,mnist,7,7,data/images/mnist-classification/source-datasets/mnist/7/f21706.png,f21706.png,png,be4febb57038a628269b6de05e341c8768406e140ae5eec65183045ee51e7771,train,20260703,mnist-sampling-v1,21706,gold_candidate,develop_policy
train_01483,mnist,7,7,data/images/mnist-classification/source-datasets/mnist/7/f21871.png,f21871.png,png,bb36022e97d262da02039dc1df0c679a217cfdeedc7224c5d9890955b45faa33,train,20260703,mnist-sampling-v1,21871,gold_candidate,develop_policy
train_01484,mnist,7,7,data/images/mnist-classification/source-datasets/mnist/7/f21915.png,f21915.png,png,277ff42a6ac1693865a75653f61c71c3d02c1d08d5caa1675d67ba44a42a8809,train,20260703,mnist-sampling-v1,21915,gold_candidate,develop_policy
train_01485,mnist,7,7,data/images/mnist-classification/source-datasets/mnist/7/f22301.png,f22301.png,png,2286109b27fdecc78247d85eac1ce6f1834bb0f15ca470ef1057578135073dd0,train,20260703,mnist-sampling-v1,22301,gold_candidate,develop_policy
train_01486,mnist,7,7,data/images/mnist-classification/source-datasets/mnist/7/f22539.png,f22539.png,png,855986c1784ca2ab8c09bdd50945ab41f637d75fded940e7042fba2aaaa9139a,train,20260703,mnist-sampling-v1,22539,gold_candidate,develop_policy
train_01487,mnist,7,7,data/images/mnist-classification/source-datasets/mnist/7/f22570.png,f22570.png,png,410acf810eab7b2599ffd383549bf58efa4f493cf403a62fc4be7acf4bc05b3f,train,20260703,mnist-sampling-v1,22570,gold_candidate,develop_policy
train_01488,mnist,7,7,data/images/mnist-classification/source-datasets/mnist/7/f22858.png,f22858.png,png,1a36481a15b6870eda656692a52cdc4c1bb234a6a6e99b2e77a8fe4648675df2,train,20260703,mnist-sampling-v1,22858,gold_candidate,develop_policy
train_01489,mnist,7,7,data/images/mnist-classification/source-datasets/mnist/7/f22955.png,f22955.png,png,d9ad0b3469fcfb54f627ce8ddada608d1e67d5f668e17cf1791a0bb178e2969f,train,20260703,mnist-sampling-v1,22955,gold_candidate,develop_policy
train_01490,mnist,7,7,data/images/mnist-classification/source-datasets/mnist/7/f23010.png,f23010.png,png,d6a335843cb01d191eb5a8c981ba19c2e87dd0ed07ef4539d6944c42160eaca5,train,20260703,mnist-sampling-v1,23010,gold_candidate,develop_policy
train_01491,mnist,7,7,data/images/mnist-classification/source-datasets/mnist/7/f23248.png,f23248.png,png,87d6e4abff7ac7ad3d88337ab48a9c1700c555a712aec1908deccbde7c56faed,train,20260703,mnist-sampling-v1,23248,gold_candidate,develop_policy
train_01492,mnist,7,7,data/images/mnist-classification/source-datasets/mnist/7/f23283.png,f23283.png,png,4c117a42fa2614935b978b50d2577f70b53980342a57d4f7d2422cc90beff9e8,train,20260703,mnist-sampling-v1,23283,gold_candidate,develop_policy
train_01493,mnist,7,7,data/images/mnist-classification/source-datasets/mnist/7/f24172.png,f24172.png,png,d7755661e33610777d0095a2b0ef0dd37bf924df827a89517506d5eea85f34dc,train,20260703,mnist-sampling-v1,24172,gold_candidate,develop_policy
train_01494,mnist,7,7,data/images/mnist-classification/source-datasets/mnist/7/f24434.png,f24434.png,png,f80a471f2565a97ebbc0e04064fbe605ff0e61b8a3ba76698c2c972b6456b8a2,train,20260703,mnist-sampling-v1,24434,gold_candidate,develop_policy
train_01495,mnist,7,7,data/images/mnist-classification/source-datasets/mnist/7/f24548.png,f24548.png,png,073409d55a563ece03b13c3926da8245fd752e7f6872d74b7cf636e3198e7c97,train,20260703,mnist-sampling-v1,24548,gold_candidate,develop_policy
train_01496,mnist,7,7,data/images/mnist-classification/source-datasets/mnist/7/f24797.png,f24797.png,png,c04a81bdd6eed90f5562f79fda681fc216cb2c3bf25aac48f1cd1be55cf61a9c,train,20260703,mnist-sampling-v1,24797,gold_candidate,develop_policy
train_01497,mnist,7,7,data/images/mnist-classification/source-datasets/mnist/7/f25126.png,f25126.png,png,009376b05369069403a0e4fc28aca5277934f7584f60f9c5ea752b2b8339d191,train,20260703,mnist-sampling-v1,25126,gold_candidate,develop_policy
train_01498,mnist,7,7,data/images/mnist-classification/source-datasets/mnist/7/f25594.png,f25594.png,png,c72c467e2649896c649e6bef37af73ebf8b297eb3f8dc88e377112feed52d19f,train,20260703,mnist-sampling-v1,25594,gold_candidate,develop_policy
train_01499,mnist,7,7,data/images/mnist-classification/source-datasets/mnist/7/f25727.png,f25727.png,png,c76378f3bb48a4b608ebe87a3d7866f1087da82873794c6e9d7528f2fada5f96,train,20260703,mnist-sampling-v1,25727,gold_candidate,develop_policy
train_01500,mnist,7,7,data/images/mnist-classification/source-datasets/mnist/7/f25926.png,f25926.png,png,5e11005e10eb64e7082c6a4ce286ca87a676e06e6fda30568d24b1364808c9c4,train,20260703,mnist-sampling-v1,25926,gold_candidate,develop_policy
train_01501,mnist,7,7,data/images/mnist-classification/source-datasets/mnist/7/f26304.png,f26304.png,png,8aa7cc7bca0062c8041e9f5961f4e9841e1ee33b4a17efb36c1da97a64298bbe,train,20260703,mnist-sampling-v1,26304,gold_candidate,develop_policy
train_01502,mnist,7,7,data/images/mnist-classification/source-datasets/mnist/7/f27039.png,f27039.png,png,102218340bd231dc4b1eb99e8de5f1d8615be853ff5fd66619710530d10e411f,train,20260703,mnist-sampling-v1,27039,gold_candidate,develop_policy
train_01503,mnist,7,7,data/images/mnist-classification/source-datasets/mnist/7/f27532.png,f27532.png,png,22bf08d1cfe3fefe435546dfe1eb70248eb255879cf716f04ca90c47f3b30ee1,train,20260703,mnist-sampling-v1,27532,gold_candidate,develop_policy
train_01504,mnist,7,7,data/images/mnist-classification/source-datasets/mnist/7/f27647.png,f27647.png,png,65f0d89417c911f975f51b8fc840c8627195b4757263d591c1bbb5f69005383d,train,20260703,mnist-sampling-v1,27647,gold_candidate,develop_policy
train_01505,mnist,7,7,data/images/mnist-classification/source-datasets/mnist/7/f28337.png,f28337.png,png,8b5698d60e89d04787cd3033b35a7b78d82f04b35fc19121cbab355d72139f56,train,20260703,mnist-sampling-v1,28337,gold_candidate,develop_policy
train_01506,mnist,7,7,data/images/mnist-classification/source-datasets/mnist/7/f29436.png,f29436.png,png,8c3f52b472afa1ad9e6c8909ff941d45b835c40c366bfd4c83b44f242d2edb89,train,20260703,mnist-sampling-v1,29436,gold_candidate,develop_policy
train_01507,mnist,7,7,data/images/mnist-classification/source-datasets/mnist/7/f29730.png,f29730.png,png,f07c390d0ec5b5ece068eef8a378be9016280a345a52132c30cca6e6f12ec83f,train,20260703,mnist-sampling-v1,29730,gold_candidate,develop_policy
train_01508,mnist,7,7,data/images/mnist-classification/source-datasets/mnist/7/f29786.png,f29786.png,png,2f26c1fe8ec559430a8d8380247dab0ac63556e72904f487193f63132a2727f1,train,20260703,mnist-sampling-v1,29786,gold_candidate,develop_policy
train_01509,mnist,7,7,data/images/mnist-classification/source-datasets/mnist/7/f30060.png,f30060.png,png,84c1f1de02cb356629b5d90cd1be52df824924a5e208f404b5cc1ef5708b9840,train,20260703,mnist-sampling-v1,30060,gold_candidate,develop_policy
train_01510,mnist,7,7,data/images/mnist-classification/source-datasets/mnist/7/f30109.png,f30109.png,png,832de566ee16862270275bb224f5f4ab05ba2a9c74ca99edf0765970f175fded,train,20260703,mnist-sampling-v1,30109,gold_candidate,develop_policy
train_01511,mnist,7,7,data/images/mnist-classification/source-datasets/mnist/7/f30579.png,f30579.png,png,a798bee73ce1499cafd6656a75a69a3e6b9992882434aeed7825a31e923217f6,train,20260703,mnist-sampling-v1,30579,gold_candidate,develop_policy
train_01512,mnist,7,7,data/images/mnist-classification/source-datasets/mnist/7/f30664.png,f30664.png,png,fbb1bb70ce1d3cffa1f6fe0aa583f1fa503772c3e5e084a20e1cf2d76e7fcaea,train,20260703,mnist-sampling-v1,30664,gold_candidate,develop_policy
train_01513,mnist,7,7,data/images/mnist-classification/source-datasets/mnist/7/f30979.png,f30979.png,png,e43f539e292aa9152592ad60b3d184675d69f023ee88e7e8928bd387de717ebc,train,20260703,mnist-sampling-v1,30979,gold_candidate,develop_policy
train_01514,mnist,7,7,data/images/mnist-classification/source-datasets/mnist/7/f31383.png,f31383.png,png,47cc8218113430b0d30f5481769e397ba5df4a001a70f17292ff492d4403b128,train,20260703,mnist-sampling-v1,31383,gold_candidate,develop_policy
train_01515,mnist,7,7,data/images/mnist-classification/source-datasets/mnist/7/f32266.png,f32266.png,png,f1aea3120edb9ab291221759a33ba315ff4f587688989cce793b04fd9491a3f2,train,20260703,mnist-sampling-v1,32266,gold_candidate,develop_policy
train_01516,mnist,7,7,data/images/mnist-classification/source-datasets/mnist/7/f32571.png,f32571.png,png,2390429505dadd7b0b599e8ae5578d06e8d6dda3ab29f4e14c058bb7a00c63bf,train,20260703,mnist-sampling-v1,32571,gold_candidate,develop_policy
train_01517,mnist,7,7,data/images/mnist-classification/source-datasets/mnist/7/f32820.png,f32820.png,png,661b5b922bc2148d6cba793f0958cb9b56d19adc92edecf0e5cb937f5cb8eece,train,20260703,mnist-sampling-v1,32820,gold_candidate,develop_policy
train_01518,mnist,7,7,data/images/mnist-classification/source-datasets/mnist/7/f33284.png,f33284.png,png,61d4af90df90e8ad2bd3899405abf382c0c7f4b6f63308726be9deb4a84fa73f,train,20260703,mnist-sampling-v1,33284,gold_candidate,develop_policy
train_01519,mnist,7,7,data/images/mnist-classification/source-datasets/mnist/7/f33287.png,f33287.png,png,9c8d8368020e7dfbe5a254c4c343abe8d0d9e383a5e7367be2d77d20f9f47cbe,train,20260703,mnist-sampling-v1,33287,gold_candidate,develop_policy
train_01520,mnist,7,7,data/images/mnist-classification/source-datasets/mnist/7/f33348.png,f33348.png,png,c55f8f2abaf6e54f579e025d1e07153788c51f784eb239e637d5a3d2188152af,train,20260703,mnist-sampling-v1,33348,gold_candidate,develop_policy
train_01521,mnist,7,7,data/images/mnist-classification/source-datasets/mnist/7/f33455.png,f33455.png,png,dac243f977adda4e0fb0ac5714cb3babc40a343ebe81913bc7c478f021331096,train,20260703,mnist-sampling-v1,33455,gold_candidate,develop_policy
train_01522,mnist,7,7,data/images/mnist-classification/source-datasets/mnist/7/f33543.png,f33543.png,png,9020de24b76173f014ae1f6c09d0100a8d87021d2b7ccf0bcd339fe017bb0957,train,20260703,mnist-sampling-v1,33543,gold_candidate,develop_policy
train_01523,mnist,7,7,data/images/mnist-classification/source-datasets/mnist/7/f34069.png,f34069.png,png,6315824e32833124fd94df14bfaf147cf81cba95335ca880c567738299fcc2f4,train,20260703,mnist-sampling-v1,34069,gold_candidate,develop_policy
train_01524,mnist,7,7,data/images/mnist-classification/source-datasets/mnist/7/f34200.png,f34200.png,png,99ed0c6da3ebd1b430947d60cfcfb3b7e34246e65b157a6b72623d3cd354fb27,train,20260703,mnist-sampling-v1,34200,gold_candidate,develop_policy
train_01525,mnist,7,7,data/images/mnist-classification/source-datasets/mnist/7/f35499.png,f35499.png,png,f6331bb3d9ce5042aeaf6d3616c9eabf45677af06e6850cb6f8e65c25457dd18,train,20260703,mnist-sampling-v1,35499,gold_candidate,develop_policy
train_01526,mnist,7,7,data/images/mnist-classification/source-datasets/mnist/7/f35960.png,f35960.png,png,c8b2c9748ddbafb672c2e14e37b5ef02ab5a83311b6ebec5e4007c29eea76585,train,20260703,mnist-sampling-v1,35960,gold_candidate,develop_policy
train_01527,mnist,7,7,data/images/mnist-classification/source-datasets/mnist/7/f36134.png,f36134.png,png,ab395c97de206e9a1d5508a46a0983da71a1af9a44a3b8bcbac692251b99ba81,train,20260703,mnist-sampling-v1,36134,gold_candidate,develop_policy
train_01528,mnist,7,7,data/images/mnist-classification/source-datasets/mnist/7/f36613.png,f36613.png,png,717a3eba03d2f9c78bdf90b59413d89707f0d94e6934e385564694bf77436fbf,train,20260703,mnist-sampling-v1,36613,gold_candidate,develop_policy
train_01529,mnist,7,7,data/images/mnist-classification/source-datasets/mnist/7/f36873.png,f36873.png,png,baaad495ae23d7ff9f40c1b57913e4268a113746f7bce3362efc6059fc9b88f0,train,20260703,mnist-sampling-v1,36873,gold_candidate,develop_policy
train_01530,mnist,7,7,data/images/mnist-classification/source-datasets/mnist/7/f36876.png,f36876.png,png,577d0a0e81439216f6a8f2e0d67161e8de1ed11f2fc07cf1b960a32fe1b9ec07,train,20260703,mnist-sampling-v1,36876,gold_candidate,develop_policy
train_01531,mnist,7,7,data/images/mnist-classification/source-datasets/mnist/7/f37133.png,f37133.png,png,88fcf3a50b8b60d76bd8fd8d06a89f3d2b1c3d32a2ed348a7676d90394f2ca86,train,20260703,mnist-sampling-v1,37133,gold_candidate,develop_policy
train_01532,mnist,7,7,data/images/mnist-classification/source-datasets/mnist/7/f37494.png,f37494.png,png,4047c01c3366336460f5f13b06b5107505f6b2231b25cbf27f63855881009fef,train,20260703,mnist-sampling-v1,37494,gold_candidate,develop_policy
train_01533,mnist,7,7,data/images/mnist-classification/source-datasets/mnist/7/f38133.png,f38133.png,png,33360267ce5063b45aef93e25ee9a701c47c06cdc40d43b17dd595ac9ff8fb9d,train,20260703,mnist-sampling-v1,38133,gold_candidate,develop_policy
train_01534,mnist,7,7,data/images/mnist-classification/source-datasets/mnist/7/f38210.png,f38210.png,png,173c79ce349562488976fd148b5fb4ebd6ab15a2fb90848d8c9d6b6ad661ab5a,train,20260703,mnist-sampling-v1,38210,gold_candidate,develop_policy
train_01535,mnist,7,7,data/images/mnist-classification/source-datasets/mnist/7/f38521.png,f38521.png,png,545d536ad6e6aab07e40bd314f10ee5a4eed011d7b01249ae41bde66983a8573,train,20260703,mnist-sampling-v1,38521,gold_candidate,develop_policy
train_01536,mnist,7,7,data/images/mnist-classification/source-datasets/mnist/7/f38557.png,f38557.png,png,a60889fa4eab2a0aa045976f9c327ab3474d6095cd55fdc8e9ea598b2b3b5fac,train,20260703,mnist-sampling-v1,38557,gold_candidate,develop_policy
train_01537,mnist,7,7,data/images/mnist-classification/source-datasets/mnist/7/f38890.png,f38890.png,png,1c2b12062367554a00c0e3f887ea722174b2f3b3569f761b8cce90231f202c2f,train,20260703,mnist-sampling-v1,38890,gold_candidate,develop_policy
train_01538,mnist,7,7,data/images/mnist-classification/source-datasets/mnist/7/f39150.png,f39150.png,png,00f915bb364dc055c1111df74e5eed0a4b24f73db75b9bc379758a4998ab954d,train,20260703,mnist-sampling-v1,39150,gold_candidate,develop_policy
train_01539,mnist,7,7,data/images/mnist-classification/source-datasets/mnist/7/f39252.png,f39252.png,png,a4e06eb3270aab82af5d0b46fb0c27b850bd285b9d026c4811135f1f9c3807a9,train,20260703,mnist-sampling-v1,39252,gold_candidate,develop_policy
train_01540,mnist,7,7,data/images/mnist-classification/source-datasets/mnist/7/f39826.png,f39826.png,png,6f780e7256e74ca75b10cb4794576262252eb4daeb179235a913266ccb9be338,train,20260703,mnist-sampling-v1,39826,gold_candidate,develop_policy
train_01541,mnist,7,7,data/images/mnist-classification/source-datasets/mnist/7/f40216.png,f40216.png,png,8e5b21443c4158afde05cd9913082f2183fc1121a7aa735231d256e3e5957546,train,20260703,mnist-sampling-v1,40216,gold_candidate,develop_policy
train_01542,mnist,7,7,data/images/mnist-classification/source-datasets/mnist/7/f40242.png,f40242.png,png,f2dcddb8bd75254ed13785357708adfade25cd9959442da47095d860784747f0,train,20260703,mnist-sampling-v1,40242,gold_candidate,develop_policy
train_01543,mnist,7,7,data/images/mnist-classification/source-datasets/mnist/7/f41009.png,f41009.png,png,f17175794aeabca422ccaa3b640dfa53d78fbc23af9a1e052fb82d033a7b1fe1,train,20260703,mnist-sampling-v1,41009,gold_candidate,develop_policy
train_01544,mnist,7,7,data/images/mnist-classification/source-datasets/mnist/7/f41113.png,f41113.png,png,afbdfba465d5e0213e5a6728f097fb1ea8d3fb71291ea389ecf8557f6dc6902e,train,20260703,mnist-sampling-v1,41113,gold_candidate,develop_policy
train_01545,mnist,7,7,data/images/mnist-classification/source-datasets/mnist/7/f41236.png,f41236.png,png,26c74ed4bca1f4cafe051ed8420ec46ff697661a383be8dbcb3cf58b21ec1d17,train,20260703,mnist-sampling-v1,41236,gold_candidate,develop_policy
train_01546,mnist,7,7,data/images/mnist-classification/source-datasets/mnist/7/f41325.png,f41325.png,png,dd78a8df5e519abab2bc08fe56d16b3a7e71d9b872d2af3d9ec41fbfbd25385b,train,20260703,mnist-sampling-v1,41325,gold_candidate,develop_policy
train_01547,mnist,7,7,data/images/mnist-classification/source-datasets/mnist/7/f41604.png,f41604.png,png,7edb0c184d15fadfc5bdc23b8cde93ee62f6c866fc004b4d0235b887ff02c893,train,20260703,mnist-sampling-v1,41604,gold_candidate,develop_policy
train_01548,mnist,7,7,data/images/mnist-classification/source-datasets/mnist/7/f42292.png,f42292.png,png,ac5460f3d321be79951dbd44ddb1497c3db57b1402785d4cd19a1ae4bd8db87e,train,20260703,mnist-sampling-v1,42292,gold_candidate,develop_policy
train_01549,mnist,7,7,data/images/mnist-classification/source-datasets/mnist/7/f42415.png,f42415.png,png,6fabd9a68b9c775e7482d932e906257ee7426fdf06c4397c274c647d02d74e0a,train,20260703,mnist-sampling-v1,42415,gold_candidate,develop_policy
train_01550,mnist,7,7,data/images/mnist-classification/source-datasets/mnist/7/f42722.png,f42722.png,png,7d877eece2b89dfd28d19178b6621668114512ca8a4b6c3833813cd28a518b7e,train,20260703,mnist-sampling-v1,42722,gold_candidate,develop_policy
train_01551,mnist,7,7,data/images/mnist-classification/source-datasets/mnist/7/f42748.png,f42748.png,png,5fa08fde77b1d12f60fbe12b0ebc137b704314e512d3c7935f5548657a6fa66a,train,20260703,mnist-sampling-v1,42748,gold_candidate,develop_policy
train_01552,mnist,7,7,data/images/mnist-classification/source-datasets/mnist/7/f43213.png,f43213.png,png,2d6c0e01af27629b44e4da627f480334e614c45bf2b845ef949c7edcdb9360ea,train,20260703,mnist-sampling-v1,43213,gold_candidate,develop_policy
train_01553,mnist,7,7,data/images/mnist-classification/source-datasets/mnist/7/f43886.png,f43886.png,png,73bb4d894ba4037ca82f5ebed5c22b48240928592c3b540fdfe31447c371ba1b,train,20260703,mnist-sampling-v1,43886,gold_candidate,develop_policy
train_01554,mnist,7,7,data/images/mnist-classification/source-datasets/mnist/7/f43919.png,f43919.png,png,6d394df54efa130d919053e2e71f777147255210fdbf4accb35ebf8d97088b9f,train,20260703,mnist-sampling-v1,43919,gold_candidate,develop_policy
train_01555,mnist,7,7,data/images/mnist-classification/source-datasets/mnist/7/f44505.png,f44505.png,png,09ce7be8c3a794b2e83cd58f2d7f41b5ce06b8745483aa67dce3406f7f78c4f7,train,20260703,mnist-sampling-v1,44505,gold_candidate,develop_policy
train_01556,mnist,7,7,data/images/mnist-classification/source-datasets/mnist/7/f44516.png,f44516.png,png,a1fe88c048e8b0d3642dad7f622a64cb8458f6ff05b4da5d25b1b8bc1aeea550,train,20260703,mnist-sampling-v1,44516,gold_candidate,develop_policy
train_01557,mnist,7,7,data/images/mnist-classification/source-datasets/mnist/7/f44562.png,f44562.png,png,64752a0abefe57561b8c8360baabbe455f8d310cd5f787a7a702fd485dadac76,train,20260703,mnist-sampling-v1,44562,gold_candidate,develop_policy
train_01558,mnist,7,7,data/images/mnist-classification/source-datasets/mnist/7/f44940.png,f44940.png,png,9a6d72ef0c5c5093179dae6dc27077aeb20f0371a9cd4383316eaffb60b7e359,train,20260703,mnist-sampling-v1,44940,gold_candidate,develop_policy
train_01559,mnist,7,7,data/images/mnist-classification/source-datasets/mnist/7/f45059.png,f45059.png,png,740b1e9859b5c4106d203458791e6223742147d0f4a5d6cc9e30fc63d0440a3c,train,20260703,mnist-sampling-v1,45059,gold_candidate,develop_policy
train_01560,mnist,7,7,data/images/mnist-classification/source-datasets/mnist/7/f45492.png,f45492.png,png,f6098d94b784687ed490ca36279b47e6f6c14d434537e38ed33a5f3a90eb0ec6,train,20260703,mnist-sampling-v1,45492,gold_candidate,develop_policy
train_01561,mnist,7,7,data/images/mnist-classification/source-datasets/mnist/7/f45615.png,f45615.png,png,8968cb72e62d5fcec5ed50c0544481be2e4285be0a06a154edc87adc932ae830,train,20260703,mnist-sampling-v1,45615,gold_candidate,develop_policy
train_01562,mnist,7,7,data/images/mnist-classification/source-datasets/mnist/7/f45657.png,f45657.png,png,21a93ac952fe8b73a6cbc00b065c5c15d83f447b5a7c6f9d326fe9ab1ea9bd75,train,20260703,mnist-sampling-v1,45657,gold_candidate,develop_policy
train_01563,mnist,7,7,data/images/mnist-classification/source-datasets/mnist/7/f45844.png,f45844.png,png,d77fc8b6a5d28bcb37f0a0b106a7e2930a7122994489d6fd6253a89de787a1d5,train,20260703,mnist-sampling-v1,45844,gold_candidate,develop_policy
train_01564,mnist,7,7,data/images/mnist-classification/source-datasets/mnist/7/f46630.png,f46630.png,png,5a302989c0c77eb3430aa8315b8deb7424be6c3a0690b7f2adf71278cdd8d8ea,train,20260703,mnist-sampling-v1,46630,gold_candidate,develop_policy
train_01565,mnist,7,7,data/images/mnist-classification/source-datasets/mnist/7/f46672.png,f46672.png,png,251376224aaa62742ce43d0e0d25b95e1b2bc5b813af30960e8a1dc30a2f2ebf,train,20260703,mnist-sampling-v1,46672,gold_candidate,develop_policy
train_01566,mnist,7,7,data/images/mnist-classification/source-datasets/mnist/7/f47049.png,f47049.png,png,bdf8019cd532d1dd18ddfdbe476677cc44187a9420bc776288ea2f722f761126,train,20260703,mnist-sampling-v1,47049,gold_candidate,develop_policy
train_01567,mnist,7,7,data/images/mnist-classification/source-datasets/mnist/7/f47170.png,f47170.png,png,ae3f4cf813248ded822eedd519de178a9915c616398b714e294fed2cfd530063,train,20260703,mnist-sampling-v1,47170,gold_candidate,develop_policy
train_01568,mnist,7,7,data/images/mnist-classification/source-datasets/mnist/7/f47184.png,f47184.png,png,b70f6bf16a5ef0dd789c913cca1f73ca38b0a82033c0ade057702f1fb23cc4e9,train,20260703,mnist-sampling-v1,47184,gold_candidate,develop_policy
train_01569,mnist,7,7,data/images/mnist-classification/source-datasets/mnist/7/f47374.png,f47374.png,png,3710d996b5ece29d9abef34472b7387cc048e793c4504eed5f56857ab0df6500,train,20260703,mnist-sampling-v1,47374,gold_candidate,develop_policy
train_01570,mnist,7,7,data/images/mnist-classification/source-datasets/mnist/7/f47559.png,f47559.png,png,b3ed18fee4f83b5f1a72b50a6fb2438890a63bfc66581c8b6cea53928f3c84b7,train,20260703,mnist-sampling-v1,47559,gold_candidate,develop_policy
train_01571,mnist,7,7,data/images/mnist-classification/source-datasets/mnist/7/f48165.png,f48165.png,png,9b82313451e9c2c34377b1e6016ef1dad711d358c0d6e4fd9bda299960b20d3d,train,20260703,mnist-sampling-v1,48165,gold_candidate,develop_policy
train_01572,mnist,7,7,data/images/mnist-classification/source-datasets/mnist/7/f49365.png,f49365.png,png,f8af95d9444f28cc853488a3bfc8d8eedbbfa4185dab12dedf3894d2b8fccac5,train,20260703,mnist-sampling-v1,49365,gold_candidate,develop_policy
train_01573,mnist,7,7,data/images/mnist-classification/source-datasets/mnist/7/f50115.png,f50115.png,png,046239067c996a7d917f518b216f44f15e27e47f5956b5410d48c84998ba31c3,train,20260703,mnist-sampling-v1,50115,gold_candidate,develop_policy
train_01574,mnist,7,7,data/images/mnist-classification/source-datasets/mnist/7/f50375.png,f50375.png,png,630734e7bfb37dd365c235484fb9f527105531f248c9753e96975d5a83863d43,train,20260703,mnist-sampling-v1,50375,gold_candidate,develop_policy
train_01575,mnist,7,7,data/images/mnist-classification/source-datasets/mnist/7/f50426.png,f50426.png,png,4e0d6f324725aca5bb21281d8580a73d496e12d90e7830d4c1fb683e43399bb6,train,20260703,mnist-sampling-v1,50426,gold_candidate,develop_policy
train_01576,mnist,7,7,data/images/mnist-classification/source-datasets/mnist/7/f50763.png,f50763.png,png,9b8935d7d6c838cbe5705999539c64a6bd80c27fd4205ed32a2d6073e369084d,train,20260703,mnist-sampling-v1,50763,gold_candidate,develop_policy
train_01577,mnist,7,7,data/images/mnist-classification/source-datasets/mnist/7/f51065.png,f51065.png,png,16b8cd86f5dad5dade64601e857dcf32adcef0db25b1c5a613621af8d962a7b6,train,20260703,mnist-sampling-v1,51065,gold_candidate,develop_policy
train_01578,mnist,7,7,data/images/mnist-classification/source-datasets/mnist/7/f51914.png,f51914.png,png,c4afcdf2367f2738b26413390d6c976f89f1c9ce8840f4d02d8baafecff6104c,train,20260703,mnist-sampling-v1,51914,gold_candidate,develop_policy
train_01579,mnist,7,7,data/images/mnist-classification/source-datasets/mnist/7/f52113.png,f52113.png,png,4b82e35e3e898dd1207ffc1f9a71d27ddefdf75dc66c851ef185dd3e94a8929c,train,20260703,mnist-sampling-v1,52113,gold_candidate,develop_policy
train_01580,mnist,7,7,data/images/mnist-classification/source-datasets/mnist/7/f52196.png,f52196.png,png,875a3880c08c8116c03b098f24f353aab2e525f53cbc645810742cd66173bcde,train,20260703,mnist-sampling-v1,52196,gold_candidate,develop_policy
train_01581,mnist,7,7,data/images/mnist-classification/source-datasets/mnist/7/f52261.png,f52261.png,png,8d1ab36bb4820a74c773cd678c90f20c2996989337e274f3de9a765b84ad642d,train,20260703,mnist-sampling-v1,52261,gold_candidate,develop_policy
train_01582,mnist,7,7,data/images/mnist-classification/source-datasets/mnist/7/f52330.png,f52330.png,png,3e03ec134944b8a337f00309279e13f3cd84639c2cb92a577aaa5e83367b9ee6,train,20260703,mnist-sampling-v1,52330,gold_candidate,develop_policy
train_01583,mnist,7,7,data/images/mnist-classification/source-datasets/mnist/7/f52579.png,f52579.png,png,9ac138643e9158d9d89c5a2a3105a208852799f4dcbdd30c96d996eee0b77330,train,20260703,mnist-sampling-v1,52579,gold_candidate,develop_policy
train_01584,mnist,7,7,data/images/mnist-classification/source-datasets/mnist/7/f54100.png,f54100.png,png,9822ef9ff52644f9682dad1ac75535e8f7329b58582b6a7ab5ecdedc50add4c6,train,20260703,mnist-sampling-v1,54100,gold_candidate,develop_policy
train_01585,mnist,7,7,data/images/mnist-classification/source-datasets/mnist/7/f54218.png,f54218.png,png,fe59b23683be3b0b843b9489d5164fd99701daf2f5b2a0868e3839709ece274a,train,20260703,mnist-sampling-v1,54218,gold_candidate,develop_policy
train_01586,mnist,7,7,data/images/mnist-classification/source-datasets/mnist/7/f54472.png,f54472.png,png,2dab2e59faeaa1f00289171041e9c71d2dfd66edbabc2b5d559a473d6bc4cd74,train,20260703,mnist-sampling-v1,54472,gold_candidate,develop_policy
train_01587,mnist,7,7,data/images/mnist-classification/source-datasets/mnist/7/f55409.png,f55409.png,png,af794a60899bb9eb9e7f9bbefa891c88a1adc40d75d7307b2998e3b7aa9c90b7,train,20260703,mnist-sampling-v1,55409,gold_candidate,develop_policy
train_01588,mnist,7,7,data/images/mnist-classification/source-datasets/mnist/7/f55668.png,f55668.png,png,6965659280bfaf22f441130fe4a14cf31b4fe1cea33722a19535c872cbd384ac,train,20260703,mnist-sampling-v1,55668,gold_candidate,develop_policy
train_01589,mnist,7,7,data/images/mnist-classification/source-datasets/mnist/7/f56064.png,f56064.png,png,381892840754a04a5b7df085e727d56114f6160ce0d67ccb144dec91a6f98edc,train,20260703,mnist-sampling-v1,56064,gold_candidate,develop_policy
train_01590,mnist,7,7,data/images/mnist-classification/source-datasets/mnist/7/f56531.png,f56531.png,png,984ff565e7841c5bc7c9be4dfc5a1521a27895fed1965e5f02924741d13d2432,train,20260703,mnist-sampling-v1,56531,gold_candidate,develop_policy
train_01591,mnist,7,7,data/images/mnist-classification/source-datasets/mnist/7/f56534.png,f56534.png,png,4ca872bf447de038e8d05cfd1e3d122662c7c9b10dcece3a6b2b1afd1bc4305f,train,20260703,mnist-sampling-v1,56534,gold_candidate,develop_policy
train_01592,mnist,7,7,data/images/mnist-classification/source-datasets/mnist/7/f56694.png,f56694.png,png,554bde8cb962363f36c1c509314413077f7565feccefc306ef10a4245afb7dfd,train,20260703,mnist-sampling-v1,56694,gold_candidate,develop_policy
train_01593,mnist,7,7,data/images/mnist-classification/source-datasets/mnist/7/f56892.png,f56892.png,png,00dd72f58ed18d455be9d13ef1989956d41e16c3317666f59ffdc1d9d1676ace,train,20260703,mnist-sampling-v1,56892,gold_candidate,develop_policy
train_01594,mnist,7,7,data/images/mnist-classification/source-datasets/mnist/7/f57177.png,f57177.png,png,8b181967efc2b2e7052fe0c1502ed66640c678467cc82305cddf565b4d33e222,train,20260703,mnist-sampling-v1,57177,gold_candidate,develop_policy
train_01595,mnist,7,7,data/images/mnist-classification/source-datasets/mnist/7/f57376.png,f57376.png,png,f99d3b725d2e03d5d6d162f8a574399bf34445862369b3255784126bf496b444,train,20260703,mnist-sampling-v1,57376,gold_candidate,develop_policy
train_01596,mnist,7,7,data/images/mnist-classification/source-datasets/mnist/7/f57445.png,f57445.png,png,d6fbe046a4855dd038ecba7924b8b87e1f4d2e42662e82a4c009c671aa7f45b5,train,20260703,mnist-sampling-v1,57445,gold_candidate,develop_policy
train_01597,mnist,7,7,data/images/mnist-classification/source-datasets/mnist/7/f57479.png,f57479.png,png,e0f7a3eefc18703d65dbe29edc9de44f9648c6da54ca29b0f69c4a0a833087c1,train,20260703,mnist-sampling-v1,57479,gold_candidate,develop_policy
train_01598,mnist,7,7,data/images/mnist-classification/source-datasets/mnist/7/f58589.png,f58589.png,png,842b1c5b690a71347ad5c8438e6dd9ec325323eeab86134787cc114361dd84e8,train,20260703,mnist-sampling-v1,58589,gold_candidate,develop_policy
train_01599,mnist,7,7,data/images/mnist-classification/source-datasets/mnist/7/f58836.png,f58836.png,png,85fc71b13f075f4982beab3c544d8baab8b22eb2144bd03157f726d1ffba73ad,train,20260703,mnist-sampling-v1,58836,gold_candidate,develop_policy
train_01600,mnist,7,7,data/images/mnist-classification/source-datasets/mnist/7/f58975.png,f58975.png,png,e14af243be04d693bcbde47eaaf93f2ebf3c2dd49895c40cfe3b644cd293fde3,train,20260703,mnist-sampling-v1,58975,gold_candidate,develop_policy
train_01601,mnist,8,8,data/images/mnist-classification/source-datasets/mnist/8/f445.png,f445.png,png,bd17112c49760e113e0d5ef826898192ce775cd5f721d797b98b2780f32c3b72,train,20260703,mnist-sampling-v1,445,gold_candidate,develop_policy
train_01602,mnist,8,8,data/images/mnist-classification/source-datasets/mnist/8/f559.png,f559.png,png,922cd53c7e21d425f0018f683bd30c5d6520273c8a7f01f9b0688ba2b378666e,train,20260703,mnist-sampling-v1,559,gold_candidate,develop_policy
train_01603,mnist,8,8,data/images/mnist-classification/source-datasets/mnist/8/f817.png,f817.png,png,c49b8ae3d5a571d33248e14b3ee8508837eff6db2c9c7690cad1a49e12e170c8,train,20260703,mnist-sampling-v1,817,gold_candidate,develop_policy
train_01604,mnist,8,8,data/images/mnist-classification/source-datasets/mnist/8/f1593.png,f1593.png,png,6a304ec7c0b68ebd6fd658699e5f16cfd33b812f9c336895c2dd321d0136e398,train,20260703,mnist-sampling-v1,1593,gold_candidate,develop_policy
train_01605,mnist,8,8,data/images/mnist-classification/source-datasets/mnist/8/f1943.png,f1943.png,png,061078c446de029c9fc6c654430d51179335dd3a2bede193d6f99ad93b19b882,train,20260703,mnist-sampling-v1,1943,gold_candidate,develop_policy
train_01606,mnist,8,8,data/images/mnist-classification/source-datasets/mnist/8/f2215.png,f2215.png,png,e2f5d0a418fb378f653e55098ea5001d67c48cd99471311f6b2a9ddf941badbc,train,20260703,mnist-sampling-v1,2215,gold_candidate,develop_policy
train_01607,mnist,8,8,data/images/mnist-classification/source-datasets/mnist/8/f2475.png,f2475.png,png,7a2f87f5e075c03101219369dacbb4faf13ec930444206cdbc7acae679fe061c,train,20260703,mnist-sampling-v1,2475,gold_candidate,develop_policy
train_01608,mnist,8,8,data/images/mnist-classification/source-datasets/mnist/8/f3243.png,f3243.png,png,acee03eae408a1844fe1928bbce818139b1e631ec1283efd47e98b2407cfbff8,train,20260703,mnist-sampling-v1,3243,gold_candidate,develop_policy
train_01609,mnist,8,8,data/images/mnist-classification/source-datasets/mnist/8/f3643.png,f3643.png,png,ac3994764eb414ebe6e9d9649c5fe78f7bfb088d88246b3783aecb01a566b411,train,20260703,mnist-sampling-v1,3643,gold_candidate,develop_policy
train_01610,mnist,8,8,data/images/mnist-classification/source-datasets/mnist/8/f4482.png,f4482.png,png,adea2a49aab6213c84fe517b9eef45c3fec461ae8da71c1e12e128423c797c73,train,20260703,mnist-sampling-v1,4482,gold_candidate,develop_policy
train_01611,mnist,8,8,data/images/mnist-classification/source-datasets/mnist/8/f6017.png,f6017.png,png,f5a7915de175ee37847ab92422b90f77d748d1f7e15f5224bd169598727cd301,train,20260703,mnist-sampling-v1,6017,gold_candidate,develop_policy
train_01612,mnist,8,8,data/images/mnist-classification/source-datasets/mnist/8/f6152.png,f6152.png,png,2d092208d5033303b9bec27baf2006c988925305c37b84231c0ef773d6b632ac,train,20260703,mnist-sampling-v1,6152,gold_candidate,develop_policy
train_01613,mnist,8,8,data/images/mnist-classification/source-datasets/mnist/8/f6404.png,f6404.png,png,6f0fd88d76070e3abce8aea1f3d1c069157fc1de65b69b45c762fc5f392b5c77,train,20260703,mnist-sampling-v1,6404,gold_candidate,develop_policy
train_01614,mnist,8,8,data/images/mnist-classification/source-datasets/mnist/8/f6924.png,f6924.png,png,00dfe582c1270e88b1caefaeacc85b990ac544ff1842b0bdb93a562c3ed39cf2,train,20260703,mnist-sampling-v1,6924,gold_candidate,develop_policy
train_01615,mnist,8,8,data/images/mnist-classification/source-datasets/mnist/8/f6994.png,f6994.png,png,2e118e9bc68de13dbc4c78f274307120d8af987297875ba92a5e632a1c005177,train,20260703,mnist-sampling-v1,6994,gold_candidate,develop_policy
train_01616,mnist,8,8,data/images/mnist-classification/source-datasets/mnist/8/f7439.png,f7439.png,png,a71b565f012bec6e65211ab8fdca0b8c23af4655f675c5054f9d649d9d0c81fa,train,20260703,mnist-sampling-v1,7439,gold_candidate,develop_policy
train_01617,mnist,8,8,data/images/mnist-classification/source-datasets/mnist/8/f7550.png,f7550.png,png,74c24f8b9e6c37efe1416327534b5b76f987f4e5a80476b54dc957ef64365870,train,20260703,mnist-sampling-v1,7550,gold_candidate,develop_policy
train_01618,mnist,8,8,data/images/mnist-classification/source-datasets/mnist/8/f7768.png,f7768.png,png,4cc42ee7b3bb6af712b56dc15c598f07a51a2310045fda00ec276075476caaf8,train,20260703,mnist-sampling-v1,7768,gold_candidate,develop_policy
train_01619,mnist,8,8,data/images/mnist-classification/source-datasets/mnist/8/f7797.png,f7797.png,png,f6554db09df708e8cd07d3c2089f99bdc92eb2f0b30195e58008e73ed53c5d17,train,20260703,mnist-sampling-v1,7797,gold_candidate,develop_policy
train_01620,mnist,8,8,data/images/mnist-classification/source-datasets/mnist/8/f8125.png,f8125.png,png,7c7ef363dc3abec19af572fd8b327b3c3f7a1605feee44d0f3bbe0c157e01430,train,20260703,mnist-sampling-v1,8125,gold_candidate,develop_policy
train_01621,mnist,8,8,data/images/mnist-classification/source-datasets/mnist/8/f8340.png,f8340.png,png,f8ea30bad5f53e0113b2acc3ca7c4eabdea93dbca0722a6d803c77a5fc3e611c,train,20260703,mnist-sampling-v1,8340,gold_candidate,develop_policy
train_01622,mnist,8,8,data/images/mnist-classification/source-datasets/mnist/8/f8666.png,f8666.png,png,80fd5da0efccc2ad17d8e4939c0d216d7d59983da28a3b10618e67b2155f66fa,train,20260703,mnist-sampling-v1,8666,gold_candidate,develop_policy
train_01623,mnist,8,8,data/images/mnist-classification/source-datasets/mnist/8/f8867.png,f8867.png,png,a628a3b0c4479577f94662a9185b434961493abb0e84622165e3e1b165dab817,train,20260703,mnist-sampling-v1,8867,gold_candidate,develop_policy
train_01624,mnist,8,8,data/images/mnist-classification/source-datasets/mnist/8/f9014.png,f9014.png,png,1affced1351e505dbf38f663f29ebc2b32c260f91c94774be4acb5e4205145ab,train,20260703,mnist-sampling-v1,9014,gold_candidate,develop_policy
train_01625,mnist,8,8,data/images/mnist-classification/source-datasets/mnist/8/f9185.png,f9185.png,png,8a05864e68f5d2393081ba4e4496edc145cb859787d8fd98b4f6dece085a82e9,train,20260703,mnist-sampling-v1,9185,gold_candidate,develop_policy
train_01626,mnist,8,8,data/images/mnist-classification/source-datasets/mnist/8/f9220.png,f9220.png,png,333f1e96816da43aa3604fc3244949d22cc8bb9463a3a2e294b63db54f0232e9,train,20260703,mnist-sampling-v1,9220,gold_candidate,develop_policy
train_01627,mnist,8,8,data/images/mnist-classification/source-datasets/mnist/8/f9528.png,f9528.png,png,45a8179260cc6133f96b4ba3817f0ff155e9e04aeb6e8f015dd76e7ee7b8cc5f,train,20260703,mnist-sampling-v1,9528,gold_candidate,develop_policy
train_01628,mnist,8,8,data/images/mnist-classification/source-datasets/mnist/8/f9557.png,f9557.png,png,77ae2048678b3c835ac6a4db65d6cc9d9f887b9d1d25b91322cd16cf8a0e8297,train,20260703,mnist-sampling-v1,9557,gold_candidate,develop_policy
train_01629,mnist,8,8,data/images/mnist-classification/source-datasets/mnist/8/f9608.png,f9608.png,png,fc31df3e3a55a46eb17fbff9ef18407c764b00754ad02f4652350e40b0525975,train,20260703,mnist-sampling-v1,9608,gold_candidate,develop_policy
train_01630,mnist,8,8,data/images/mnist-classification/source-datasets/mnist/8/f9611.png,f9611.png,png,2f7a97d4a1b869891e1600ab484fc9f48601baeb25cdb661c84f1bf3cfc074fb,train,20260703,mnist-sampling-v1,9611,gold_candidate,develop_policy
train_01631,mnist,8,8,data/images/mnist-classification/source-datasets/mnist/8/f9839.png,f9839.png,png,1a3ff25836a32c13eee0e6a7d8d6696b90620dbf727e2c55dec86590f8449a4b,train,20260703,mnist-sampling-v1,9839,gold_candidate,develop_policy
train_01632,mnist,8,8,data/images/mnist-classification/source-datasets/mnist/8/f10446.png,f10446.png,png,41e224ce7422f9039ffb83ee6db81f33d69f5eb1aa033245a6a32d5c9c905411,train,20260703,mnist-sampling-v1,10446,gold_candidate,develop_policy
train_01633,mnist,8,8,data/images/mnist-classification/source-datasets/mnist/8/f10559.png,f10559.png,png,0ec3ff5188cabd8a89515db35012b9474a07c5a69d8ff4177d2565978721bf56,train,20260703,mnist-sampling-v1,10559,gold_candidate,develop_policy
train_01634,mnist,8,8,data/images/mnist-classification/source-datasets/mnist/8/f10575.png,f10575.png,png,eaae71e60682616138a6fe3ee55dd6782ed7eb9086af8f361bdad0ad3b3ce7e7,train,20260703,mnist-sampling-v1,10575,gold_candidate,develop_policy
train_01635,mnist,8,8,data/images/mnist-classification/source-datasets/mnist/8/f11149.png,f11149.png,png,9dfc51776bb343abb4184ad9e0a7e5eafc6e984fe904ad7e06bee5b35d995f0f,train,20260703,mnist-sampling-v1,11149,gold_candidate,develop_policy
train_01636,mnist,8,8,data/images/mnist-classification/source-datasets/mnist/8/f11241.png,f11241.png,png,e9f89a0b537c40381ae7cd808f8e41e654517b73de0fddbff99cf4918e338d13,train,20260703,mnist-sampling-v1,11241,gold_candidate,develop_policy
train_01637,mnist,8,8,data/images/mnist-classification/source-datasets/mnist/8/f11827.png,f11827.png,png,13db8975caab85adea624c0ebd3eecfa9222a1dd170d0cf4db249e6f0af25865,train,20260703,mnist-sampling-v1,11827,gold_candidate,develop_policy
train_01638,mnist,8,8,data/images/mnist-classification/source-datasets/mnist/8/f11940.png,f11940.png,png,b04fead543fcc04fe637f86c9dedf9f57aacc99e358422bb9e60b989813169fc,train,20260703,mnist-sampling-v1,11940,gold_candidate,develop_policy
train_01639,mnist,8,8,data/images/mnist-classification/source-datasets/mnist/8/f12163.png,f12163.png,png,635512132e1110bc127d5a3d71824bc6dcbf46b033d1d2f92c0328f27092abb0,train,20260703,mnist-sampling-v1,12163,gold_candidate,develop_policy
train_01640,mnist,8,8,data/images/mnist-classification/source-datasets/mnist/8/f12198.png,f12198.png,png,12488210eb1d7cc91d23e994a8769efa28e2e381dc52e14c0206d148f89a88d1,train,20260703,mnist-sampling-v1,12198,gold_candidate,develop_policy
train_01641,mnist,8,8,data/images/mnist-classification/source-datasets/mnist/8/f12444.png,f12444.png,png,24b3322e191d29f41e55bc4a53ff9a4509cbbe2c860fe8873acc59f26238620f,train,20260703,mnist-sampling-v1,12444,gold_candidate,develop_policy
train_01642,mnist,8,8,data/images/mnist-classification/source-datasets/mnist/8/f12633.png,f12633.png,png,bc8c6e24a96063391327237630bd878a431196893d3becdd27382d11523eb77d,train,20260703,mnist-sampling-v1,12633,gold_candidate,develop_policy
train_01643,mnist,8,8,data/images/mnist-classification/source-datasets/mnist/8/f12719.png,f12719.png,png,7e314cfa7a98ae83b1ecb0b879e99099de0b9d7c62b286d807de25a9d1548d5f,train,20260703,mnist-sampling-v1,12719,gold_candidate,develop_policy
train_01644,mnist,8,8,data/images/mnist-classification/source-datasets/mnist/8/f13016.png,f13016.png,png,7a6c41ed42949de4dedaa1af257d40939b086a0eec069f865761980b27b464c7,train,20260703,mnist-sampling-v1,13016,gold_candidate,develop_policy
train_01645,mnist,8,8,data/images/mnist-classification/source-datasets/mnist/8/f13018.png,f13018.png,png,2405121f1b615f87d3463598e90ccb15fb9bc932bb8b895140941d80c0acefe6,train,20260703,mnist-sampling-v1,13018,gold_candidate,develop_policy
train_01646,mnist,8,8,data/images/mnist-classification/source-datasets/mnist/8/f13122.png,f13122.png,png,7735cc67d6a3c87d6df4c2660999fd838b6bcfe8ace3a83fbf2e289f5052b53c,train,20260703,mnist-sampling-v1,13122,gold_candidate,develop_policy
train_01647,mnist,8,8,data/images/mnist-classification/source-datasets/mnist/8/f13274.png,f13274.png,png,05eb7ed1decb329db9207b6f8ae30cf91c9778f8028d9ca85e69099fbdff0f9c,train,20260703,mnist-sampling-v1,13274,gold_candidate,develop_policy
train_01648,mnist,8,8,data/images/mnist-classification/source-datasets/mnist/8/f13343.png,f13343.png,png,c90be60e4544d102ed28abc9c40bb256218a4c21a1a0558d431c3589cea6209c,train,20260703,mnist-sampling-v1,13343,gold_candidate,develop_policy
train_01649,mnist,8,8,data/images/mnist-classification/source-datasets/mnist/8/f13476.png,f13476.png,png,f4e7fffe26ecc6d979f330e67b47c8e4a28414f2c251017e2ba951854a45bcb5,train,20260703,mnist-sampling-v1,13476,gold_candidate,develop_policy
train_01650,mnist,8,8,data/images/mnist-classification/source-datasets/mnist/8/f13559.png,f13559.png,png,a8a65154f88aa1b4038fbbceb9488a1aa2a3861a115b1ecdde0167a6f990822c,train,20260703,mnist-sampling-v1,13559,gold_candidate,develop_policy
train_01651,mnist,8,8,data/images/mnist-classification/source-datasets/mnist/8/f13866.png,f13866.png,png,e5756bf3f41a7ff095bf66d4544222b713139fe9f53c9454e3cb85bd7e2cc089,train,20260703,mnist-sampling-v1,13866,gold_candidate,develop_policy
train_01652,mnist,8,8,data/images/mnist-classification/source-datasets/mnist/8/f14075.png,f14075.png,png,1f3c98d1346a4f9293bba7806d2c9123c2a0826223bf06e2fa7adb105570e797,train,20260703,mnist-sampling-v1,14075,gold_candidate,develop_policy
train_01653,mnist,8,8,data/images/mnist-classification/source-datasets/mnist/8/f14192.png,f14192.png,png,f6bba5aa32e1cf4c9ba3c12f1b873faf654c7a4906ad1b7dfdcc515fd7e7fed2,train,20260703,mnist-sampling-v1,14192,gold_candidate,develop_policy
train_01654,mnist,8,8,data/images/mnist-classification/source-datasets/mnist/8/f14396.png,f14396.png,png,ae6db575e050f3518ae86f71791f90461975d06c7162a35ccb8ef582c229ac07,train,20260703,mnist-sampling-v1,14396,gold_candidate,develop_policy
train_01655,mnist,8,8,data/images/mnist-classification/source-datasets/mnist/8/f14499.png,f14499.png,png,94d84abcf8fb9933c8e2be33c55c1e273d37341d9d9250afb7070a6a42b5c7cd,train,20260703,mnist-sampling-v1,14499,gold_candidate,develop_policy
train_01656,mnist,8,8,data/images/mnist-classification/source-datasets/mnist/8/f14640.png,f14640.png,png,b049cf3ca946097cf2355b23b9d146256183d017252e9588815adddaf52cd7df,train,20260703,mnist-sampling-v1,14640,gold_candidate,develop_policy
train_01657,mnist,8,8,data/images/mnist-classification/source-datasets/mnist/8/f14754.png,f14754.png,png,74aeebec21b28434fda175b85bed5b08468e025a7f338eefba74ca2863c7677a,train,20260703,mnist-sampling-v1,14754,gold_candidate,develop_policy
train_01658,mnist,8,8,data/images/mnist-classification/source-datasets/mnist/8/f15724.png,f15724.png,png,4aad7ea272673d056d124805084a6fccecc257eaba1855d283010abbac9fd5ca,train,20260703,mnist-sampling-v1,15724,gold_candidate,develop_policy
train_01659,mnist,8,8,data/images/mnist-classification/source-datasets/mnist/8/f16154.png,f16154.png,png,53afb5242f468f5c216add044b3ac6737eb6579c5dcf58936228a6117cdddc0e,train,20260703,mnist-sampling-v1,16154,gold_candidate,develop_policy
train_01660,mnist,8,8,data/images/mnist-classification/source-datasets/mnist/8/f16860.png,f16860.png,png,55b8b303919712c7e7fafa1896e7a02c8c4d83e8d4645d1a61f1ccfba54a9d6f,train,20260703,mnist-sampling-v1,16860,gold_candidate,develop_policy
train_01661,mnist,8,8,data/images/mnist-classification/source-datasets/mnist/8/f16870.png,f16870.png,png,d553450f61d4a46f5e12e40a30716891645c515563ca55424d4f8d1cae74959e,train,20260703,mnist-sampling-v1,16870,gold_candidate,develop_policy
train_01662,mnist,8,8,data/images/mnist-classification/source-datasets/mnist/8/f16917.png,f16917.png,png,d959445c74942f4e19a00d9aa747e4c93ba9fc3ca74d9b943580ba13a3ccd7a3,train,20260703,mnist-sampling-v1,16917,gold_candidate,develop_policy
train_01663,mnist,8,8,data/images/mnist-classification/source-datasets/mnist/8/f17530.png,f17530.png,png,4df8f42d0866522fe7b09e9c3a774d467bf5f0d81f0776196878fc0bcc5de3f5,train,20260703,mnist-sampling-v1,17530,gold_candidate,develop_policy
train_01664,mnist,8,8,data/images/mnist-classification/source-datasets/mnist/8/f17808.png,f17808.png,png,02474e66139d410d39f8625b0d20cdfa93e2c763717120c2f22784a4393de583,train,20260703,mnist-sampling-v1,17808,gold_candidate,develop_policy
train_01665,mnist,8,8,data/images/mnist-classification/source-datasets/mnist/8/f18195.png,f18195.png,png,ebb511e251cceba6f6a19be7c7acd8f35f8b85f9a717de80968751de79a78bae,train,20260703,mnist-sampling-v1,18195,gold_candidate,develop_policy
train_01666,mnist,8,8,data/images/mnist-classification/source-datasets/mnist/8/f18272.png,f18272.png,png,c9be6604e2691c9793f2fa463c0519baf2ef4437a29afedcd0f3745d7ae3105a,train,20260703,mnist-sampling-v1,18272,gold_candidate,develop_policy
train_01667,mnist,8,8,data/images/mnist-classification/source-datasets/mnist/8/f18334.png,f18334.png,png,06c211ae6aaa58609e9b874650351baf6c6964f2092a6065723c47c004a68f0b,train,20260703,mnist-sampling-v1,18334,gold_candidate,develop_policy
train_01668,mnist,8,8,data/images/mnist-classification/source-datasets/mnist/8/f18373.png,f18373.png,png,fdcc932e80c28d66a87a7008395ea675abb7a69274f1c3f3d8acf80f685658ab,train,20260703,mnist-sampling-v1,18373,gold_candidate,develop_policy
train_01669,mnist,8,8,data/images/mnist-classification/source-datasets/mnist/8/f18406.png,f18406.png,png,6a412a82a4a20eb3798becfa68eefc9fd621f4d13b529ba68eeb6305191c1429,train,20260703,mnist-sampling-v1,18406,gold_candidate,develop_policy
train_01670,mnist,8,8,data/images/mnist-classification/source-datasets/mnist/8/f19541.png,f19541.png,png,8089d1ac2d54f16fc7af5012c18d6b1bf338425ad486e33e616a9f50abfadf0c,train,20260703,mnist-sampling-v1,19541,gold_candidate,develop_policy
train_01671,mnist,8,8,data/images/mnist-classification/source-datasets/mnist/8/f20336.png,f20336.png,png,044435b84260e3ea608b8204270e96d517dd0c7689671296b72d3f7a743b4018,train,20260703,mnist-sampling-v1,20336,gold_candidate,develop_policy
train_01672,mnist,8,8,data/images/mnist-classification/source-datasets/mnist/8/f20516.png,f20516.png,png,17ba9182ff19c522eaef7b1f130d51b29b5eeb927711a7618c68c15a20eb8dbe,train,20260703,mnist-sampling-v1,20516,gold_candidate,develop_policy
train_01673,mnist,8,8,data/images/mnist-classification/source-datasets/mnist/8/f20648.png,f20648.png,png,a8a82c4fe0efcdc450d8d7a71b1110e490a32835b555d04291dbbf57288844a1,train,20260703,mnist-sampling-v1,20648,gold_candidate,develop_policy
train_01674,mnist,8,8,data/images/mnist-classification/source-datasets/mnist/8/f21183.png,f21183.png,png,960e567101eca93e811e015af5e2da2ce5310f3c36f6c20e58093444ba07cab7,train,20260703,mnist-sampling-v1,21183,gold_candidate,develop_policy
train_01675,mnist,8,8,data/images/mnist-classification/source-datasets/mnist/8/f21659.png,f21659.png,png,8799cba51468d1b60428dad1298bf05802229930a43828dffdbec50f352442ab,train,20260703,mnist-sampling-v1,21659,gold_candidate,develop_policy
train_01676,mnist,8,8,data/images/mnist-classification/source-datasets/mnist/8/f21855.png,f21855.png,png,e5ee812ad0ce56dae48c944369e6018260a334e6254587e35f0332dd86479633,train,20260703,mnist-sampling-v1,21855,gold_candidate,develop_policy
train_01677,mnist,8,8,data/images/mnist-classification/source-datasets/mnist/8/f22151.png,f22151.png,png,5d87731c628f1d5ae56bdb74492c7d9299e0166f1db8ce9189e70f5694154524,train,20260703,mnist-sampling-v1,22151,gold_candidate,develop_policy
train_01678,mnist,8,8,data/images/mnist-classification/source-datasets/mnist/8/f23717.png,f23717.png,png,71d963c846a27b7687d652e05e9923f3076ed7f772d81a212744a5a6ab074226,train,20260703,mnist-sampling-v1,23717,gold_candidate,develop_policy
train_01679,mnist,8,8,data/images/mnist-classification/source-datasets/mnist/8/f23729.png,f23729.png,png,b5f7444fd243d556f06a61146e5d266724e7bfabbe5d1366c5ae8475d1e44d47,train,20260703,mnist-sampling-v1,23729,gold_candidate,develop_policy
train_01680,mnist,8,8,data/images/mnist-classification/source-datasets/mnist/8/f24147.png,f24147.png,png,cc0141f81c5b78e5d82463188e320911a32aebef96a34dfb85fa46961212eeff,train,20260703,mnist-sampling-v1,24147,gold_candidate,develop_policy
train_01681,mnist,8,8,data/images/mnist-classification/source-datasets/mnist/8/f24768.png,f24768.png,png,e48fb4cb5a7ccc009c1323033983203165d17020dd36d09243a3330a601876f5,train,20260703,mnist-sampling-v1,24768,gold_candidate,develop_policy
train_01682,mnist,8,8,data/images/mnist-classification/source-datasets/mnist/8/f24826.png,f24826.png,png,13974a55fef18009812cfec8d51c2b1c90faccdb56bbb608f1f7fea2c963bdfd,train,20260703,mnist-sampling-v1,24826,gold_candidate,develop_policy
train_01683,mnist,8,8,data/images/mnist-classification/source-datasets/mnist/8/f25097.png,f25097.png,png,7d3448c878fd96ede6df4285f37009c2cf62c2a4f6118ed8c9918f283bf7705e,train,20260703,mnist-sampling-v1,25097,gold_candidate,develop_policy
train_01684,mnist,8,8,data/images/mnist-classification/source-datasets/mnist/8/f25301.png,f25301.png,png,7c400c535e5acd066dd2c62dab37dfbce105ed7f3a5c7b74706c6eafa512fdd8,train,20260703,mnist-sampling-v1,25301,gold_candidate,develop_policy
train_01685,mnist,8,8,data/images/mnist-classification/source-datasets/mnist/8/f25418.png,f25418.png,png,0c5ac41e2dd4d87e4c227b119289a64e6831e1705f8543592653dcd4baad7a65,train,20260703,mnist-sampling-v1,25418,gold_candidate,develop_policy
train_01686,mnist,8,8,data/images/mnist-classification/source-datasets/mnist/8/f25455.png,f25455.png,png,00bcb47b2bbd9041aac2ff363c16a5ea6feaa023b82de8692d5ba42fcdd44c82,train,20260703,mnist-sampling-v1,25455,gold_candidate,develop_policy
train_01687,mnist,8,8,data/images/mnist-classification/source-datasets/mnist/8/f25556.png,f25556.png,png,0a808969ff581924a4e69ee2fbc7f5dd72d9785c459dbeb6dcbc40bba450efb0,train,20260703,mnist-sampling-v1,25556,gold_candidate,develop_policy
train_01688,mnist,8,8,data/images/mnist-classification/source-datasets/mnist/8/f25986.png,f25986.png,png,f786289313aa79227f60745511cdbbea522e9b3c4cb92240d4521b2e6b951c57,train,20260703,mnist-sampling-v1,25986,gold_candidate,develop_policy
train_01689,mnist,8,8,data/images/mnist-classification/source-datasets/mnist/8/f26720.png,f26720.png,png,b583ccd780e7451267e694993db585b383f30ecadbcd9f5c4f91b49ccc689bcf,train,20260703,mnist-sampling-v1,26720,gold_candidate,develop_policy
train_01690,mnist,8,8,data/images/mnist-classification/source-datasets/mnist/8/f26773.png,f26773.png,png,f5374da2dc8be916cf9e577ea877e6cf06b8d71b39d959b9267e22c1560f4074,train,20260703,mnist-sampling-v1,26773,gold_candidate,develop_policy
train_01691,mnist,8,8,data/images/mnist-classification/source-datasets/mnist/8/f27076.png,f27076.png,png,91a68be0fd681e060ba774ad02ad30b9f227d5692160c18abdf991f194f1263f,train,20260703,mnist-sampling-v1,27076,gold_candidate,develop_policy
train_01692,mnist,8,8,data/images/mnist-classification/source-datasets/mnist/8/f27418.png,f27418.png,png,70a1106674f49397d4582bdb146fc7fbe574e3f8f8b972c710af4cbe119d37a4,train,20260703,mnist-sampling-v1,27418,gold_candidate,develop_policy
train_01693,mnist,8,8,data/images/mnist-classification/source-datasets/mnist/8/f28884.png,f28884.png,png,3ae15fa3439b4ccdec6688988d75d276ef694c8f27d3e4d70a929ecc85a18a0d,train,20260703,mnist-sampling-v1,28884,gold_candidate,develop_policy
train_01694,mnist,8,8,data/images/mnist-classification/source-datasets/mnist/8/f29026.png,f29026.png,png,f302bf5b4aeef6576fdc66453f62c43132d1d96557bbfb5a345531b29398f155,train,20260703,mnist-sampling-v1,29026,gold_candidate,develop_policy
train_01695,mnist,8,8,data/images/mnist-classification/source-datasets/mnist/8/f29665.png,f29665.png,png,45836e05e1da2669b611cf647b842ee82da145e2b743b99f6b9b9da34d269d28,train,20260703,mnist-sampling-v1,29665,gold_candidate,develop_policy
train_01696,mnist,8,8,data/images/mnist-classification/source-datasets/mnist/8/f29745.png,f29745.png,png,b7f6fdd9f9ac83b75719cf436ef9e133b2e4867af5534fca059e64545025605b,train,20260703,mnist-sampling-v1,29745,gold_candidate,develop_policy
train_01697,mnist,8,8,data/images/mnist-classification/source-datasets/mnist/8/f29921.png,f29921.png,png,9f716acf04f4d87fb027712fe68258a39243b4630921e17837f1a4f07e9bbf94,train,20260703,mnist-sampling-v1,29921,gold_candidate,develop_policy
train_01698,mnist,8,8,data/images/mnist-classification/source-datasets/mnist/8/f30092.png,f30092.png,png,6b741e456231bac58759221e4cf583a1b817e0709dac043314bb73ee64124727,train,20260703,mnist-sampling-v1,30092,gold_candidate,develop_policy
train_01699,mnist,8,8,data/images/mnist-classification/source-datasets/mnist/8/f30318.png,f30318.png,png,5ec817408dc04ccff0cea349a3e26fbc806da23dabc27656fce96a0f8aec8971,train,20260703,mnist-sampling-v1,30318,gold_candidate,develop_policy
train_01700,mnist,8,8,data/images/mnist-classification/source-datasets/mnist/8/f30322.png,f30322.png,png,76e593fe83edbf8822dcc7d185e630899681c365ca4006bd4eee9875b351fbd4,train,20260703,mnist-sampling-v1,30322,gold_candidate,develop_policy
train_01701,mnist,8,8,data/images/mnist-classification/source-datasets/mnist/8/f31308.png,f31308.png,png,8655efa11719eed26429f755c0f10b9ed2bb04dda271a2c0b819a42995ab0207,train,20260703,mnist-sampling-v1,31308,gold_candidate,develop_policy
train_01702,mnist,8,8,data/images/mnist-classification/source-datasets/mnist/8/f32473.png,f32473.png,png,25b1f8a7b1c5f2995ef33be6af94b7c143d0382ed003699c0c84f1955f2b6548,train,20260703,mnist-sampling-v1,32473,gold_candidate,develop_policy
train_01703,mnist,8,8,data/images/mnist-classification/source-datasets/mnist/8/f33018.png,f33018.png,png,61621273e354f292fbc702ac78759bc4dcec490ebff70da8b1fab71aaf2f488f,train,20260703,mnist-sampling-v1,33018,gold_candidate,develop_policy
train_01704,mnist,8,8,data/images/mnist-classification/source-datasets/mnist/8/f33019.png,f33019.png,png,7038ac1880a128542b3babc9f495a2d06476d28f06a161b4be3651ed83806068,train,20260703,mnist-sampling-v1,33019,gold_candidate,develop_policy
train_01705,mnist,8,8,data/images/mnist-classification/source-datasets/mnist/8/f33151.png,f33151.png,png,c8ec48acaa96a9190f1d7e331cefae940b11f2fffcd828859171d21e93624577,train,20260703,mnist-sampling-v1,33151,gold_candidate,develop_policy
train_01706,mnist,8,8,data/images/mnist-classification/source-datasets/mnist/8/f33439.png,f33439.png,png,b88d0c6fbdea878bc394d9e25848a1ed1f114bac08c183d2e807bb533ca2a123,train,20260703,mnist-sampling-v1,33439,gold_candidate,develop_policy
train_01707,mnist,8,8,data/images/mnist-classification/source-datasets/mnist/8/f33678.png,f33678.png,png,9574b9e06edf5c7700abd370b97ae4366c3a3a0979bbe4be6268f5cb9a92c732,train,20260703,mnist-sampling-v1,33678,gold_candidate,develop_policy
train_01708,mnist,8,8,data/images/mnist-classification/source-datasets/mnist/8/f34257.png,f34257.png,png,7cb64ce50c6ffb17c517e79ee1f9a23e49eb650b43db9e178c0fd330e15e912e,train,20260703,mnist-sampling-v1,34257,gold_candidate,develop_policy
train_01709,mnist,8,8,data/images/mnist-classification/source-datasets/mnist/8/f34738.png,f34738.png,png,7354dd0bbfe3d2ab116d6626b63eaf97c41bf1c7ba2200bb826e8d04f4d126d1,train,20260703,mnist-sampling-v1,34738,gold_candidate,develop_policy
train_01710,mnist,8,8,data/images/mnist-classification/source-datasets/mnist/8/f34787.png,f34787.png,png,b29c9ef23de5686a2091d403ad2818e8e8053167834148fcaf08d569d4c12d01,train,20260703,mnist-sampling-v1,34787,gold_candidate,develop_policy
train_01711,mnist,8,8,data/images/mnist-classification/source-datasets/mnist/8/f35038.png,f35038.png,png,7747a6e8fdf1deddc8c788006704c488764b6f363a403efb1d1cc0bda700070c,train,20260703,mnist-sampling-v1,35038,gold_candidate,develop_policy
train_01712,mnist,8,8,data/images/mnist-classification/source-datasets/mnist/8/f35230.png,f35230.png,png,e74b43b9b22980ad231fd70467990f1ea2914f3ec90c908531a9da231b4ad851,train,20260703,mnist-sampling-v1,35230,gold_candidate,develop_policy
train_01713,mnist,8,8,data/images/mnist-classification/source-datasets/mnist/8/f35521.png,f35521.png,png,05371efc90d829cd77389408a5bb453a0b533ed4fa7e5528f36e718711a8901b,train,20260703,mnist-sampling-v1,35521,gold_candidate,develop_policy
train_01714,mnist,8,8,data/images/mnist-classification/source-datasets/mnist/8/f35776.png,f35776.png,png,8a02f4b3f309139734825dfbad43d848b97e3f1d97134e272f4b944f6df70705,train,20260703,mnist-sampling-v1,35776,gold_candidate,develop_policy
train_01715,mnist,8,8,data/images/mnist-classification/source-datasets/mnist/8/f35958.png,f35958.png,png,e1cc2062a3cd86ec5adf4321fb690b40a3477e5546b3332fc636bd0221534da0,train,20260703,mnist-sampling-v1,35958,gold_candidate,develop_policy
train_01716,mnist,8,8,data/images/mnist-classification/source-datasets/mnist/8/f36541.png,f36541.png,png,cd1ecf8a13030931b5a5ce081deb198f39aaf007bb708d5112c17f70fa7b0c1f,train,20260703,mnist-sampling-v1,36541,gold_candidate,develop_policy
train_01717,mnist,8,8,data/images/mnist-classification/source-datasets/mnist/8/f37051.png,f37051.png,png,4151554f9319060d31e51f133917356385b7679fc24f4bd079ec7778685e1060,train,20260703,mnist-sampling-v1,37051,gold_candidate,develop_policy
train_01718,mnist,8,8,data/images/mnist-classification/source-datasets/mnist/8/f37178.png,f37178.png,png,7b88dbe0e992950a138de97330c9ab4b56e05030982cbd7e060b28bb31ef5eef,train,20260703,mnist-sampling-v1,37178,gold_candidate,develop_policy
train_01719,mnist,8,8,data/images/mnist-classification/source-datasets/mnist/8/f37522.png,f37522.png,png,e4ede50c114d757749886d8890e0a0657967432e4c29335cb038e51b67ec17c1,train,20260703,mnist-sampling-v1,37522,gold_candidate,develop_policy
train_01720,mnist,8,8,data/images/mnist-classification/source-datasets/mnist/8/f38074.png,f38074.png,png,6d6b55c4b0f75f08a0d8b7864f82cbfcf27a104f3a1b8fed7bc60a4d9f9cc635,train,20260703,mnist-sampling-v1,38074,gold_candidate,develop_policy
train_01721,mnist,8,8,data/images/mnist-classification/source-datasets/mnist/8/f38237.png,f38237.png,png,15638735ff790c7410d671312e2e49cd1c581ebf469d87f3e6165983aa3e9c75,train,20260703,mnist-sampling-v1,38237,gold_candidate,develop_policy
train_01722,mnist,8,8,data/images/mnist-classification/source-datasets/mnist/8/f38606.png,f38606.png,png,31606be56e383834fea855937646820d4000e92d3db77bcd379616727e162675,train,20260703,mnist-sampling-v1,38606,gold_candidate,develop_policy
train_01723,mnist,8,8,data/images/mnist-classification/source-datasets/mnist/8/f38878.png,f38878.png,png,5437718544ff22114e4b8d178c6934f46bc86ea1368a0601217aa450989dd0df,train,20260703,mnist-sampling-v1,38878,gold_candidate,develop_policy
train_01724,mnist,8,8,data/images/mnist-classification/source-datasets/mnist/8/f38979.png,f38979.png,png,7f95d865c7e5d2c9511a1ff02cfd2e734487a7b88495e9dbfa700255b24bef5c,train,20260703,mnist-sampling-v1,38979,gold_candidate,develop_policy
train_01725,mnist,8,8,data/images/mnist-classification/source-datasets/mnist/8/f39864.png,f39864.png,png,6020fef7447c112c20108bcfda5bebc184f2f5144e9a46203f414d09894ea14e,train,20260703,mnist-sampling-v1,39864,gold_candidate,develop_policy
train_01726,mnist,8,8,data/images/mnist-classification/source-datasets/mnist/8/f39991.png,f39991.png,png,48a894b4ea45d98745cf4340af5237051e6cd8d6598e1bfa7c9a90eff0c33714,train,20260703,mnist-sampling-v1,39991,gold_candidate,develop_policy
train_01727,mnist,8,8,data/images/mnist-classification/source-datasets/mnist/8/f40048.png,f40048.png,png,c085ca6d32ede45e9ba35f5086db79d3d9c453e6467dc59c6a9a6ee03fb9024b,train,20260703,mnist-sampling-v1,40048,gold_candidate,develop_policy
train_01728,mnist,8,8,data/images/mnist-classification/source-datasets/mnist/8/f40398.png,f40398.png,png,cbbf5bd16d7e3df88bb76595d8a071cacaad3e96d560914997179f3250dc7fb6,train,20260703,mnist-sampling-v1,40398,gold_candidate,develop_policy
train_01729,mnist,8,8,data/images/mnist-classification/source-datasets/mnist/8/f40697.png,f40697.png,png,8bd0b47fe9085cfef5524a4e990e4d3651e0f9ab2a97fcb1fa3cda248a8ba090,train,20260703,mnist-sampling-v1,40697,gold_candidate,develop_policy
train_01730,mnist,8,8,data/images/mnist-classification/source-datasets/mnist/8/f40852.png,f40852.png,png,e04122502cfc37e6c2bc526859b4b38a13daaaedcf5c95c8954bdd0d717323b1,train,20260703,mnist-sampling-v1,40852,gold_candidate,develop_policy
train_01731,mnist,8,8,data/images/mnist-classification/source-datasets/mnist/8/f40893.png,f40893.png,png,27402e4597b75476ebe9cd40b4a96554a16a305f0e6a738e4437507ead4264fe,train,20260703,mnist-sampling-v1,40893,gold_candidate,develop_policy
train_01732,mnist,8,8,data/images/mnist-classification/source-datasets/mnist/8/f41235.png,f41235.png,png,79793088ae8691fcd26aa3d4b1a6de3c1107fc582a6738cd8eb214d74d1e9528,train,20260703,mnist-sampling-v1,41235,gold_candidate,develop_policy
train_01733,mnist,8,8,data/images/mnist-classification/source-datasets/mnist/8/f41347.png,f41347.png,png,03856daaef4f7219b4d58f6ffea414a15a37c013e160b62d9010558ebf3fed50,train,20260703,mnist-sampling-v1,41347,gold_candidate,develop_policy
train_01734,mnist,8,8,data/images/mnist-classification/source-datasets/mnist/8/f41396.png,f41396.png,png,f1df5cf252bce4de17890ce92a052b71c989f0172602f332f73fd67bd2fb79f1,train,20260703,mnist-sampling-v1,41396,gold_candidate,develop_policy
train_01735,mnist,8,8,data/images/mnist-classification/source-datasets/mnist/8/f41495.png,f41495.png,png,6a7b43c21cefea940706d3dda3167b57c7935c4d6b963236d5203158df883dbc,train,20260703,mnist-sampling-v1,41495,gold_candidate,develop_policy
train_01736,mnist,8,8,data/images/mnist-classification/source-datasets/mnist/8/f41592.png,f41592.png,png,7877667b233d3156b28d3aca96f42b9427c57b8e49e61844affd9cbae904bab3,train,20260703,mnist-sampling-v1,41592,gold_candidate,develop_policy
train_01737,mnist,8,8,data/images/mnist-classification/source-datasets/mnist/8/f41712.png,f41712.png,png,0708861f2d52968d44e701a8775e2e8d14dddacdde2bef53c16f5b87bdc1f9c8,train,20260703,mnist-sampling-v1,41712,gold_candidate,develop_policy
train_01738,mnist,8,8,data/images/mnist-classification/source-datasets/mnist/8/f41853.png,f41853.png,png,47e10f517bd4a70018d9a1cf83ec4f1a2cbc0b28c8c380c11e814d74d0e6d181,train,20260703,mnist-sampling-v1,41853,gold_candidate,develop_policy
train_01739,mnist,8,8,data/images/mnist-classification/source-datasets/mnist/8/f42076.png,f42076.png,png,d092d8f50f37156e321da8d0f3fe601a814d9d8db3772bcb30ab27e2c0a8331c,train,20260703,mnist-sampling-v1,42076,gold_candidate,develop_policy
train_01740,mnist,8,8,data/images/mnist-classification/source-datasets/mnist/8/f42130.png,f42130.png,png,8e61c7e3a8d117b565a751b6d0aeb55d4628fd20e8eb4fcef1e268028f124251,train,20260703,mnist-sampling-v1,42130,gold_candidate,develop_policy
train_01741,mnist,8,8,data/images/mnist-classification/source-datasets/mnist/8/f43215.png,f43215.png,png,545ba506a00a839afd429245e047f924e42a831a14013c0af47e4eacd27c26fc,train,20260703,mnist-sampling-v1,43215,gold_candidate,develop_policy
train_01742,mnist,8,8,data/images/mnist-classification/source-datasets/mnist/8/f43321.png,f43321.png,png,488357a108324e8a202265b7a9520b6f07045e0a4d512bf55ae5ab12c1ef9183,train,20260703,mnist-sampling-v1,43321,gold_candidate,develop_policy
train_01743,mnist,8,8,data/images/mnist-classification/source-datasets/mnist/8/f43388.png,f43388.png,png,ac71c83381440828e82d8985809e0b010e6abf528e045bd4275d96fb6ec44e6d,train,20260703,mnist-sampling-v1,43388,gold_candidate,develop_policy
train_01744,mnist,8,8,data/images/mnist-classification/source-datasets/mnist/8/f43403.png,f43403.png,png,0bf536a0ff782c7e8f4f2b5e7efab4790b6bb398e642a82b39f55e3dc1c823af,train,20260703,mnist-sampling-v1,43403,gold_candidate,develop_policy
train_01745,mnist,8,8,data/images/mnist-classification/source-datasets/mnist/8/f43876.png,f43876.png,png,0c0a3e327e99f78296bb4d7fbf711750886865e33e986c0da7dd1f00032ded71,train,20260703,mnist-sampling-v1,43876,gold_candidate,develop_policy
train_01746,mnist,8,8,data/images/mnist-classification/source-datasets/mnist/8/f43930.png,f43930.png,png,302b76b1f096f5a6dc93f9f6c20647b8b88cff815adac7c5356b09a682066486,train,20260703,mnist-sampling-v1,43930,gold_candidate,develop_policy
train_01747,mnist,8,8,data/images/mnist-classification/source-datasets/mnist/8/f43953.png,f43953.png,png,edfe3ac3940ac7ba9c6c20d67266a33758573d5647222a2028b8d79738eecaa8,train,20260703,mnist-sampling-v1,43953,gold_candidate,develop_policy
train_01748,mnist,8,8,data/images/mnist-classification/source-datasets/mnist/8/f44270.png,f44270.png,png,72ce425dd8b14b1201cf4b4b7b10b410365c3321104a318c746dddf2c59a4e17,train,20260703,mnist-sampling-v1,44270,gold_candidate,develop_policy
train_01749,mnist,8,8,data/images/mnist-classification/source-datasets/mnist/8/f44616.png,f44616.png,png,250c3bd0cd372a51b9ad0c007da71e52c498f33c31c02038e2fdcb4fbc0e43c1,train,20260703,mnist-sampling-v1,44616,gold_candidate,develop_policy
train_01750,mnist,8,8,data/images/mnist-classification/source-datasets/mnist/8/f45311.png,f45311.png,png,3a43982dce1aa17e245ad1cba5f46c6b0da8676de81f53250c98cecd048b2ddd,train,20260703,mnist-sampling-v1,45311,gold_candidate,develop_policy
train_01751,mnist,8,8,data/images/mnist-classification/source-datasets/mnist/8/f45553.png,f45553.png,png,f3a18513b4ab861968c271332f1b45b62fbebe239bc141f4d9e9dcd83614afd2,train,20260703,mnist-sampling-v1,45553,gold_candidate,develop_policy
train_01752,mnist,8,8,data/images/mnist-classification/source-datasets/mnist/8/f45692.png,f45692.png,png,840aa210ff13fc9eb5471ee32e3fe08325481020442ee2fb5fe898ebb61fd478,train,20260703,mnist-sampling-v1,45692,gold_candidate,develop_policy
train_01753,mnist,8,8,data/images/mnist-classification/source-datasets/mnist/8/f45988.png,f45988.png,png,b72244778117936e883951f11c72404b82a96e82362788dd9e881245ce2df973,train,20260703,mnist-sampling-v1,45988,gold_candidate,develop_policy
train_01754,mnist,8,8,data/images/mnist-classification/source-datasets/mnist/8/f46313.png,f46313.png,png,42056e0868c52065e768b8f387f9d7d68218774c0074b8c8f020bb2fe68b1d53,train,20260703,mnist-sampling-v1,46313,gold_candidate,develop_policy
train_01755,mnist,8,8,data/images/mnist-classification/source-datasets/mnist/8/f46827.png,f46827.png,png,34a1491abc038319b226aaceaef2f85e533fb15d5f9f6b2ec63acc2ae6ef842d,train,20260703,mnist-sampling-v1,46827,gold_candidate,develop_policy
train_01756,mnist,8,8,data/images/mnist-classification/source-datasets/mnist/8/f47122.png,f47122.png,png,d83b15804f85c3ec5a7caa14ca60c17f41986dcad19dd0dd0baad6420c4dd893,train,20260703,mnist-sampling-v1,47122,gold_candidate,develop_policy
train_01757,mnist,8,8,data/images/mnist-classification/source-datasets/mnist/8/f47136.png,f47136.png,png,5101fae46ab4a96f68aa05de0dae5040daae700a89c5f83b5135c0dba152f71c,train,20260703,mnist-sampling-v1,47136,gold_candidate,develop_policy
train_01758,mnist,8,8,data/images/mnist-classification/source-datasets/mnist/8/f47218.png,f47218.png,png,78a95423f5e0f3b405b843cd27ebccf704b581445b6269f3efc7a1431a97346d,train,20260703,mnist-sampling-v1,47218,gold_candidate,develop_policy
train_01759,mnist,8,8,data/images/mnist-classification/source-datasets/mnist/8/f47882.png,f47882.png,png,2fc68bcac7f47cad4a386b9f5b991e4c2d9dfe88308f9b7e077f0f38d734c39f,train,20260703,mnist-sampling-v1,47882,gold_candidate,develop_policy
train_01760,mnist,8,8,data/images/mnist-classification/source-datasets/mnist/8/f48115.png,f48115.png,png,e71a01c2d2e157b82fc882be3d668cbde5005abd62d72ff35952661698b71d95,train,20260703,mnist-sampling-v1,48115,gold_candidate,develop_policy
train_01761,mnist,8,8,data/images/mnist-classification/source-datasets/mnist/8/f48544.png,f48544.png,png,1381e2cd6cafe41b6b25ba5878730957daf20ea5bcc70f9176ba8094faa88710,train,20260703,mnist-sampling-v1,48544,gold_candidate,develop_policy
train_01762,mnist,8,8,data/images/mnist-classification/source-datasets/mnist/8/f49618.png,f49618.png,png,0629126d54d3ffe2768305fee0027fc02e2c94fc600f1e08ee5c855b7f17f91b,train,20260703,mnist-sampling-v1,49618,gold_candidate,develop_policy
train_01763,mnist,8,8,data/images/mnist-classification/source-datasets/mnist/8/f50198.png,f50198.png,png,e2c882c2657716e692755cf383a6007cfd78c6aa321ca1ddeb2dad969ccd87d7,train,20260703,mnist-sampling-v1,50198,gold_candidate,develop_policy
train_01764,mnist,8,8,data/images/mnist-classification/source-datasets/mnist/8/f50634.png,f50634.png,png,59145ee31794be51863462af117585643672d85dd762430f13fc841e8b7ff946,train,20260703,mnist-sampling-v1,50634,gold_candidate,develop_policy
train_01765,mnist,8,8,data/images/mnist-classification/source-datasets/mnist/8/f50791.png,f50791.png,png,75457dd381aba28a3c0c02338edb403b15b97b0e3bbf532a5725fe493733e716,train,20260703,mnist-sampling-v1,50791,gold_candidate,develop_policy
train_01766,mnist,8,8,data/images/mnist-classification/source-datasets/mnist/8/f51183.png,f51183.png,png,c941cb217ec57f5e4d922a7c0c552a19fa34e1bcac9387a208660849d0183fcb,train,20260703,mnist-sampling-v1,51183,gold_candidate,develop_policy
train_01767,mnist,8,8,data/images/mnist-classification/source-datasets/mnist/8/f51347.png,f51347.png,png,a8b0903648c03bacc4085ab81248ef884e9a75e1b0eaba294487ef40055c580d,train,20260703,mnist-sampling-v1,51347,gold_candidate,develop_policy
train_01768,mnist,8,8,data/images/mnist-classification/source-datasets/mnist/8/f51440.png,f51440.png,png,37714f0efd24ab73bfa7053bc8b08b55b8d85ef94bc59ed4693f044000c4a209,train,20260703,mnist-sampling-v1,51440,gold_candidate,develop_policy
train_01769,mnist,8,8,data/images/mnist-classification/source-datasets/mnist/8/f51501.png,f51501.png,png,162cbb5d626b7c292970917e672fe0703f8402e63d9a8c34ac2d8f7cdbffd484,train,20260703,mnist-sampling-v1,51501,gold_candidate,develop_policy
train_01770,mnist,8,8,data/images/mnist-classification/source-datasets/mnist/8/f51588.png,f51588.png,png,d4a91adb2f7c31384f84bfeaa8e59e114ce366ef26dcac0bb1b8207608dbad67,train,20260703,mnist-sampling-v1,51588,gold_candidate,develop_policy
train_01771,mnist,8,8,data/images/mnist-classification/source-datasets/mnist/8/f51601.png,f51601.png,png,07a1cac775d37895fe24a58e3a11fbc18f77c0e45e4ef7341aa36142fd18be72,train,20260703,mnist-sampling-v1,51601,gold_candidate,develop_policy
train_01772,mnist,8,8,data/images/mnist-classification/source-datasets/mnist/8/f52050.png,f52050.png,png,b18bab2578af74d38ea5b6cb95bcefd787e8a7d1aaec291e30c4a0eb6d3c8b9d,train,20260703,mnist-sampling-v1,52050,gold_candidate,develop_policy
train_01773,mnist,8,8,data/images/mnist-classification/source-datasets/mnist/8/f52250.png,f52250.png,png,255cc0bd65a1969d35f335d5030c3ff869736b4a090cb0831d14060b7f90ebfb,train,20260703,mnist-sampling-v1,52250,gold_candidate,develop_policy
train_01774,mnist,8,8,data/images/mnist-classification/source-datasets/mnist/8/f52329.png,f52329.png,png,5306e0f1af628d87a74fd84ac083003578fe0f629b9de316d7d3b567a7956b57,train,20260703,mnist-sampling-v1,52329,gold_candidate,develop_policy
train_01775,mnist,8,8,data/images/mnist-classification/source-datasets/mnist/8/f52389.png,f52389.png,png,092da1e46070f2caa4afe054dc58d123de41485b3bf70fc724e53bcc71037308,train,20260703,mnist-sampling-v1,52389,gold_candidate,develop_policy
train_01776,mnist,8,8,data/images/mnist-classification/source-datasets/mnist/8/f52848.png,f52848.png,png,d3b56f06ac0c40c67c0b873006da2e8d19483baaab1c2fe5cff716b9a97d5291,train,20260703,mnist-sampling-v1,52848,gold_candidate,develop_policy
train_01777,mnist,8,8,data/images/mnist-classification/source-datasets/mnist/8/f53161.png,f53161.png,png,1722bdaa1e8a4a525ee07121a8f8b7e9dd7d787b83e43251919b217bf1097082,train,20260703,mnist-sampling-v1,53161,gold_candidate,develop_policy
train_01778,mnist,8,8,data/images/mnist-classification/source-datasets/mnist/8/f53464.png,f53464.png,png,047bea9f1522f176e495fb0f17709070893a1c0bf1db282c6165ab3823644959,train,20260703,mnist-sampling-v1,53464,gold_candidate,develop_policy
train_01779,mnist,8,8,data/images/mnist-classification/source-datasets/mnist/8/f53640.png,f53640.png,png,aa65644ca30837a9b592c4e0cfc58a8b5dc6077e50431112d3f056f96420347a,train,20260703,mnist-sampling-v1,53640,gold_candidate,develop_policy
train_01780,mnist,8,8,data/images/mnist-classification/source-datasets/mnist/8/f53701.png,f53701.png,png,0256e1614fdac282036c0c357d28dc3c9e1d3e4922d5ea9505cc3ba5d5bc337a,train,20260703,mnist-sampling-v1,53701,gold_candidate,develop_policy
train_01781,mnist,8,8,data/images/mnist-classification/source-datasets/mnist/8/f53854.png,f53854.png,png,3ca0c1b60f55ead1c1c0fa82712431c3d904985ebadc7a0e9ad32b522962a42e,train,20260703,mnist-sampling-v1,53854,gold_candidate,develop_policy
train_01782,mnist,8,8,data/images/mnist-classification/source-datasets/mnist/8/f54362.png,f54362.png,png,4ebfa74831b66066727df20652f7a39887159f19584e49c8f89ad9230f7435cd,train,20260703,mnist-sampling-v1,54362,gold_candidate,develop_policy
train_01783,mnist,8,8,data/images/mnist-classification/source-datasets/mnist/8/f54471.png,f54471.png,png,00393400c4c877810d9e68817c3ff7785b751d94fa8c059f98c80262127e0183,train,20260703,mnist-sampling-v1,54471,gold_candidate,develop_policy
train_01784,mnist,8,8,data/images/mnist-classification/source-datasets/mnist/8/f54550.png,f54550.png,png,9dd64e714cef86bd00fd812e0e67010d44528fe8c7454752eb05e9988792dd00,train,20260703,mnist-sampling-v1,54550,gold_candidate,develop_policy
train_01785,mnist,8,8,data/images/mnist-classification/source-datasets/mnist/8/f55284.png,f55284.png,png,8bdd276208535eb46255153cb84281eca9744066e7fe69f64b7055f4c3bd77c7,train,20260703,mnist-sampling-v1,55284,gold_candidate,develop_policy
train_01786,mnist,8,8,data/images/mnist-classification/source-datasets/mnist/8/f55557.png,f55557.png,png,531597c0879d8cef14351d3c51b50229a1cef2e3539182f6abf756ad2eaade13,train,20260703,mnist-sampling-v1,55557,gold_candidate,develop_policy
train_01787,mnist,8,8,data/images/mnist-classification/source-datasets/mnist/8/f55940.png,f55940.png,png,a18c3b88a0bf9082f36f7d3cf2ce48c4fbc322f0a7770b5d62f91e9145d50aa6,train,20260703,mnist-sampling-v1,55940,gold_candidate,develop_policy
train_01788,mnist,8,8,data/images/mnist-classification/source-datasets/mnist/8/f56056.png,f56056.png,png,c4072d9d790d025ec1bd51070bfb1fbfa442c7e481b44ae19ccf175d4ebbb661,train,20260703,mnist-sampling-v1,56056,gold_candidate,develop_policy
train_01789,mnist,8,8,data/images/mnist-classification/source-datasets/mnist/8/f56369.png,f56369.png,png,e6dcb0987f7682295179d1efd02bab569c1dd5a9bdd8e27c61d8837db0fbfd59,train,20260703,mnist-sampling-v1,56369,gold_candidate,develop_policy
train_01790,mnist,8,8,data/images/mnist-classification/source-datasets/mnist/8/f56402.png,f56402.png,png,1b05a4de07b8f763a9c717ec53e49d48d8ddda216a6d2d2dfb404dfdcf411f5b,train,20260703,mnist-sampling-v1,56402,gold_candidate,develop_policy
train_01791,mnist,8,8,data/images/mnist-classification/source-datasets/mnist/8/f56536.png,f56536.png,png,d30b86bac746dfb12dce72e2167aaf3f241f501f78a0827705ddf8148764d158,train,20260703,mnist-sampling-v1,56536,gold_candidate,develop_policy
train_01792,mnist,8,8,data/images/mnist-classification/source-datasets/mnist/8/f56985.png,f56985.png,png,395d071666da0b29190e787054feb5818c90451085dd14532c20d6ca0add04a0,train,20260703,mnist-sampling-v1,56985,gold_candidate,develop_policy
train_01793,mnist,8,8,data/images/mnist-classification/source-datasets/mnist/8/f57179.png,f57179.png,png,25c453e10c96e9c82247852eed327041585a1251acdf7575a9250ba1c71affeb,train,20260703,mnist-sampling-v1,57179,gold_candidate,develop_policy
train_01794,mnist,8,8,data/images/mnist-classification/source-datasets/mnist/8/f57355.png,f57355.png,png,34c98e9b35b17d1109d7392961d6c2603d6a73dd326cdf988d272477a0f4b7cd,train,20260703,mnist-sampling-v1,57355,gold_candidate,develop_policy
train_01795,mnist,8,8,data/images/mnist-classification/source-datasets/mnist/8/f57918.png,f57918.png,png,b732b06eedface29f11b2c2e111dd95f71209e315359ed9b118581f902beb306,train,20260703,mnist-sampling-v1,57918,gold_candidate,develop_policy
train_01796,mnist,8,8,data/images/mnist-classification/source-datasets/mnist/8/f58384.png,f58384.png,png,017bf05d0ec1eb439319308793e72f4bec2eebc123d89f68d07b37f0de642874,train,20260703,mnist-sampling-v1,58384,gold_candidate,develop_policy
train_01797,mnist,8,8,data/images/mnist-classification/source-datasets/mnist/8/f58448.png,f58448.png,png,ab1c7cef5616b7a167e97de23c22ed4560370d9794c5db6d55075b740ab8102f,train,20260703,mnist-sampling-v1,58448,gold_candidate,develop_policy
train_01798,mnist,8,8,data/images/mnist-classification/source-datasets/mnist/8/f58837.png,f58837.png,png,0070bcc20b4697e565b6d3c220db80d4097210d068537ee54fbfda2340cc1539,train,20260703,mnist-sampling-v1,58837,gold_candidate,develop_policy
train_01799,mnist,8,8,data/images/mnist-classification/source-datasets/mnist/8/f59018.png,f59018.png,png,f1255861e416c687bb86aff7044166ef74a7819a224e9dd09f78ef34e86fcb79,train,20260703,mnist-sampling-v1,59018,gold_candidate,develop_policy
train_01800,mnist,8,8,data/images/mnist-classification/source-datasets/mnist/8/f59999.png,f59999.png,png,5a03b270ccf2a92595f53569b764651fed69320210afa4e2fd7f2af1ece0ef9e,train,20260703,mnist-sampling-v1,59999,gold_candidate,develop_policy
train_01801,mnist,9,9,data/images/mnist-classification/source-datasets/mnist/9/f176.png,f176.png,png,1af1994be7cf92bdd058f0b99e93449e430c612d93def2d735e623ea8cb1082a,train,20260703,mnist-sampling-v1,176,gold_candidate,develop_policy
train_01802,mnist,9,9,data/images/mnist-classification/source-datasets/mnist/9/f226.png,f226.png,png,b4d15f03daeea2219c751136d8a7365265c774a0b691f17c905a83aa02bdc601,train,20260703,mnist-sampling-v1,226,gold_candidate,develop_policy
train_01803,mnist,9,9,data/images/mnist-classification/source-datasets/mnist/9/f589.png,f589.png,png,da04e2b3a27f1fb22c118cc9e416bdf396a1c9e902719f25b10484a69f21c9e0,train,20260703,mnist-sampling-v1,589,gold_candidate,develop_policy
train_01804,mnist,9,9,data/images/mnist-classification/source-datasets/mnist/9/f621.png,f621.png,png,4ba2210d60225d4e19efc99c9afa24141a0620815a4b713e284f5566f19e4968,train,20260703,mnist-sampling-v1,621,gold_candidate,develop_policy
train_01805,mnist,9,9,data/images/mnist-classification/source-datasets/mnist/9/f806.png,f806.png,png,6b68975d360a6fa7af84fc9f564b8299c211b96ff6eeb0b8ed5b0031c7ed9b96,train,20260703,mnist-sampling-v1,806,gold_candidate,develop_policy
train_01806,mnist,9,9,data/images/mnist-classification/source-datasets/mnist/9/f864.png,f864.png,png,2e4b4ac2aa67bc8493c90c63d8a630f8db3fb60fdd9969d8adbeee0a219e975f,train,20260703,mnist-sampling-v1,864,gold_candidate,develop_policy
train_01807,mnist,9,9,data/images/mnist-classification/source-datasets/mnist/9/f1036.png,f1036.png,png,54f8fbad096344e4a2c17d5d5931c358aded303da575370b689dffa463481895,train,20260703,mnist-sampling-v1,1036,gold_candidate,develop_policy
train_01808,mnist,9,9,data/images/mnist-classification/source-datasets/mnist/9/f1167.png,f1167.png,png,8558fbe14b2cc95616723e4bacbecc4c65375623ddfe3d055cddc9e7aab78f22,train,20260703,mnist-sampling-v1,1167,gold_candidate,develop_policy
train_01809,mnist,9,9,data/images/mnist-classification/source-datasets/mnist/9/f1194.png,f1194.png,png,0e420e3237bc0a5696f1a7598e4e03ca32ca2b69eb24ac7f68889575e5814275,train,20260703,mnist-sampling-v1,1194,gold_candidate,develop_policy
train_01810,mnist,9,9,data/images/mnist-classification/source-datasets/mnist/9/f1421.png,f1421.png,png,a383b112c4b7f2eb649177b75bf16d26d64cac27ede170ee61d9e85a89d76622,train,20260703,mnist-sampling-v1,1421,gold_candidate,develop_policy
train_01811,mnist,9,9,data/images/mnist-classification/source-datasets/mnist/9/f1585.png,f1585.png,png,9832db182c8907e00f2ac76a92f4a31b648f3adadaf7fd7bea7058c9b585eaff,train,20260703,mnist-sampling-v1,1585,gold_candidate,develop_policy
train_01812,mnist,9,9,data/images/mnist-classification/source-datasets/mnist/9/f2351.png,f2351.png,png,e324cb27618a30a8eaace1a333da4a6b490e9767373344eb51664fc3194d0d25,train,20260703,mnist-sampling-v1,2351,gold_candidate,develop_policy
train_01813,mnist,9,9,data/images/mnist-classification/source-datasets/mnist/9/f2702.png,f2702.png,png,62a9f0e3bdb8060ed9b9b70313c6a014b00ffded06a744a86b6afdb55ee0269a,train,20260703,mnist-sampling-v1,2702,gold_candidate,develop_policy
train_01814,mnist,9,9,data/images/mnist-classification/source-datasets/mnist/9/f2934.png,f2934.png,png,78d712161a43d3c5518dbcc8dc64d5151098688478e0f19e61339ea9526dfb35,train,20260703,mnist-sampling-v1,2934,gold_candidate,develop_policy
train_01815,mnist,9,9,data/images/mnist-classification/source-datasets/mnist/9/f3508.png,f3508.png,png,9fbd8b2da83ec318d3d127c167f9f080e035eee0ec4f6e1a3640d6c81d9dace3,train,20260703,mnist-sampling-v1,3508,gold_candidate,develop_policy
train_01816,mnist,9,9,data/images/mnist-classification/source-datasets/mnist/9/f3588.png,f3588.png,png,0484e6d7be828ecee9b18f3c87a70d4c5aa5166f78a3b9365a07989abc35a446,train,20260703,mnist-sampling-v1,3588,gold_candidate,develop_policy
train_01817,mnist,9,9,data/images/mnist-classification/source-datasets/mnist/9/f3621.png,f3621.png,png,c0b20e0cb8c62f9c1e0ad88e07a808baf75370af353e6907d5cc07fbb7710fbb,train,20260703,mnist-sampling-v1,3621,gold_candidate,develop_policy
train_01818,mnist,9,9,data/images/mnist-classification/source-datasets/mnist/9/f3796.png,f3796.png,png,b32198707e94b79b8a9d344dfc215b922a777fc035d6320101a57feead708912,train,20260703,mnist-sampling-v1,3796,gold_candidate,develop_policy
train_01819,mnist,9,9,data/images/mnist-classification/source-datasets/mnist/9/f3874.png,f3874.png,png,a4dec62a409d243a1e93702b54acfe1063d2f10ea7a0b0efbf1368daffa8e43c,train,20260703,mnist-sampling-v1,3874,gold_candidate,develop_policy
train_01820,mnist,9,9,data/images/mnist-classification/source-datasets/mnist/9/f4826.png,f4826.png,png,5c30d0ba40a4e88aafe1bd634e539a5965b565b60490b8373d74147a89085229,train,20260703,mnist-sampling-v1,4826,gold_candidate,develop_policy
train_01821,mnist,9,9,data/images/mnist-classification/source-datasets/mnist/9/f5478.png,f5478.png,png,51cbfb26a8cdbc9c2f3b638afaf04985c207730a531af76a8a4ac9f49117d0a3,train,20260703,mnist-sampling-v1,5478,gold_candidate,develop_policy
train_01822,mnist,9,9,data/images/mnist-classification/source-datasets/mnist/9/f5592.png,f5592.png,png,ad26b3924b509cd894be6b37b4b8e35f4f5d3536a0fbef5b81beb517015d6121,train,20260703,mnist-sampling-v1,5592,gold_candidate,develop_policy
train_01823,mnist,9,9,data/images/mnist-classification/source-datasets/mnist/9/f5740.png,f5740.png,png,c91b040b3c469b7a199f2a86369a67f3fc0e9a1258307e14df8d3d174a11b435,train,20260703,mnist-sampling-v1,5740,gold_candidate,develop_policy
train_01824,mnist,9,9,data/images/mnist-classification/source-datasets/mnist/9/f5868.png,f5868.png,png,7ebd6aed21163f9302970f02306c362a8932fb5958c997992a133c82dfd21f44,train,20260703,mnist-sampling-v1,5868,gold_candidate,develop_policy
train_01825,mnist,9,9,data/images/mnist-classification/source-datasets/mnist/9/f6779.png,f6779.png,png,34ec5951884231aafd219f225bc8902ea399d0c74c7422e2983e9d4114b4f6c3,train,20260703,mnist-sampling-v1,6779,gold_candidate,develop_policy
train_01826,mnist,9,9,data/images/mnist-classification/source-datasets/mnist/9/f6993.png,f6993.png,png,1e90a59cb726ac9aebccc061839de4f53401cbf476bb39918d6223cdf8cdb212,train,20260703,mnist-sampling-v1,6993,gold_candidate,develop_policy
train_01827,mnist,9,9,data/images/mnist-classification/source-datasets/mnist/9/f7056.png,f7056.png,png,344b99c5f6fe749150bf6a232b1cb61f228dfb7106d315661fd0bf06506bd405,train,20260703,mnist-sampling-v1,7056,gold_candidate,develop_policy
train_01828,mnist,9,9,data/images/mnist-classification/source-datasets/mnist/9/f7538.png,f7538.png,png,04b7fb7a99f5997b1ca64c12c1fdd0bc5485d07cbb41f1a88940e27d2dfbac9d,train,20260703,mnist-sampling-v1,7538,gold_candidate,develop_policy
train_01829,mnist,9,9,data/images/mnist-classification/source-datasets/mnist/9/f7702.png,f7702.png,png,491fb8dd014ff1606bba04b25f8be17af9e9d8d0474a55a89b46e2e3ee581000,train,20260703,mnist-sampling-v1,7702,gold_candidate,develop_policy
train_01830,mnist,9,9,data/images/mnist-classification/source-datasets/mnist/9/f7853.png,f7853.png,png,33b033037364daa5b743b9685b6a5fb78c17ce203769d83b01ed1dc4d621c05b,train,20260703,mnist-sampling-v1,7853,gold_candidate,develop_policy
train_01831,mnist,9,9,data/images/mnist-classification/source-datasets/mnist/9/f7904.png,f7904.png,png,471dc679c626b325510c198a02c70da7e31db0fe0740f3eb5a9444a6f62ca587,train,20260703,mnist-sampling-v1,7904,gold_candidate,develop_policy
train_01832,mnist,9,9,data/images/mnist-classification/source-datasets/mnist/9/f8322.png,f8322.png,png,0fb4987f8ada9ca035a286a60ba7f0377745eb10124bccaab7c5f20a99ef2020,train,20260703,mnist-sampling-v1,8322,gold_candidate,develop_policy
train_01833,mnist,9,9,data/images/mnist-classification/source-datasets/mnist/9/f8356.png,f8356.png,png,433b071d87448368471028e262cdb1a347cd9538711998d4dac45a26beeb2e2c,train,20260703,mnist-sampling-v1,8356,gold_candidate,develop_policy
train_01834,mnist,9,9,data/images/mnist-classification/source-datasets/mnist/9/f8802.png,f8802.png,png,51db1bb0daffbb2cbcab9cbaf7cf18bffa59e4ec117601b55c575360421730cf,train,20260703,mnist-sampling-v1,8802,gold_candidate,develop_policy
train_01835,mnist,9,9,data/images/mnist-classification/source-datasets/mnist/9/f10613.png,f10613.png,png,d45cea03c23f977226da4dfa64c0953e91e88414041a0a5698f19f3a2d6a7d27,train,20260703,mnist-sampling-v1,10613,gold_candidate,develop_policy
train_01836,mnist,9,9,data/images/mnist-classification/source-datasets/mnist/9/f11150.png,f11150.png,png,aa0d603f2387ba37f2ea066285a046130f4a28d65b97caeb5b05bbc0ac366af4,train,20260703,mnist-sampling-v1,11150,gold_candidate,develop_policy
train_01837,mnist,9,9,data/images/mnist-classification/source-datasets/mnist/9/f12696.png,f12696.png,png,b980b34e61f89e52d8d51f025f1e481eaae043841711f92c01a1ed9322fee7cc,train,20260703,mnist-sampling-v1,12696,gold_candidate,develop_policy
train_01838,mnist,9,9,data/images/mnist-classification/source-datasets/mnist/9/f12787.png,f12787.png,png,6c9e0107cff6c2d5ec9bce8e95a8781aa9a9733b2129e9573fb4dbe0bbd0ac3a,train,20260703,mnist-sampling-v1,12787,gold_candidate,develop_policy
train_01839,mnist,9,9,data/images/mnist-classification/source-datasets/mnist/9/f12900.png,f12900.png,png,af6917a53a79989abbd20ce3d3e13beac22e0f1480716f7c30f2fac5bb3eddf9,train,20260703,mnist-sampling-v1,12900,gold_candidate,develop_policy
train_01840,mnist,9,9,data/images/mnist-classification/source-datasets/mnist/9/f13057.png,f13057.png,png,9d787274462878531a21fa8021db86a4a4fb3c99170118038803c8aea6c907a4,train,20260703,mnist-sampling-v1,13057,gold_candidate,develop_policy
train_01841,mnist,9,9,data/images/mnist-classification/source-datasets/mnist/9/f13247.png,f13247.png,png,04069699c6232f23157381b432cc380830c8b797350ff516c36c80d0bd75e08e,train,20260703,mnist-sampling-v1,13247,gold_candidate,develop_policy
train_01842,mnist,9,9,data/images/mnist-classification/source-datasets/mnist/9/f13437.png,f13437.png,png,e36b2a4199ed6a7790dabf13c7065af15c222a1f0872ff5e292b25cf47b66f81,train,20260703,mnist-sampling-v1,13437,gold_candidate,develop_policy
train_01843,mnist,9,9,data/images/mnist-classification/source-datasets/mnist/9/f13439.png,f13439.png,png,e62de31a5ef70543ffb7e46b62dbe9b98dedd9e7b3b0888ca8f6e8c1749fb395,train,20260703,mnist-sampling-v1,13439,gold_candidate,develop_policy
train_01844,mnist,9,9,data/images/mnist-classification/source-datasets/mnist/9/f13797.png,f13797.png,png,40e486fd6cf1d411105a9fe7b9c5f6bfbcc8189524876133685cc2f4452418e5,train,20260703,mnist-sampling-v1,13797,gold_candidate,develop_policy
train_01845,mnist,9,9,data/images/mnist-classification/source-datasets/mnist/9/f13932.png,f13932.png,png,aa3f74a947414c3466e87c4cc0e4ac7be4ad44739c8795a39830f573554fb0b8,train,20260703,mnist-sampling-v1,13932,gold_candidate,develop_policy
train_01846,mnist,9,9,data/images/mnist-classification/source-datasets/mnist/9/f14696.png,f14696.png,png,c4e5722ab29a4c696c4ede7a954edefd97e07c65d29bc348fac5dbbe1a68906d,train,20260703,mnist-sampling-v1,14696,gold_candidate,develop_policy
train_01847,mnist,9,9,data/images/mnist-classification/source-datasets/mnist/9/f14984.png,f14984.png,png,3e8db3d345d4a54e8163fc22175cda5d4c554d9708cdb443769690c6017524e2,train,20260703,mnist-sampling-v1,14984,gold_candidate,develop_policy
train_01848,mnist,9,9,data/images/mnist-classification/source-datasets/mnist/9/f15151.png,f15151.png,png,fdaf9eb6f06b1a5bbe88bc150355be7e9168ae8188717dfdc547ff074c1826fb,train,20260703,mnist-sampling-v1,15151,gold_candidate,develop_policy
train_01849,mnist,9,9,data/images/mnist-classification/source-datasets/mnist/9/f16477.png,f16477.png,png,e652ef6a54732b82583172b05d8b65c3865a5795bd958e48d2dd96c6d1e9f38f,train,20260703,mnist-sampling-v1,16477,gold_candidate,develop_policy
train_01850,mnist,9,9,data/images/mnist-classification/source-datasets/mnist/9/f16581.png,f16581.png,png,c27c7c00f5ddd61debf0c01edc247f66d907b8b856c925860710b5da93962fcf,train,20260703,mnist-sampling-v1,16581,gold_candidate,develop_policy
train_01851,mnist,9,9,data/images/mnist-classification/source-datasets/mnist/9/f16602.png,f16602.png,png,232305364e59ce398c9445db4d4c0b90ef8853662ae0120a2a476e6b77abc1cc,train,20260703,mnist-sampling-v1,16602,gold_candidate,develop_policy
train_01852,mnist,9,9,data/images/mnist-classification/source-datasets/mnist/9/f16877.png,f16877.png,png,803fee026d46aff276c7b28949787336ef9b394a66945c4b8cc95da1681b5a8b,train,20260703,mnist-sampling-v1,16877,gold_candidate,develop_policy
train_01853,mnist,9,9,data/images/mnist-classification/source-datasets/mnist/9/f17019.png,f17019.png,png,26aec340bb33ad7b5f1419c94304282d41e00ae41a517735a8f08654b4b761c4,train,20260703,mnist-sampling-v1,17019,gold_candidate,develop_policy
train_01854,mnist,9,9,data/images/mnist-classification/source-datasets/mnist/9/f17785.png,f17785.png,png,f539949039d1724e3c7341b2879a25b9969f049e49477bc2dbf6d07125ae6b86,train,20260703,mnist-sampling-v1,17785,gold_candidate,develop_policy
train_01855,mnist,9,9,data/images/mnist-classification/source-datasets/mnist/9/f18111.png,f18111.png,png,c76ab30a5964bc46b6fe5ec4540145e059e743ada453df209c96635e332ac0ad,train,20260703,mnist-sampling-v1,18111,gold_candidate,develop_policy
train_01856,mnist,9,9,data/images/mnist-classification/source-datasets/mnist/9/f18669.png,f18669.png,png,d28ca2bd9d1e0196d73aea3cb75833692837bb1f2e8a96b72438311cb3476430,train,20260703,mnist-sampling-v1,18669,gold_candidate,develop_policy
train_01857,mnist,9,9,data/images/mnist-classification/source-datasets/mnist/9/f18728.png,f18728.png,png,368d13541e24106a46771255de8f7de5acd405d795febb7e28cb32484b910844,train,20260703,mnist-sampling-v1,18728,gold_candidate,develop_policy
train_01858,mnist,9,9,data/images/mnist-classification/source-datasets/mnist/9/f19239.png,f19239.png,png,2d9b47be3aadc4f38705de76b02494ad55a0e1b42178c53d21d7c9382d336f92,train,20260703,mnist-sampling-v1,19239,gold_candidate,develop_policy
train_01859,mnist,9,9,data/images/mnist-classification/source-datasets/mnist/9/f19395.png,f19395.png,png,2a6740542326572d7d55bded0ef8ccdbf259c0fbf9219a551f4bb6a51553e7c1,train,20260703,mnist-sampling-v1,19395,gold_candidate,develop_policy
train_01860,mnist,9,9,data/images/mnist-classification/source-datasets/mnist/9/f19644.png,f19644.png,png,ac2c05f5f8f95b727dd9e4470aa6d675b917bca753be081e7b1aee332b838abf,train,20260703,mnist-sampling-v1,19644,gold_candidate,develop_policy
train_01861,mnist,9,9,data/images/mnist-classification/source-datasets/mnist/9/f19860.png,f19860.png,png,e0e81eb83d1a18ae161c638e37b154d017a6a3892ae1ef6736e84c64687fe602,train,20260703,mnist-sampling-v1,19860,gold_candidate,develop_policy
train_01862,mnist,9,9,data/images/mnist-classification/source-datasets/mnist/9/f19953.png,f19953.png,png,f7e56c12caeedd5769645517faf74f96633c0aecbd0c7c97f875422dc419f10e,train,20260703,mnist-sampling-v1,19953,gold_candidate,develop_policy
train_01863,mnist,9,9,data/images/mnist-classification/source-datasets/mnist/9/f20031.png,f20031.png,png,1b02dd7b09217cd3ecd04f14645946dc6c19afaa78a9cbac99618a643c134175,train,20260703,mnist-sampling-v1,20031,gold_candidate,develop_policy
train_01864,mnist,9,9,data/images/mnist-classification/source-datasets/mnist/9/f20129.png,f20129.png,png,6dedfb47be3db674de276969ae9df7715baf1dd7b3f83a5475f56554f3c7d5b2,train,20260703,mnist-sampling-v1,20129,gold_candidate,develop_policy
train_01865,mnist,9,9,data/images/mnist-classification/source-datasets/mnist/9/f20345.png,f20345.png,png,925b345fac0d68e1846fbd89510b744d3bb6ba949d94511c9505647d734d718e,train,20260703,mnist-sampling-v1,20345,gold_candidate,develop_policy
train_01866,mnist,9,9,data/images/mnist-classification/source-datasets/mnist/9/f20644.png,f20644.png,png,bd6c5bd48efcd14f2899dc93f23579d08294cb1e54f9c55aaa17cba54f45f568,train,20260703,mnist-sampling-v1,20644,gold_candidate,develop_policy
train_01867,mnist,9,9,data/images/mnist-classification/source-datasets/mnist/9/f20689.png,f20689.png,png,f5d3205cc85dd3733dd9b3f959201392383ee3bbe188cfaf99df35f580457a5b,train,20260703,mnist-sampling-v1,20689,gold_candidate,develop_policy
train_01868,mnist,9,9,data/images/mnist-classification/source-datasets/mnist/9/f20792.png,f20792.png,png,a221e50fb407e15a7e260907af0ed7c6626abd1075905b32e9200cd532e82340,train,20260703,mnist-sampling-v1,20792,gold_candidate,develop_policy
train_01869,mnist,9,9,data/images/mnist-classification/source-datasets/mnist/9/f20825.png,f20825.png,png,7b51eea7206308342e2eb713e1ab7386f23633bc074ee673bb26b943f0d76b55,train,20260703,mnist-sampling-v1,20825,gold_candidate,develop_policy
train_01870,mnist,9,9,data/images/mnist-classification/source-datasets/mnist/9/f20879.png,f20879.png,png,f1c17856b766c8d7a47f27118d538e828d118837cac9fb5ae8667be97a1105a0,train,20260703,mnist-sampling-v1,20879,gold_candidate,develop_policy
train_01871,mnist,9,9,data/images/mnist-classification/source-datasets/mnist/9/f21510.png,f21510.png,png,63f2ec1cc9d2921ee6b3ce2d28e318c4587c9240ac4d7169d685626b8f519c91,train,20260703,mnist-sampling-v1,21510,gold_candidate,develop_policy
train_01872,mnist,9,9,data/images/mnist-classification/source-datasets/mnist/9/f21540.png,f21540.png,png,7ebf8cb2d613727f02dbdb92ecbc5c816aa383c1d1d48c889706340331fbc41f,train,20260703,mnist-sampling-v1,21540,gold_candidate,develop_policy
train_01873,mnist,9,9,data/images/mnist-classification/source-datasets/mnist/9/f21591.png,f21591.png,png,6675feca2286dea662ee5233b1308971cd5fefd83530fd32963e7220d014e936,train,20260703,mnist-sampling-v1,21591,gold_candidate,develop_policy
train_01874,mnist,9,9,data/images/mnist-classification/source-datasets/mnist/9/f22080.png,f22080.png,png,f4e3c396fc43f612a386b916165fcd889f66cd4b092dd17be224462cd0819a37,train,20260703,mnist-sampling-v1,22080,gold_candidate,develop_policy
train_01875,mnist,9,9,data/images/mnist-classification/source-datasets/mnist/9/f22148.png,f22148.png,png,b79935b690240ce95991ada601b10213ebc287c88c4009bb315c71b75749e335,train,20260703,mnist-sampling-v1,22148,gold_candidate,develop_policy
train_01876,mnist,9,9,data/images/mnist-classification/source-datasets/mnist/9/f22312.png,f22312.png,png,640b5d5f9be2cb63129b56bbadc30b41212370ecd36ea9778d68580374b85f5f,train,20260703,mnist-sampling-v1,22312,gold_candidate,develop_policy
train_01877,mnist,9,9,data/images/mnist-classification/source-datasets/mnist/9/f22390.png,f22390.png,png,b6b47ddcca00c704130bd42a6577a73511f075d82a74ad37b79ee549adf3486c,train,20260703,mnist-sampling-v1,22390,gold_candidate,develop_policy
train_01878,mnist,9,9,data/images/mnist-classification/source-datasets/mnist/9/f22485.png,f22485.png,png,ef05f437b62b2de4d23ad99b60970f564375a04bf58bc087563eff18a93414cb,train,20260703,mnist-sampling-v1,22485,gold_candidate,develop_policy
train_01879,mnist,9,9,data/images/mnist-classification/source-datasets/mnist/9/f22597.png,f22597.png,png,0d1fb3d2c7d0a31cd3f8611ae39ac60ab0d6d8b1f30989999e1da95d14424681,train,20260703,mnist-sampling-v1,22597,gold_candidate,develop_policy
train_01880,mnist,9,9,data/images/mnist-classification/source-datasets/mnist/9/f22947.png,f22947.png,png,f831b5d92fbb3f6712f20d424d8d3ee51b5bb52c979176e3eb342de744372d80,train,20260703,mnist-sampling-v1,22947,gold_candidate,develop_policy
train_01881,mnist,9,9,data/images/mnist-classification/source-datasets/mnist/9/f23027.png,f23027.png,png,5d6492c6d75f69036c455d9900330bd72ecb849b23adc7ec065f7a92ef76eb45,train,20260703,mnist-sampling-v1,23027,gold_candidate,develop_policy
train_01882,mnist,9,9,data/images/mnist-classification/source-datasets/mnist/9/f23349.png,f23349.png,png,f8b9d04cbc55b8ff9be11134c7d5c13c2e07fe85df91cb48292dca16e947b5f7,train,20260703,mnist-sampling-v1,23349,gold_candidate,develop_policy
train_01883,mnist,9,9,data/images/mnist-classification/source-datasets/mnist/9/f24596.png,f24596.png,png,cab8f57f92d289de525d5702647d24cd271072b9a342646beb4e45f210ef84d8,train,20260703,mnist-sampling-v1,24596,gold_candidate,develop_policy
train_01884,mnist,9,9,data/images/mnist-classification/source-datasets/mnist/9/f25063.png,f25063.png,png,6bff0e44e3a628a68431439be2b0e28838537b8a011a84c99511f66815daa605,train,20260703,mnist-sampling-v1,25063,gold_candidate,develop_policy
train_01885,mnist,9,9,data/images/mnist-classification/source-datasets/mnist/9/f25280.png,f25280.png,png,2221ad728934781d1c5d8d122e92b3959396e5be283dfc1b267eac8f7b1d0ac4,train,20260703,mnist-sampling-v1,25280,gold_candidate,develop_policy
train_01886,mnist,9,9,data/images/mnist-classification/source-datasets/mnist/9/f25323.png,f25323.png,png,054d1ca71dc3fda69105c477d1577915dca169113f15eda933aa1e4531fd37a8,train,20260703,mnist-sampling-v1,25323,gold_candidate,develop_policy
train_01887,mnist,9,9,data/images/mnist-classification/source-datasets/mnist/9/f25633.png,f25633.png,png,e845238e6cba6b08383172dc98da472452d8375670fe4698b24206e05d606848,train,20260703,mnist-sampling-v1,25633,gold_candidate,develop_policy
train_01888,mnist,9,9,data/images/mnist-classification/source-datasets/mnist/9/f26005.png,f26005.png,png,71200071d68dfe55da0a947020b695dacc830ef1d181c82a8fab3d78a2fbf0dd,train,20260703,mnist-sampling-v1,26005,gold_candidate,develop_policy
train_01889,mnist,9,9,data/images/mnist-classification/source-datasets/mnist/9/f26254.png,f26254.png,png,3ec87059c9fd2cb69aee6581d22e2d123abfb0bb4832f6c844860276e5654993,train,20260703,mnist-sampling-v1,26254,gold_candidate,develop_policy
train_01890,mnist,9,9,data/images/mnist-classification/source-datasets/mnist/9/f27174.png,f27174.png,png,bf9378a55f44ce60c4b5fcd6e4a528186d2c71fd2e45360cee4970d08c7b9373,train,20260703,mnist-sampling-v1,27174,gold_candidate,develop_policy
train_01891,mnist,9,9,data/images/mnist-classification/source-datasets/mnist/9/f27601.png,f27601.png,png,04bd463b31c63953794ecdab44e1a7a1645b55b6c1db976b6f189d7f7d7d9a49,train,20260703,mnist-sampling-v1,27601,gold_candidate,develop_policy
train_01892,mnist,9,9,data/images/mnist-classification/source-datasets/mnist/9/f27692.png,f27692.png,png,b21488df570bc6821bb293575f55c891d12481d8009eee8c429b8c214a4c9777,train,20260703,mnist-sampling-v1,27692,gold_candidate,develop_policy
train_01893,mnist,9,9,data/images/mnist-classification/source-datasets/mnist/9/f27953.png,f27953.png,png,a8189e5b7f3bf9a5b954a031de05a32ed3f6754e31dfdf9992631cfed7bbe16c,train,20260703,mnist-sampling-v1,27953,gold_candidate,develop_policy
train_01894,mnist,9,9,data/images/mnist-classification/source-datasets/mnist/9/f28722.png,f28722.png,png,a01dd6a6948883d956b0452039a90a32b30e63b68381571929d52c8c4b1ca4ae,train,20260703,mnist-sampling-v1,28722,gold_candidate,develop_policy
train_01895,mnist,9,9,data/images/mnist-classification/source-datasets/mnist/9/f29110.png,f29110.png,png,6a09a98d25a1184cbd2cf4291899f20b37a0cb851706ffcbb51a96303cba500c,train,20260703,mnist-sampling-v1,29110,gold_candidate,develop_policy
train_01896,mnist,9,9,data/images/mnist-classification/source-datasets/mnist/9/f29180.png,f29180.png,png,c897b630375b0ea4d7b37a16b0454b3765e3448ce9dba6addd3f15ad6b9145cb,train,20260703,mnist-sampling-v1,29180,gold_candidate,develop_policy
train_01897,mnist,9,9,data/images/mnist-classification/source-datasets/mnist/9/f29286.png,f29286.png,png,f40e11acadca2be7454d1eddd653ba228c185c71b6664c65a63e43b7207668aa,train,20260703,mnist-sampling-v1,29286,gold_candidate,develop_policy
train_01898,mnist,9,9,data/images/mnist-classification/source-datasets/mnist/9/f29513.png,f29513.png,png,4b3e0b2b08df25565485b047d0628fe65983ba3ed293f1c8c1a3bb0d96890514,train,20260703,mnist-sampling-v1,29513,gold_candidate,develop_policy
train_01899,mnist,9,9,data/images/mnist-classification/source-datasets/mnist/9/f29710.png,f29710.png,png,dc0ce22a4661de7d9018986c9ba0f6c3ef9a37045216f90328b8725d8b993d9c,train,20260703,mnist-sampling-v1,29710,gold_candidate,develop_policy
train_01900,mnist,9,9,data/images/mnist-classification/source-datasets/mnist/9/f30385.png,f30385.png,png,7510b11cc96313339fb54dc286caad4d6e2daa24af82b601961f1ed459e08f91,train,20260703,mnist-sampling-v1,30385,gold_candidate,develop_policy
train_01901,mnist,9,9,data/images/mnist-classification/source-datasets/mnist/9/f31405.png,f31405.png,png,c9638fca11b273e5e77c28e2645f5bca276fb5cb1bb8ff597a0c1dddee3c12fa,train,20260703,mnist-sampling-v1,31405,gold_candidate,develop_policy
train_01902,mnist,9,9,data/images/mnist-classification/source-datasets/mnist/9/f32149.png,f32149.png,png,e12f6af35743810fe92e315394d25f535a613ed7a83d098111427eebb29bdbb4,train,20260703,mnist-sampling-v1,32149,gold_candidate,develop_policy
train_01903,mnist,9,9,data/images/mnist-classification/source-datasets/mnist/9/f32311.png,f32311.png,png,ab686a52d631d8fa7126021bf2384226b5f602ce7b4dd0dce3baab37bb4074bf,train,20260703,mnist-sampling-v1,32311,gold_candidate,develop_policy
train_01904,mnist,9,9,data/images/mnist-classification/source-datasets/mnist/9/f32668.png,f32668.png,png,4df1ba178a79bc37b1328c7abbda2bb502538d57acccb31ae8c1d2ead2b67dfe,train,20260703,mnist-sampling-v1,32668,gold_candidate,develop_policy
train_01905,mnist,9,9,data/images/mnist-classification/source-datasets/mnist/9/f32857.png,f32857.png,png,5b47f3cad2b8c19ff196d79b0f12926dd56bd48a257909f4fb84bbb84acdb4f7,train,20260703,mnist-sampling-v1,32857,gold_candidate,develop_policy
train_01906,mnist,9,9,data/images/mnist-classification/source-datasets/mnist/9/f32910.png,f32910.png,png,970edcf66155550885165425f9c463d9c73a50faaa8f29cf5e6e7a52f1b01eb6,train,20260703,mnist-sampling-v1,32910,gold_candidate,develop_policy
train_01907,mnist,9,9,data/images/mnist-classification/source-datasets/mnist/9/f33236.png,f33236.png,png,780d964e5b18cb1e1420a8bec41ac74fd51d37d0e9edaca3755c49a7123e0226,train,20260703,mnist-sampling-v1,33236,gold_candidate,develop_policy
train_01908,mnist,9,9,data/images/mnist-classification/source-datasets/mnist/9/f33308.png,f33308.png,png,850ebad6d7cb6fc7a77841e4b2a3fd07d46a3aa0ba4102b34865c919436b65d0,train,20260703,mnist-sampling-v1,33308,gold_candidate,develop_policy
train_01909,mnist,9,9,data/images/mnist-classification/source-datasets/mnist/9/f33764.png,f33764.png,png,5a07c2e58abf36156fef5a044644f8714ce9151904b11ddaaa92ce97478eb077,train,20260703,mnist-sampling-v1,33764,gold_candidate,develop_policy
train_01910,mnist,9,9,data/images/mnist-classification/source-datasets/mnist/9/f33860.png,f33860.png,png,5cb5bbb62b12fd585739cc9074f49d824ab9ab3d9d368167951dfb3e918b2ea0,train,20260703,mnist-sampling-v1,33860,gold_candidate,develop_policy
train_01911,mnist,9,9,data/images/mnist-classification/source-datasets/mnist/9/f34044.png,f34044.png,png,a81bbd7f4853c70f9034e6e62c848fe06db79ad632747fab770b2a4a1bbc0dd1,train,20260703,mnist-sampling-v1,34044,gold_candidate,develop_policy
train_01912,mnist,9,9,data/images/mnist-classification/source-datasets/mnist/9/f34176.png,f34176.png,png,481dbba9eaae53de378bd3a19b57f37aec0b2d9deaeb25e1c05e80478a785e26,train,20260703,mnist-sampling-v1,34176,gold_candidate,develop_policy
train_01913,mnist,9,9,data/images/mnist-classification/source-datasets/mnist/9/f34280.png,f34280.png,png,ef7ae9d10d85b6ddc322a3fa01a389a3617e05f20527d8736078f53ad07d91ed,train,20260703,mnist-sampling-v1,34280,gold_candidate,develop_policy
train_01914,mnist,9,9,data/images/mnist-classification/source-datasets/mnist/9/f34306.png,f34306.png,png,442cb521a57f4954b8d0946b9590319d9d38dbf84613f92860a3f92403ce86e4,train,20260703,mnist-sampling-v1,34306,gold_candidate,develop_policy
train_01915,mnist,9,9,data/images/mnist-classification/source-datasets/mnist/9/f34420.png,f34420.png,png,dee153167efaa223de9a3a604b812e205e47e581cf4614863d5eaf2a8de52fef,train,20260703,mnist-sampling-v1,34420,gold_candidate,develop_policy
train_01916,mnist,9,9,data/images/mnist-classification/source-datasets/mnist/9/f34504.png,f34504.png,png,48047c9ccbd0e4129aeeb5a048e397db1078ac2e817cece10305aed562793d6c,train,20260703,mnist-sampling-v1,34504,gold_candidate,develop_policy
train_01917,mnist,9,9,data/images/mnist-classification/source-datasets/mnist/9/f34822.png,f34822.png,png,02cc7da3135cf333553fdb11145ec05fc12ae12a10e51f63b4b9ab3ad0e7aa27,train,20260703,mnist-sampling-v1,34822,gold_candidate,develop_policy
train_01918,mnist,9,9,data/images/mnist-classification/source-datasets/mnist/9/f34885.png,f34885.png,png,cd80edab4a443bb3c7872b8a8921ab066a9c221512274af42f0c5a582e245c40,train,20260703,mnist-sampling-v1,34885,gold_candidate,develop_policy
train_01919,mnist,9,9,data/images/mnist-classification/source-datasets/mnist/9/f35160.png,f35160.png,png,31664312a47c2de8485e51f41a45440a4b23bdf5a5de04ee08d6be87a2d15487,train,20260703,mnist-sampling-v1,35160,gold_candidate,develop_policy
train_01920,mnist,9,9,data/images/mnist-classification/source-datasets/mnist/9/f35441.png,f35441.png,png,05697679394df6d146659bf94076f5311aa7c4a588086b5b9bcb72561d444c3b,train,20260703,mnist-sampling-v1,35441,gold_candidate,develop_policy
train_01921,mnist,9,9,data/images/mnist-classification/source-datasets/mnist/9/f35647.png,f35647.png,png,9452b910c546bca63711a984927d4d0640d0e7f97d78bd49edb51920ebb747b8,train,20260703,mnist-sampling-v1,35647,gold_candidate,develop_policy
train_01922,mnist,9,9,data/images/mnist-classification/source-datasets/mnist/9/f35724.png,f35724.png,png,eb5ea0f2ab2982ba19b61cc94b1d5cc9fd38ed126fd3f2e9783dbf9d70548274,train,20260703,mnist-sampling-v1,35724,gold_candidate,develop_policy
train_01923,mnist,9,9,data/images/mnist-classification/source-datasets/mnist/9/f36161.png,f36161.png,png,2398a775440649126b65ed28d7ad57335cd0c2c252379839c37b0d981f361eab,train,20260703,mnist-sampling-v1,36161,gold_candidate,develop_policy
train_01924,mnist,9,9,data/images/mnist-classification/source-datasets/mnist/9/f36172.png,f36172.png,png,38a8db8eaf78a994ff955cb4ccc03146d9f72dc8ceba5a92ae8f4e66e24e2c0c,train,20260703,mnist-sampling-v1,36172,gold_candidate,develop_policy
train_01925,mnist,9,9,data/images/mnist-classification/source-datasets/mnist/9/f36282.png,f36282.png,png,9516c2e3778f13d4acdcc63adef97c53bcfe3782ad85c406d62e874aec32e02c,train,20260703,mnist-sampling-v1,36282,gold_candidate,develop_policy
train_01926,mnist,9,9,data/images/mnist-classification/source-datasets/mnist/9/f36319.png,f36319.png,png,42cd142a9fb98c8420c0a2f34011dd88dcb9af266c41d3ec6ffb58f281e691e6,train,20260703,mnist-sampling-v1,36319,gold_candidate,develop_policy
train_01927,mnist,9,9,data/images/mnist-classification/source-datasets/mnist/9/f36438.png,f36438.png,png,478d3ed93d8d1295d46d7f517aa2e34920b71465dfff41a94558b6a89d6f86e1,train,20260703,mnist-sampling-v1,36438,gold_candidate,develop_policy
train_01928,mnist,9,9,data/images/mnist-classification/source-datasets/mnist/9/f36779.png,f36779.png,png,133aa8bc0a987fe9996e9bad1e40fe6cc97f9905fc22b2ecebf66bd103620dfc,train,20260703,mnist-sampling-v1,36779,gold_candidate,develop_policy
train_01929,mnist,9,9,data/images/mnist-classification/source-datasets/mnist/9/f36827.png,f36827.png,png,859abc8c5bcec0a34f594e46ddf42f9c75b479af1f0639b3cbced75cfde34e84,train,20260703,mnist-sampling-v1,36827,gold_candidate,develop_policy
train_01930,mnist,9,9,data/images/mnist-classification/source-datasets/mnist/9/f36922.png,f36922.png,png,1dfef7ca106fad995dd3c21c71a194a8b7dfc6c60528e51715072be47b2b58e4,train,20260703,mnist-sampling-v1,36922,gold_candidate,develop_policy
train_01931,mnist,9,9,data/images/mnist-classification/source-datasets/mnist/9/f37136.png,f37136.png,png,31cdc2b596fec7858893a9b91a9d6f0f66b471331d2527079697f48f2418398b,train,20260703,mnist-sampling-v1,37136,gold_candidate,develop_policy
train_01932,mnist,9,9,data/images/mnist-classification/source-datasets/mnist/9/f37575.png,f37575.png,png,91fa5bf703b5ae2b0aed463980fe342bddc43d4d770ebfc4b253bbaa8d7cdcb7,train,20260703,mnist-sampling-v1,37575,gold_candidate,develop_policy
train_01933,mnist,9,9,data/images/mnist-classification/source-datasets/mnist/9/f37932.png,f37932.png,png,bf7cc6d5bc9ad229d4fc03492c9591210c8f9ea648dba39a56e26bd6ebe929dd,train,20260703,mnist-sampling-v1,37932,gold_candidate,develop_policy
train_01934,mnist,9,9,data/images/mnist-classification/source-datasets/mnist/9/f38760.png,f38760.png,png,a1460972cfc59770dd26644249fbc8016bbe89be0af5ece1f42c78f0435a9ce9,train,20260703,mnist-sampling-v1,38760,gold_candidate,develop_policy
train_01935,mnist,9,9,data/images/mnist-classification/source-datasets/mnist/9/f38910.png,f38910.png,png,53589c7248fe09cbdbe2de5055715bf7a459d042802686533cb166439852593e,train,20260703,mnist-sampling-v1,38910,gold_candidate,develop_policy
train_01936,mnist,9,9,data/images/mnist-classification/source-datasets/mnist/9/f38930.png,f38930.png,png,8f47a1f4fdf715905aad503ac229d20eecf66d024ff24db922e09ed4e465b7d1,train,20260703,mnist-sampling-v1,38930,gold_candidate,develop_policy
train_01937,mnist,9,9,data/images/mnist-classification/source-datasets/mnist/9/f39418.png,f39418.png,png,e3f77b9a288d999ffe571828429327c6b1bff5eb9cf0e8a13c2d5ff7569493c5,train,20260703,mnist-sampling-v1,39418,gold_candidate,develop_policy
train_01938,mnist,9,9,data/images/mnist-classification/source-datasets/mnist/9/f39787.png,f39787.png,png,9817f53883a047af556bb7548beaabde34d1914877288df980e66ee2f0d573c9,train,20260703,mnist-sampling-v1,39787,gold_candidate,develop_policy
train_01939,mnist,9,9,data/images/mnist-classification/source-datasets/mnist/9/f40508.png,f40508.png,png,783e2ae37a27751ada363bf6be4ed37cab84ff88ed15925317518df1f796cb31,train,20260703,mnist-sampling-v1,40508,gold_candidate,develop_policy
train_01940,mnist,9,9,data/images/mnist-classification/source-datasets/mnist/9/f40799.png,f40799.png,png,2a41da2af2a49f550c26099b11205adffaefaa34546075e66bc0cdbd61d967ce,train,20260703,mnist-sampling-v1,40799,gold_candidate,develop_policy
train_01941,mnist,9,9,data/images/mnist-classification/source-datasets/mnist/9/f40804.png,f40804.png,png,31e393f1b4520b495d08c676f65230edfe547b6efb8eab6f60621a2e73996e87,train,20260703,mnist-sampling-v1,40804,gold_candidate,develop_policy
train_01942,mnist,9,9,data/images/mnist-classification/source-datasets/mnist/9/f41787.png,f41787.png,png,6b0eca31c44eb1e0e5f36042fe5d165d8775d9aac652e7020bfba176e897d692,train,20260703,mnist-sampling-v1,41787,gold_candidate,develop_policy
train_01943,mnist,9,9,data/images/mnist-classification/source-datasets/mnist/9/f41813.png,f41813.png,png,900e42a7f0bda33449cfa0ea37c37b5fc38e26c8fd8960debd193cab5db63155,train,20260703,mnist-sampling-v1,41813,gold_candidate,develop_policy
train_01944,mnist,9,9,data/images/mnist-classification/source-datasets/mnist/9/f42192.png,f42192.png,png,d836693037b60afa85f54f9fdd05246c1b8d2455dbfe7140e3e1b549d550a36b,train,20260703,mnist-sampling-v1,42192,gold_candidate,develop_policy
train_01945,mnist,9,9,data/images/mnist-classification/source-datasets/mnist/9/f42214.png,f42214.png,png,7c2a71651e07b10cfc707542881300408a29ebc69bc2bd7905d8dc08e4cd0673,train,20260703,mnist-sampling-v1,42214,gold_candidate,develop_policy
train_01946,mnist,9,9,data/images/mnist-classification/source-datasets/mnist/9/f43028.png,f43028.png,png,1d23c2f0856359960ad046dc2d9b95b47174c28d63ee03113b3568286764ab58,train,20260703,mnist-sampling-v1,43028,gold_candidate,develop_policy
train_01947,mnist,9,9,data/images/mnist-classification/source-datasets/mnist/9/f43158.png,f43158.png,png,97507f5a546a3121397a6f23f965a9efaccb1acc4994dd31d689108ae725d41e,train,20260703,mnist-sampling-v1,43158,gold_candidate,develop_policy
train_01948,mnist,9,9,data/images/mnist-classification/source-datasets/mnist/9/f43253.png,f43253.png,png,b9b970aa0b0820822366c00f018f5f6ee83b92da09db24b5c12d24980e23dfe8,train,20260703,mnist-sampling-v1,43253,gold_candidate,develop_policy
train_01949,mnist,9,9,data/images/mnist-classification/source-datasets/mnist/9/f44016.png,f44016.png,png,b4ea4e44f18e8583225918ffe39b8aa805cfa05644ee1c75904b8541b6e6fa8b,train,20260703,mnist-sampling-v1,44016,gold_candidate,develop_policy
train_01950,mnist,9,9,data/images/mnist-classification/source-datasets/mnist/9/f44403.png,f44403.png,png,d4921a26dda7f4c825d02f791dd95a455f131bddc1fbb15a631614307d33ef02,train,20260703,mnist-sampling-v1,44403,gold_candidate,develop_policy
train_01951,mnist,9,9,data/images/mnist-classification/source-datasets/mnist/9/f44973.png,f44973.png,png,a7c42d42b01b45fce9d6b417461b7d10d00ac7ad86849aaf781432cb6335176a,train,20260703,mnist-sampling-v1,44973,gold_candidate,develop_policy
train_01952,mnist,9,9,data/images/mnist-classification/source-datasets/mnist/9/f45605.png,f45605.png,png,be140400fd832924211719935a297451c8ed15c166f0a5491c85e5f4f911aaca,train,20260703,mnist-sampling-v1,45605,gold_candidate,develop_policy
train_01953,mnist,9,9,data/images/mnist-classification/source-datasets/mnist/9/f46889.png,f46889.png,png,0ef7763b4244ad02baf1ed2053d4d7b924550ed3e461238b05003015e7295880,train,20260703,mnist-sampling-v1,46889,gold_candidate,develop_policy
train_01954,mnist,9,9,data/images/mnist-classification/source-datasets/mnist/9/f47899.png,f47899.png,png,593d56eb7813706db3ba413f03cd2498abe6a7170056b9c07f497255a36bb2e6,train,20260703,mnist-sampling-v1,47899,gold_candidate,develop_policy
train_01955,mnist,9,9,data/images/mnist-classification/source-datasets/mnist/9/f48272.png,f48272.png,png,4edd17b7f0e5aec3a20fea3e5e2facfa49c60fe739ff599daa1c5a9f39940bb8,train,20260703,mnist-sampling-v1,48272,gold_candidate,develop_policy
train_01956,mnist,9,9,data/images/mnist-classification/source-datasets/mnist/9/f48504.png,f48504.png,png,9784a15c08f6593dea7a89c5fec4f7a44171a38360522bdd0bd1c61141f621a6,train,20260703,mnist-sampling-v1,48504,gold_candidate,develop_policy
train_01957,mnist,9,9,data/images/mnist-classification/source-datasets/mnist/9/f49213.png,f49213.png,png,56f03b192ebbeeca3a5cf1ec9c4ca648948a8940917508f8654ca6a5594f286a,train,20260703,mnist-sampling-v1,49213,gold_candidate,develop_policy
train_01958,mnist,9,9,data/images/mnist-classification/source-datasets/mnist/9/f49740.png,f49740.png,png,1aa97febf6d1a4e9a89e9587377b4e8b148548fc100d32365686893c9ce91d4f,train,20260703,mnist-sampling-v1,49740,gold_candidate,develop_policy
train_01959,mnist,9,9,data/images/mnist-classification/source-datasets/mnist/9/f49836.png,f49836.png,png,249c147ac8eaa0879f8e0034c0f0b8758175c0f07d30686342cda595eb3dc43a,train,20260703,mnist-sampling-v1,49836,gold_candidate,develop_policy
train_01960,mnist,9,9,data/images/mnist-classification/source-datasets/mnist/9/f50408.png,f50408.png,png,cf072a36458506eebeee3b6963c3af1b1a7c89daf716e6f565e9c4f0c820f3f5,train,20260703,mnist-sampling-v1,50408,gold_candidate,develop_policy
train_01961,mnist,9,9,data/images/mnist-classification/source-datasets/mnist/9/f50436.png,f50436.png,png,fc8f79ae59c99c0d12b6df030ec32c0bd68efa9996a64f45395fafa8d4d17591,train,20260703,mnist-sampling-v1,50436,gold_candidate,develop_policy
train_01962,mnist,9,9,data/images/mnist-classification/source-datasets/mnist/9/f50845.png,f50845.png,png,cefb8ac2e04ea61df5467c75edf913ff448f9f40baa40ce8aff15697ee846947,train,20260703,mnist-sampling-v1,50845,gold_candidate,develop_policy
train_01963,mnist,9,9,data/images/mnist-classification/source-datasets/mnist/9/f51209.png,f51209.png,png,934d6012554eadde8f754abe4d7a711e8a095506516d2a7485e720c3bb812495,train,20260703,mnist-sampling-v1,51209,gold_candidate,develop_policy
train_01964,mnist,9,9,data/images/mnist-classification/source-datasets/mnist/9/f51442.png,f51442.png,png,c3a8dbfdef4720a5678299990060076e2c9221a919507d9d09026a45dbc68a7d,train,20260703,mnist-sampling-v1,51442,gold_candidate,develop_policy
train_01965,mnist,9,9,data/images/mnist-classification/source-datasets/mnist/9/f52341.png,f52341.png,png,14e684534912e8c9835458fb14165f9aa0650a3ac4661383b0968a717e7075b0,train,20260703,mnist-sampling-v1,52341,gold_candidate,develop_policy
train_01966,mnist,9,9,data/images/mnist-classification/source-datasets/mnist/9/f52356.png,f52356.png,png,16ee998ba2cf4d4d399b85164602a4b9e81a078d8616b79d06ca179589f92917,train,20260703,mnist-sampling-v1,52356,gold_candidate,develop_policy
train_01967,mnist,9,9,data/images/mnist-classification/source-datasets/mnist/9/f52570.png,f52570.png,png,a19adc8a12f4ed0ed6ded014df6d17c3e06a34963987fd042c10c3c52573a476,train,20260703,mnist-sampling-v1,52570,gold_candidate,develop_policy
train_01968,mnist,9,9,data/images/mnist-classification/source-datasets/mnist/9/f52638.png,f52638.png,png,779aa69c3ae692a87ddf96f99a26812972498fb423e284e6f88998b07a12d245,train,20260703,mnist-sampling-v1,52638,gold_candidate,develop_policy
train_01969,mnist,9,9,data/images/mnist-classification/source-datasets/mnist/9/f52709.png,f52709.png,png,f958a80da1b2e3c65e9df8a0801d9bf0e6761ef80493755509f9162e0ec6b18b,train,20260703,mnist-sampling-v1,52709,gold_candidate,develop_policy
train_01970,mnist,9,9,data/images/mnist-classification/source-datasets/mnist/9/f52805.png,f52805.png,png,b4d0055920522dc5e44e30424e61141665bb6d95e94e69a6cac6d435a2375b3d,train,20260703,mnist-sampling-v1,52805,gold_candidate,develop_policy
train_01971,mnist,9,9,data/images/mnist-classification/source-datasets/mnist/9/f53055.png,f53055.png,png,0bb7fdcadf6681675512811279a1f143023a7fde6397c10a5f348bbc574649ab,train,20260703,mnist-sampling-v1,53055,gold_candidate,develop_policy
train_01972,mnist,9,9,data/images/mnist-classification/source-datasets/mnist/9/f53505.png,f53505.png,png,83c9121ee4f0b69a7f9e5aef6a76a839d71c026366c20961546b407b8b2fd1bd,train,20260703,mnist-sampling-v1,53505,gold_candidate,develop_policy
train_01973,mnist,9,9,data/images/mnist-classification/source-datasets/mnist/9/f53784.png,f53784.png,png,69348b6892385acee67d69f37f3e20289fd829fdd5ff757c905326d18e522468,train,20260703,mnist-sampling-v1,53784,gold_candidate,develop_policy
train_01974,mnist,9,9,data/images/mnist-classification/source-datasets/mnist/9/f53847.png,f53847.png,png,509782900941f692374205b0ae21648cf43f0a5d48770d105d3d141701899589,train,20260703,mnist-sampling-v1,53847,gold_candidate,develop_policy
train_01975,mnist,9,9,data/images/mnist-classification/source-datasets/mnist/9/f53868.png,f53868.png,png,f1fc2ab9b30451079b6855a92a822e1afddf4d3de08cde941953eb87f985806b,train,20260703,mnist-sampling-v1,53868,gold_candidate,develop_policy
train_01976,mnist,9,9,data/images/mnist-classification/source-datasets/mnist/9/f53948.png,f53948.png,png,696453d19c465c8780f8ffb25f67805e5849044673ee9afcc774ed12bc813b95,train,20260703,mnist-sampling-v1,53948,gold_candidate,develop_policy
train_01977,mnist,9,9,data/images/mnist-classification/source-datasets/mnist/9/f54520.png,f54520.png,png,31b3f4bc2ff7d0609d26e2fe4090ea43a8d5dca284726a91ce26bf74b90f8435,train,20260703,mnist-sampling-v1,54520,gold_candidate,develop_policy
train_01978,mnist,9,9,data/images/mnist-classification/source-datasets/mnist/9/f54584.png,f54584.png,png,0a49e4a6330944bd8f0c511f3d6094870b94537912426df2880b2c00af964267,train,20260703,mnist-sampling-v1,54584,gold_candidate,develop_policy
train_01979,mnist,9,9,data/images/mnist-classification/source-datasets/mnist/9/f54850.png,f54850.png,png,88b876b5f09ce7a76a8a0e507cb8d595c9cc97719df43732beb5d35d96469a9d,train,20260703,mnist-sampling-v1,54850,gold_candidate,develop_policy
train_01980,mnist,9,9,data/images/mnist-classification/source-datasets/mnist/9/f55126.png,f55126.png,png,cbdf781a5c3137bb71f783354ce917e94e4cc180397c6b1f15dc06d7f830e049,train,20260703,mnist-sampling-v1,55126,gold_candidate,develop_policy
train_01981,mnist,9,9,data/images/mnist-classification/source-datasets/mnist/9/f55441.png,f55441.png,png,c32f7056b2dbc4b13f09f7de9becb08bfefd1b21e0160162c4aa3301d4a075e7,train,20260703,mnist-sampling-v1,55441,gold_candidate,develop_policy
train_01982,mnist,9,9,data/images/mnist-classification/source-datasets/mnist/9/f55477.png,f55477.png,png,93c4f84de6cf2418640aa9773e8013c2e08505d4b60e6215db4545dbddf8aff4,train,20260703,mnist-sampling-v1,55477,gold_candidate,develop_policy
train_01983,mnist,9,9,data/images/mnist-classification/source-datasets/mnist/9/f55599.png,f55599.png,png,f6c90d4753ba6029bc5c9831181aee7edbe384f6b9a57f2daebf5d17fc864222,train,20260703,mnist-sampling-v1,55599,gold_candidate,develop_policy
train_01984,mnist,9,9,data/images/mnist-classification/source-datasets/mnist/9/f55702.png,f55702.png,png,2562d8eacdc2bd8e960bb427e940bb0ef31bc00f259f7e89357e665a6f4fde06,train,20260703,mnist-sampling-v1,55702,gold_candidate,develop_policy
train_01985,mnist,9,9,data/images/mnist-classification/source-datasets/mnist/9/f55834.png,f55834.png,png,161d66077dacd9de05244da1f779e8f3a10e29132d718d90a1651bf10c23c379,train,20260703,mnist-sampling-v1,55834,gold_candidate,develop_policy
train_01986,mnist,9,9,data/images/mnist-classification/source-datasets/mnist/9/f56348.png,f56348.png,png,cd1be0bcc1327fe3784e74811260b3ffa8ba6f731e8a521081efcc9d88ed3ca2,train,20260703,mnist-sampling-v1,56348,gold_candidate,develop_policy
train_01987,mnist,9,9,data/images/mnist-classification/source-datasets/mnist/9/f56733.png,f56733.png,png,9a1358bbcd666663e65505b4a1cdd34a77485b33662239d182bcf17dbd720db6,train,20260703,mnist-sampling-v1,56733,gold_candidate,develop_policy
train_01988,mnist,9,9,data/images/mnist-classification/source-datasets/mnist/9/f56839.png,f56839.png,png,6ca5c3d6bbd4371284a47ee6ff505e93a2481053642d7e06d11301181f256c25,train,20260703,mnist-sampling-v1,56839,gold_candidate,develop_policy
train_01989,mnist,9,9,data/images/mnist-classification/source-datasets/mnist/9/f57008.png,f57008.png,png,b03d556bb6c7d73e126fa15bea8cc4c065792544d676fbe61bf274f2e4a36fd6,train,20260703,mnist-sampling-v1,57008,gold_candidate,develop_policy
train_01990,mnist,9,9,data/images/mnist-classification/source-datasets/mnist/9/f57148.png,f57148.png,png,7e5ed56b1419deb7d6c88884394074061c53c603dd3a0e0bbee4f9d3646e724a,train,20260703,mnist-sampling-v1,57148,gold_candidate,develop_policy
train_01991,mnist,9,9,data/images/mnist-classification/source-datasets/mnist/9/f57476.png,f57476.png,png,1fb86f2f290edccfa16d1d669129510865f86414d873df93decf3a550e563896,train,20260703,mnist-sampling-v1,57476,gold_candidate,develop_policy
train_01992,mnist,9,9,data/images/mnist-classification/source-datasets/mnist/9/f57545.png,f57545.png,png,ce293f55995c41c4dd846380c61a751e4e5ff18cbefe900faf0c02c689d1dedf,train,20260703,mnist-sampling-v1,57545,gold_candidate,develop_policy
train_01993,mnist,9,9,data/images/mnist-classification/source-datasets/mnist/9/f58006.png,f58006.png,png,0bf4b125efa3d18e2e3f99ea9bc6e484362b4bfcb7125d65564b3231cd925aa7,train,20260703,mnist-sampling-v1,58006,gold_candidate,develop_policy
train_01994,mnist,9,9,data/images/mnist-classification/source-datasets/mnist/9/f58112.png,f58112.png,png,ab62370fb87cbfa99795e855eddbe2ab98d8ed45f497db542397f1665e020ea7,train,20260703,mnist-sampling-v1,58112,gold_candidate,develop_policy
train_01995,mnist,9,9,data/images/mnist-classification/source-datasets/mnist/9/f58159.png,f58159.png,png,8d250959dfe49446037ffa964c92861148e14cebe7bcb19da39be177c1315d0f,train,20260703,mnist-sampling-v1,58159,gold_candidate,develop_policy
train_01996,mnist,9,9,data/images/mnist-classification/source-datasets/mnist/9/f58222.png,f58222.png,png,a26c9170ca42966956a7618ddb727b2e25deab38091d96020f4fe41b395b24a5,train,20260703,mnist-sampling-v1,58222,gold_candidate,develop_policy
train_01997,mnist,9,9,data/images/mnist-classification/source-datasets/mnist/9/f58243.png,f58243.png,png,20240c25c0d5f347994d989ccb35e99f25ed0e60c9f74f966b10bb25591235e0,train,20260703,mnist-sampling-v1,58243,gold_candidate,develop_policy
train_01998,mnist,9,9,data/images/mnist-classification/source-datasets/mnist/9/f59258.png,f59258.png,png,875301dc5303e2a18ee454776bb4fd4d255006146775f218076f42496dc14b98,train,20260703,mnist-sampling-v1,59258,gold_candidate,develop_policy
train_01999,mnist,9,9,data/images/mnist-classification/source-datasets/mnist/9/f59741.png,f59741.png,png,9a8c1923ec985240feba552be80aa364f51855c29bba88fad501fef6a59772d1,train,20260703,mnist-sampling-v1,59741,gold_candidate,develop_policy
train_02000,mnist,9,9,data/images/mnist-classification/source-datasets/mnist/9/f59942.png,f59942.png,png,b65cefee6df72ffaf6d0175b6b3483fa6edcaf843cd973e5f2b69dfb0e57da5a,train,20260703,mnist-sampling-v1,59942,gold_candidate,develop_policy
